Workbook

Sheet 1ºT-12ª-EG-A-PAUTA
A1: INSTITUTO TÉCNICO PRIVADO DE SAÚDE JOMORAIS
B7: PAUTA DE APROVEITAMENTO ESCOLAR
C8: ÁREA DE FORMAÇÃO: SAÚDE
K9: 12ª CLASSE | O9: CURSO: ENFERMAGEM GERAL | AE9: PERÍODO: VESPERTINO
B10: O Director do Instituto | AE10: 1º TRIMESTRE | AL10: MF: | AM10: =SUM(AM12,AM11) -> 42 | AO10: 46003
B11: ________________________________________ | K11: TURMA: | M11: A | AL11: M | AM11: =COUNTIF(AS17:AS58,"M") -> 8
B12: GABRIEL PRÓSPERO MABIALA | AD12: ANO LECTIVO: 2025/2026 | AL12: F | AM12: =COUNTIF(AS17:AS58,"F") -> 34
B13: DATA______/______/2025
B14: Nº | C14: Nº PROC | D14: NOME | E14: DISCIPLINA A REPETIR | F14: S. Colect. | I14: S. Mental | L14: Epidemiol. | O14: F.A.E | R14: Urgência | U14: Nutrição | X14: AEPMC | AA14: T. Enfer. | AD14: A.E.S.M | AG14: P.T | AJ14: A.E.S.Ç | AM14: Gestão | AP14: OBS | AQ14: MÉDIA | AR14: Idade | AS14: Género | AT14: DADOS ESTATÍSTICOS
F15: FALTAS | H15: MT1º | I15: FALTAS | K15: MT1º | L15: FALTAS | N15: MT1º | O15: FALTAS | Q15: MT1º | R15: FALTAS | T15: MT1º | U15: FALTAS | W15: MT1º | X15: FALTAS | Z15: MT1º | AA15: FALTAS | AC15: MT1º | AD15: FALTAS | AF15: MT1º | AG15: FALTAS | AI15: MT1º | AJ15: FALTAS | AL15: MT1º | AM15: FALTAS | AO15: MT1º | AT15: MATRICULADOS | AV15: APROVADO/A | AX15: REPROVADO/A | AZ15: Desistido/a
F16: J | G16: I | I16: J | J16: I | L16: J | M16: I | O16: J | P16: I | R16: J | S16: I | U16: J | V16: I | X16: J | Y16: I | AA16: J | AB16: I | AD16: J | AE16: I | AG16: J | AH16: I | AJ16: J | AK16: I | AM16: J | AN16: I | AT16: M | AU16: F | AV16: M | AW16: F | AX16: M | AY16: F | AZ16: M | BA16: F
B17: 1 | C17: 2582 | D17: Alberto Filipe Massiala | H17: =SUM('12EG -A- S.COLECT.'!K10) -> 14.666667 | K17: =SUM('12EG -A- S. MENTAL'!K10) -> 7.6666667 | N17: =SUM('12EG -A- EPIDEMIOL.'!K10) -> 11 | Q17: =SUM('12EG-A- F.A.E'!K10) -> 1.6666667 | T17: =SUM('12EG -A- URGÊNCIA'!K10) -> 6.6666667 | W17: =SUM('12EG -A- N.D'!K10) -> 8.8333333 | Z17: =SUM('12EG -A- A.E.P.M.C'!K10) -> 9.3333333 | AC17: =SUM('12EG -A- TEC. ENFER'!K10) -> 3.6666667 | AF17: =SUM('12EG -A- A.E.S.M'!K10) -> 12 | AI17: =SUM('12EG -A- PROJ. TEC'!K10) -> 0 | AL17: =SUM('12EG -A- A.E.S.Ç'!K10) -> 12.666667 | AO17: =SUM('12EG -A- GESTÃO ENF.'!K10) -> 2.6666667 | AP17: N/TRANSITA | AQ17: =AVERAGE(H17:AO17) -> 7.5694444 | AR17: 17 | AS17: M | AT17: =COUNTIF(AS17:AS58,"M") -> 8 | AU17: =COUNTIF(AS17:AS58,"F") -> 34 | AV17: =COUNTIFS(AP17:AP58,"TRANSITA",AS17:AS58,"M") -> 1 | AW17: =COUNTIFS(AP17:AP58,"TRANSITA",AS17:AS58,"F") -> 18 | AX17: =COUNTIFS(AP17:AP58,"N/TRANSITA",AS17:AS58,"M") -> 7 | AY17: =COUNTIFS(AP17:AP58,"N/TRANSITA",AS17:AS58,"F") -> 16 | AZ17: =COUNTIFS(AP17:AP58,"Desistido",AS17:AS58,"M") -> 0 | BA17: =COUNTIFS(AP17:AP58,"Desistida",AS17:AS58,"F") -> 0
B18: 2 | C18: 2150 | D18: Aldina Marta Mavungo Cumbo | H18: =SUM('12EG -A- S.COLECT.'!K11) -> 19.666667 | K18: =SUM('12EG -A- S. MENTAL'!K11) -> 16 | N18: =SUM('12EG -A- EPIDEMIOL.'!K11) -> 13.666667 | Q18: =SUM('12EG-A- F.A.E'!K11) -> 10 | T18: =SUM('12EG -A- URGÊNCIA'!K11) -> 11.666667 | W18: =SUM('12EG -A- N.D'!K11) -> 15.333333 | Z18: =SUM('12EG -A- A.E.P.M.C'!K11) -> 14.833333 | AC18: =SUM('12EG -A- TEC. ENFER'!K11) -> 11 | AF18: =SUM('12EG -A- A.E.S.M'!K11) -> 12 | AI18: =SUM('12EG -A- PROJ. TEC'!K11) -> 15.333333 | AL18: =SUM('12EG -A- A.E.S.Ç'!K11) -> 16.666667 | AO18: =SUM('12EG -A- GESTÃO ENF.'!K11) -> 5.1666667 | AP18: N/TRANSITA | AQ18: =AVERAGE(H18:AO18) -> 13.444444 | AR18: 17 | AS18: F | AT18: =SUM(AT17:AU17) -> 42 | AV18: =SUM(AV17:AW17) -> 19 | AX18: =SUM(AX17:AY17) -> 23 | AZ18: =SUM(AZ17:BA17) -> 0
B19: 3 | C19: 1791 | D19: Alice Malonda Lubota Macaia | H19: =SUM('12EG -A- S.COLECT.'!K12) -> 18.5 | K19: =SUM('12EG -A- S. MENTAL'!K12) -> 15 | N19: =SUM('12EG -A- EPIDEMIOL.'!K12) -> 5.3333333 | Q19: =SUM('12EG-A- F.A.E'!K12) -> 12 | T19: =SUM('12EG -A- URGÊNCIA'!K12) -> 11 | W19: =SUM('12EG -A- N.D'!K12) -> 14.833333 | Z19: =SUM('12EG -A- A.E.P.M.C'!K12) -> 13.833333 | AC19: =SUM('12EG -A- TEC. ENFER'!K12) -> 11.5 | AF19: =SUM('12EG -A- A.E.S.M'!K12) -> 12 | AI19: =SUM('12EG -A- PROJ. TEC'!K12) -> 17.333333 | AL19: =SUM('12EG -A- A.E.S.Ç'!K12) -> 17.666667 | AO19: =SUM('12EG -A- GESTÃO ENF.'!K12) -> 5.5 | AP19: N/TRANSITA | AQ19: =AVERAGE(H19:AO19) -> 12.875 | AR19: 17 | AS19: F
B20: 4 | C20: 2623 | D20: Angelina Kambo Macosso | H20: =SUM('12EG -A- S.COLECT.'!K13) -> 19 | K20: =SUM('12EG -A- S. MENTAL'!K13) -> 14.5 | N20: =SUM('12EG -A- EPIDEMIOL.'!K13) -> 16 | Q20: =SUM('12EG-A- F.A.E'!K13) -> 12.666667 | T20: =SUM('12EG -A- URGÊNCIA'!K13) -> 13.5 | W20: =SUM('12EG -A- N.D'!K13) -> 17 | Z20: =SUM('12EG -A- A.E.P.M.C'!K13) -> 18 | AC20: =SUM('12EG -A- TEC. ENFER'!K13) -> 12.866667 | AF20: =SUM('12EG -A- A.E.S.M'!K13) -> 12 | AI20: =SUM('12EG -A- PROJ. TEC'!K13) -> 17.666667 | AL20: =SUM('12EG -A- A.E.S.Ç'!K13) -> 17.833333 | AO20: =SUM('12EG -A- GESTÃO ENF.'!K13) -> 10.5 | AP20: TRANSITA | AQ20: =AVERAGE(H20:AO20) -> 15.127778 | AR20: 17 | AS20: F
B21: 5 | C21: 1818 | D21: Belma Da C. Ngaca Bernardo | H21: =SUM('12EG -A- S.COLECT.'!K14) -> 19.666667 | K21: =SUM('12EG -A- S. MENTAL'!K14) -> 16.333333 | N21: =SUM('12EG -A- EPIDEMIOL.'!K14) -> 17.333333 | Q21: =SUM('12EG-A- F.A.E'!K14) -> 12 | T21: =SUM('12EG -A- URGÊNCIA'!K14) -> 16 | W21: =SUM('12EG -A- N.D'!K14) -> 18.833333 | Z21: =SUM('12EG -A- A.E.P.M.C'!K14) -> 19 | AC21: =SUM('12EG -A- TEC. ENFER'!K14) -> 16.2 | AF21: =SUM('12EG -A- A.E.S.M'!K14) -> 12 | AI21: =SUM('12EG -A- PROJ. TEC'!K14) -> 19.333333 | AL21: =SUM('12EG -A- A.E.S.Ç'!K14) -> 17.833333 | AO21: =SUM('12EG -A- GESTÃO ENF.'!K14) -> 12.666667 | AP21: TRANSITA | AQ21: =AVERAGE(H21:AO21) -> 16.433333 | AR21: 18 | AS21: F
B22: 6 | C22: 1974 | D22: Carolina Teresa Joana Chingui | H22: =SUM('12EG -A- S.COLECT.'!K15) -> 14.5 | K22: =SUM('12EG -A- S. MENTAL'!K15) -> 14.333333 | N22: =SUM('12EG -A- EPIDEMIOL.'!K15) -> 14.666667 | Q22: =SUM('12EG-A- F.A.E'!K15) -> 2.6666667 | T22: =SUM('12EG -A- URGÊNCIA'!K15) -> 8.6666667 | W22: =SUM('12EG -A- N.D'!K15) -> 0 | Z22: =SUM('12EG -A- A.E.P.M.C'!K15) -> 0 | AC22: =SUM('12EG -A- TEC. ENFER'!K15) -> 11.2 | AF22: =SUM('12EG -A- A.E.S.M'!K15) -> 12 | AI22: =SUM('12EG -A- PROJ. TEC'!K15) -> 9.3333333 | AL22: =SUM('12EG -A- A.E.S.Ç'!K15) -> 15.333333 | AO22: =SUM('12EG -A- GESTÃO ENF.'!K15) -> 9.3333333 | AP22: N/TRANSITA | AQ22: =AVERAGE(H22:AO22) -> 9.3361111 | AR22: 17 | AS22: F
B23: 7 | C23: 2051 | D23: Celma Cecília Macaia Gomes | H23: =SUM('12EG -A- S.COLECT.'!K16) -> 18.666667 | K23: =SUM('12EG -A- S. MENTAL'!K16) -> 14.5 | N23: =SUM('12EG -A- EPIDEMIOL.'!K16) -> 16.666667 | Q23: =SUM('12EG-A- F.A.E'!K16) -> 12.666667 | T23: =SUM('12EG -A- URGÊNCIA'!K16) -> 13.833333 | W23: =SUM('12EG -A- N.D'!K16) -> 18.5 | Z23: =SUM('12EG -A- A.E.P.M.C'!K16) -> 16 | AC23: =SUM('12EG -A- TEC. ENFER'!K16) -> 13.6 | AF23: =SUM('12EG -A- A.E.S.M'!K16) -> 12 | AI23: =SUM('12EG -A- PROJ. TEC'!K16) -> 18.333333 | AL23: =SUM('12EG -A- A.E.S.Ç'!K16) -> 17.5 | AO23: =SUM('12EG -A- GESTÃO ENF.'!K16) -> 15.166667 | AP23: TRANSITA | AQ23: =AVERAGE(H23:AO23) -> 15.619444 | AR23: 17 | AS23: F
B24: 8 | C24: 2230 | D24: Dádiva Ermelinda Gabriel Barros | H24: =SUM('12EG -A- S.COLECT.'!K17) -> 14.833333 | K24: =SUM('12EG -A- S. MENTAL'!K17) -> 12 | N24: =SUM('12EG -A- EPIDEMIOL.'!K17) -> 9.3333333 | Q24: =SUM('12EG-A- F.A.E'!K17) -> 11 | T24: =SUM('12EG -A- URGÊNCIA'!K17) -> 11.333333 | W24: =SUM('12EG -A- N.D'!K17) -> 12.833333 | Z24: =SUM('12EG -A- A.E.P.M.C'!K17) -> 11.5 | AC24: =SUM('12EG -A- TEC. ENFER'!K17) -> 9.3333333 | AF24: =SUM('12EG -A- A.E.S.M'!K17) -> 12 | AI24: =SUM('12EG -A- PROJ. TEC'!K17) -> 16 | AL24: =SUM('12EG -A- A.E.S.Ç'!K17) -> 14 | AO24: =SUM('12EG -A- GESTÃO ENF.'!K17) -> 9 | AP24: N/TRANSITA | AQ24: =AVERAGE(H24:AO24) -> 11.930556 | AR24: 18 | AS24: F
B25: 9 | C25: 1774 | D25: Daniel Quendo João | H25: =SUM('12EG -A- S.COLECT.'!K18) -> 18.333333 | K25: =SUM('12EG -A- S. MENTAL'!K18) -> 7.3333333 | N25: =SUM('12EG -A- EPIDEMIOL.'!K18) -> 10 | Q25: =SUM('12EG-A- F.A.E'!K18) -> 2 | T25: =SUM('12EG -A- URGÊNCIA'!K18) -> 0 | W25: =SUM('12EG -A- N.D'!K18) -> 0 | Z25: =SUM('12EG -A- A.E.P.M.C'!K18) -> 0 | AC25: =SUM('12EG -A- TEC. ENFER'!K18) -> 2 | AF25: =SUM('12EG -A- A.E.S.M'!K18) -> 0 | AI25: =SUM('12EG -A- PROJ. TEC'!K18) -> 0 | AL25: =SUM('12EG -A- A.E.S.Ç'!K18) -> 6.6666667 | AO25: =SUM('12EG -A- GESTÃO ENF.'!K18) -> 2.5 | AP25: N/TRANSITA | AQ25: =AVERAGE(H25:AO25) -> 4.0694444 | AR25: 18 | AS25: M
B26: 10 | C26: 4446 | D26: Dina De Lourdes Massala | H26: =SUM('12EG -A- S.COLECT.'!K19) -> 19.333333 | K26: =SUM('12EG -A- S. MENTAL'!K19) -> 14.833333 | N26: =SUM('12EG -A- EPIDEMIOL.'!K19) -> 13 | Q26: =SUM('12EG-A- F.A.E'!K19) -> 11 | T26: =SUM('12EG -A- URGÊNCIA'!K19) -> 11.166667 | W26: =SUM('12EG -A- N.D'!K19) -> 17 | Z26: =SUM('12EG -A- A.E.P.M.C'!K19) -> 13.833333 | AC26: =SUM('12EG -A- TEC. ENFER'!K19) -> 13.666667 | AF26: =SUM('12EG -A- A.E.S.M'!K19) -> 16 | AI26: =SUM('12EG -A- PROJ. TEC'!K19) -> 16.666667 | AL26: =SUM('12EG -A- A.E.S.Ç'!K19) -> 12.833333 | AO26: =SUM('12EG -A- GESTÃO ENF.'!K19) -> 13.833333 | AP26: TRANSITA | AQ26: =AVERAGE(H26:AO26) -> 14.430556 | AR26: 16 | AS26: F
B27: 11 | C27: 1992 | D27: Esperança C. Bumba Mabiala | H27: =SUM('12EG -A- S.COLECT.'!K20) -> 18.666667 | K27: =SUM('12EG -A- S. MENTAL'!K20) -> 14 | N27: =SUM('12EG -A- EPIDEMIOL.'!K20) -> 17.333333 | Q27: =SUM('12EG-A- F.A.E'!K20) -> 10.333333 | T27: =SUM('12EG -A- URGÊNCIA'!K20) -> 15.833333 | W27: =SUM('12EG -A- N.D'!K20) -> 17.5 | Z27: =SUM('12EG -A- A.E.P.M.C'!K20) -> 18.333333 | AC27: =SUM('12EG -A- TEC. ENFER'!K20) -> 14.833333 | AF27: =SUM('12EG -A- A.E.S.M'!K20) -> 12 | AI27: =SUM('12EG -A- PROJ. TEC'!K20) -> 17 | AL27: =SUM('12EG -A- A.E.S.Ç'!K20) -> 17.5 | AO27: =SUM('12EG -A- GESTÃO ENF.'!K20) -> 14.666667 | AP27: TRANSITA | AQ27: =AVERAGE(H27:AO27) -> 15.666667 | AR27: 18 | AS27: F
B28: 12 | C28: 2053 | D28: Esperança Lando Liumba | H28: =SUM('12EG -A- S.COLECT.'!K21) -> 15.333333 | K28: =SUM('12EG -A- S. MENTAL'!K21) -> 15.333333 | N28: =SUM('12EG -A- EPIDEMIOL.'!K21) -> 17 | Q28: =SUM('12EG-A- F.A.E'!K21) -> 10.333333 | T28: =SUM('12EG -A- URGÊNCIA'!K21) -> 16.5 | W28: =SUM('12EG -A- N.D'!K21) -> 18.166667 | Z28: =SUM('12EG -A- A.E.P.M.C'!K21) -> 17.833333 | AC28: =SUM('12EG -A- TEC. ENFER'!K21) -> 14.166667 | AF28: =SUM('12EG -A- A.E.S.M'!K21) -> 12 | AI28: =SUM('12EG -A- PROJ. TEC'!K21) -> 15.333333 | AL28: =SUM('12EG -A- A.E.S.Ç'!K21) -> 17 | AO28: =SUM('12EG -A- GESTÃO ENF.'!K21) -> 12.333333 | AP28: TRANSITA | AQ28: =AVERAGE(H28:AO28) -> 15.111111 | AR28: 17 | AS28: F
B29: 13 | C29: 2039 | D29: Ester Mavungo Fuca | H29: =SUM('12EG -A- S.COLECT.'!K22) -> 18.166667 | K29: =SUM('12EG -A- S. MENTAL'!K22) -> 11.5 | N29: =SUM('12EG -A- EPIDEMIOL.'!K22) -> 13.333333 | Q29: =SUM('12EG-A- F.A.E'!K22) -> 8.3333333 | T29: =SUM('12EG -A- URGÊNCIA'!K22) -> 13 | W29: =SUM('12EG -A- N.D'!K22) -> 16 | Z29: =SUM('12EG -A- A.E.P.M.C'!K22) -> 12.5 | AC29: =SUM('12EG -A- TEC. ENFER'!K22) -> 10.666667 | AF29: =SUM('12EG -A- A.E.S.M'!K22) -> 12 | AI29: =SUM('12EG -A- PROJ. TEC'!K22) -> 15.666667 | AL29: =SUM('12EG -A- A.E.S.Ç'!K22) -> 17 | AO29: =SUM('12EG -A- GESTÃO ENF.'!K22) -> 12.666667 | AP29: N/TRANSITA | AQ29: =AVERAGE(H29:AO29) -> 13.402778 | AR29: 17 | AS29: F | AU29: MÁXIMA | AV29: =MAX(AQ17:AQ58) -> 16.433333
B30: 14 | C30: 1942 | D30: Eufemia Maria Goma Ventena | H30: =SUM('12EG -A- S.COLECT.'!K23) -> 18.666667 | K30: =SUM('12EG -A- S. MENTAL'!K23) -> 13.833333 | N30: =SUM('12EG -A- EPIDEMIOL.'!K23) -> 13.666667 | Q30: =SUM('12EG-A- F.A.E'!K23) -> 10 | T30: =SUM('12EG -A- URGÊNCIA'!K23) -> 14.666667 | W30: =SUM('12EG -A- N.D'!K23) -> 17.833333 | Z30: =SUM('12EG -A- A.E.P.M.C'!K23) -> 16.666667 | AC30: =SUM('12EG -A- TEC. ENFER'!K23) -> 10.833333 | AF30: =SUM('12EG -A- A.E.S.M'!K23) -> 12 | AI30: =SUM('12EG -A- PROJ. TEC'!K23) -> 16 | AL30: =SUM('12EG -A- A.E.S.Ç'!K23) -> 16.5 | AO30: =SUM('12EG -A- GESTÃO ENF.'!K23) -> 11.666667 | AP30: TRANSITA | AQ30: =AVERAGE(H30:AO30) -> 14.361111 | AR30: 18 | AS30: F
B31: 15 | C31: 2612 | D31: Eulália Buanga Bembe Alfredo | H31: =SUM('12EG -A- S.COLECT.'!K24) -> 18.666667 | K31: =SUM('12EG -A- S. MENTAL'!K24) -> 15 | N31: =SUM('12EG -A- EPIDEMIOL.'!K24) -> 16.666667 | Q31: =SUM('12EG-A- F.A.E'!K24) -> 11 | T31: =SUM('12EG -A- URGÊNCIA'!K24) -> 13.166667 | W31: =SUM('12EG -A- N.D'!K24) -> 18.166667 | Z31: =SUM('12EG -A- A.E.P.M.C'!K24) -> 15.166667 | AC31: =SUM('12EG -A- TEC. ENFER'!K24) -> 15.333333 | AF31: =SUM('12EG -A- A.E.S.M'!K24) -> 12 | AI31: =SUM('12EG -A- PROJ. TEC'!K24) -> 18.666667 | AL31: =SUM('12EG -A- A.E.S.Ç'!K24) -> 18.166667 | AO31: =SUM('12EG -A- GESTÃO ENF.'!K24) -> 9.1666667 | AP31: N/TRANSITA | AQ31: =AVERAGE(H31:AO31) -> 15.097222 | AR31: 17 | AS31: F | AU31: NOME DO/A ALUNO/A | AX31: Madalena Simba Pemba Miguel
B32: 16 | C32: 2041 | D32: Eva De Araújo Mambo | H32: =SUM('12EG -A- S.COLECT.'!K25) -> 17 | K32: =SUM('12EG -A- S. MENTAL'!K25) -> 13.666667 | N32: =SUM('12EG -A- EPIDEMIOL.'!K25) -> 11.666667 | Q32: =SUM('12EG-A- F.A.E'!K25) -> 10.666667 | T32: =SUM('12EG -A- URGÊNCIA'!K25) -> 17.333333 | W32: =SUM('12EG -A- N.D'!K25) -> 14.333333 | Z32: =SUM('12EG -A- A.E.P.M.C'!K25) -> 13.833333 | AC32: =SUM('12EG -A- TEC. ENFER'!K25) -> 10.7 | AF32: =SUM('12EG -A- A.E.S.M'!K25) -> 12 | AI32: =SUM('12EG -A- PROJ. TEC'!K25) -> 16.666667 | AL32: =SUM('12EG -A- A.E.S.Ç'!K25) -> 16.5 | AO32: =SUM('12EG -A- GESTÃO ENF.'!K25) -> 12 | AP32: TRANSITA | AQ32: =AVERAGE(H32:AO32) -> 13.863889 | AR32: 18 | AS32: F | AU32: IDADE: | AV32: 17
B33: 17 | C33: 2596 | D33: Fátima B. Puila Cassombe | H33: =SUM('12EG -A- S.COLECT.'!K26) -> 19.333333 | K33: =SUM('12EG -A- S. MENTAL'!K26) -> 15.333333 | N33: =SUM('12EG -A- EPIDEMIOL.'!K26) -> 12.333333 | Q33: =SUM('12EG-A- F.A.E'!K26) -> 12.666667 | T33: =SUM('12EG -A- URGÊNCIA'!K26) -> 16.166667 | W33: =SUM('12EG -A- N.D'!K26) -> 15.5 | Z33: =SUM('12EG -A- A.E.P.M.C'!K26) -> 17.333333 | AC33: =SUM('12EG -A- TEC. ENFER'!K26) -> 11.333333 | AF33: =SUM('12EG -A- A.E.S.M'!K26) -> 12 | AI33: =SUM('12EG -A- PROJ. TEC'!K26) -> 19 | AL33: =SUM('12EG -A- A.E.S.Ç'!K26) -> 18 | AO33: =SUM('12EG -A- GESTÃO ENF.'!K26) -> 13.5 | AP33: TRANSITA | AQ33: =AVERAGE(H33:AO33) -> 15.208333 | AR33: 17 | AS33: F
B34: 18 | C34: 2082 | D34: Filomena Lelo Tembo Chibuango | H34: =SUM('12EG -A- S.COLECT.'!K27) -> 18.333333 | K34: =SUM('12EG -A- S. MENTAL'!K27) -> 14.166667 | N34: =SUM('12EG -A- EPIDEMIOL.'!K27) -> 11.666667 | Q34: =SUM('12EG-A- F.A.E'!K27) -> 10.666667 | T34: =SUM('12EG -A- URGÊNCIA'!K27) -> 13.333333 | W34: =SUM('12EG -A- N.D'!K27) -> 17.166667 | Z34: =SUM('12EG -A- A.E.P.M.C'!K27) -> 14.333333 | AC34: =SUM('12EG -A- TEC. ENFER'!K27) -> 12.266667 | AF34: =SUM('12EG -A- A.E.S.M'!K27) -> 12 | AI34: =SUM('12EG -A- PROJ. TEC'!K27) -> 15.333333 | AL34: =SUM('12EG -A- A.E.S.Ç'!K27) -> 17.333333 | AO34: =SUM('12EG -A- GESTÃO ENF.'!K27) -> 13.666667 | AP34: TRANSITA | AQ34: =AVERAGE(H34:AO34) -> 14.188889 | AR34: 17 | AS34: F
B35: 19 | C35: 1936 | D35: Helena Da C. Bumba Bilendo | H35: =SUM('12EG -A- S.COLECT.'!K28) -> 16.333333 | K35: =SUM('12EG -A- S. MENTAL'!K28) -> 14.333333 | N35: =SUM('12EG -A- EPIDEMIOL.'!K28) -> 11.666667 | Q35: =SUM('12EG-A- F.A.E'!K28) -> 12.666667 | T35: =SUM('12EG -A- URGÊNCIA'!K28) -> 9 | W35: =SUM('12EG -A- N.D'!K28) -> 17.333333 | Z35: =SUM('12EG -A- A.E.P.M.C'!K28) -> 17 | AC35: =SUM('12EG -A- TEC. ENFER'!K28) -> 11.5 | AF35: =SUM('12EG -A- A.E.S.M'!K28) -> 12 | AI35: =SUM('12EG -A- PROJ. TEC'!K28) -> 14.666667 | AL35: =SUM('12EG -A- A.E.S.Ç'!K28) -> 16.166667 | AO35: =SUM('12EG -A- GESTÃO ENF.'!K28) -> 10.833333 | AP35: N/TRANSITA | AQ35: =AVERAGE(H35:AO35) -> 13.625 | AR35: 18 | AS35: F
B36: 20 | C36: 2107 | D36: Helena Nzuzi Lembe Gimbi | H36: =SUM('12EG -A- S.COLECT.'!K29) -> 19 | K36: =SUM('12EG -A- S. MENTAL'!K29) -> 14.666667 | N36: =SUM('12EG -A- EPIDEMIOL.'!K29) -> 15.333333 | Q36: =SUM('12EG-A- F.A.E'!K29) -> 0 | T36: =SUM('12EG -A- URGÊNCIA'!K29) -> 13 | W36: =SUM('12EG -A- N.D'!K29) -> 16.833333 | Z36: =SUM('12EG -A- A.E.P.M.C'!K29) -> 18 | AC36: =SUM('12EG -A- TEC. ENFER'!K29) -> 12.866667 | AF36: =SUM('12EG -A- A.E.S.M'!K29) -> 12 | AI36: =SUM('12EG -A- PROJ. TEC'!K29) -> 17 | AL36: =SUM('12EG -A- A.E.S.Ç'!K29) -> 16.833333 | AO36: =SUM('12EG -A- GESTÃO ENF.'!K29) -> 9.8333333 | AP36: N/TRANSITA | AQ36: =AVERAGE(H36:AO36) -> 13.780556 | AR36: 17 | AS36: F
B37: 21 | C37: 2477 | D37: Helena Pemba António Brás | H37: =SUM('12EG -A- S.COLECT.'!K30) -> 14.166667 | K37: =SUM('12EG -A- S. MENTAL'!K30) -> 15 | N37: =SUM('12EG -A- EPIDEMIOL.'!K30) -> 17.333333 | Q37: =SUM('12EG-A- F.A.E'!K30) -> 11 | T37: =SUM('12EG -A- URGÊNCIA'!K30) -> 11.333333 | W37: =SUM('12EG -A- N.D'!K30) -> 17.833333 | Z37: =SUM('12EG -A- A.E.P.M.C'!K30) -> 17.166667 | AC37: =SUM('12EG -A- TEC. ENFER'!K30) -> 14.366667 | AF37: =SUM('12EG -A- A.E.S.M'!K30) -> 12 | AI37: =SUM('12EG -A- PROJ. TEC'!K30) -> 17.666667 | AL37: =SUM('12EG -A- A.E.S.Ç'!K30) -> 17.166667 | AO37: =SUM('12EG -A- GESTÃO ENF.'!K30) -> 11.166667 | AP37: TRANSITA | AQ37: =AVERAGE(H37:AO37) -> 14.683333 | AR37: 17 | AS37: F
B38: 22 | C38: 1928 | D38: Isabel Mariana Miala | H38: =SUM('12EG -A- S.COLECT.'!K31) -> 15.666667 | K38: =SUM('12EG -A- S. MENTAL'!K31) -> 13.333333 | N38: =SUM('12EG -A- EPIDEMIOL.'!K31) -> 14 | Q38: =SUM('12EG-A- F.A.E'!K31) -> 10 | T38: =SUM('12EG -A- URGÊNCIA'!K31) -> 12.5 | W38: =SUM('12EG -A- N.D'!K31) -> 13.5 | Z38: =SUM('12EG -A- A.E.P.M.C'!K31) -> 15.166667 | AC38: =SUM('12EG -A- TEC. ENFER'!K31) -> 11.833333 | AF38: =SUM('12EG -A- A.E.S.M'!K31) -> 12 | AI38: =SUM('12EG -A- PROJ. TEC'!K31) -> 0 | AL38: =SUM('12EG -A- A.E.S.Ç'!K31) -> 17.333333 | AO38: =SUM('12EG -A- GESTÃO ENF.'!K31) -> 3.8333333 | AP38: N/TRANSITA | AQ38: =AVERAGE(H38:AO38) -> 11.597222 | AR38: 18 | AS38: F
B39: 23 | C39: 2313 | D39: Isabel Nhongo Luambo Estevão | H39: =SUM('12EG -A- S.COLECT.'!K32) -> 12.666667 | K39: =SUM('12EG -A- S. MENTAL'!K32) -> 13.666667 | N39: =SUM('12EG -A- EPIDEMIOL.'!K32) -> 17.333333 | Q39: =SUM('12EG-A- F.A.E'!K32) -> 12.666667 | T39: =SUM('12EG -A- URGÊNCIA'!K32) -> 17.833333 | W39: =SUM('12EG -A- N.D'!K32) -> 16.666667 | Z39: =SUM('12EG -A- A.E.P.M.C'!K32) -> 16.333333 | AC39: =SUM('12EG -A- TEC. ENFER'!K32) -> 11.7 | AF39: =SUM('12EG -A- A.E.S.M'!K32) -> 12 | AI39: =SUM('12EG -A- PROJ. TEC'!K32) -> 13 | AL39: =SUM('12EG -A- A.E.S.Ç'!K32) -> 15.166667 | AO39: =SUM('12EG -A- GESTÃO ENF.'!K32) -> 15.333333 | AP39: TRANSITA | AQ39: =AVERAGE(H39:AO39) -> 14.530556 | AR39: 17 | AS39: M
B40: 24 | C40: 2525 | D40: Jerónimo Yombe Vemba | H40: =SUM('12EG -A- S.COLECT.'!K33) -> 19.666667 | K40: =SUM('12EG -A- S. MENTAL'!K33) -> 8.8333333 | N40: =SUM('12EG -A- EPIDEMIOL.'!K33) -> 10.666667 | Q40: =SUM('12EG-A- F.A.E'!K33) -> 3 | T40: =SUM('12EG -A- URGÊNCIA'!K33) -> 6.6666667 | W40: =SUM('12EG -A- N.D'!K33) -> 11.166667 | Z40: =SUM('12EG -A- A.E.P.M.C'!K33) -> 9.5 | AC40: =SUM('12EG -A- TEC. ENFER'!K33) -> 7.7 | AF40: =SUM('12EG -A- A.E.S.M'!K33) -> 12 | AI40: =SUM('12EG -A- PROJ. TEC'!K33) -> 0 | AL40: =SUM('12EG -A- A.E.S.Ç'!K33) -> 12 | AO40: =SUM('12EG -A- GESTÃO ENF.'!K33) -> 7 | AP40: N/TRANSITA | AQ40: =AVERAGE(H40:AO40) -> 9.0166667 | AR40: 17 | AS40: M
B41: 25 | C41: 2163 | D41: Joana Dadiva Ndembe Bueia | H41: =SUM('12EG -A- S.COLECT.'!K34) -> 14 | K41: =SUM('12EG -A- S. MENTAL'!K34) -> 16.666667 | N41: =SUM('12EG -A- EPIDEMIOL.'!K34) -> 17.333333 | Q41: =SUM('12EG-A- F.A.E'!K34) -> 11 | T41: =SUM('12EG -A- URGÊNCIA'!K34) -> 16.333333 | W41: =SUM('12EG -A- N.D'!K34) -> 18.833333 | Z41: =SUM('12EG -A- A.E.P.M.C'!K34) -> 17.333333 | AC41: =SUM('12EG -A- TEC. ENFER'!K34) -> 14.666667 | AF41: =SUM('12EG -A- A.E.S.M'!K34) -> 12 | AI41: =SUM('12EG -A- PROJ. TEC'!K34) -> 19.333333 | AL41: =SUM('12EG -A- A.E.S.Ç'!K34) -> 17.5 | AO41: =SUM('12EG -A- GESTÃO ENF.'!K34) -> 15.333333 | AP41: TRANSITA | AQ41: =AVERAGE(H41:AO41) -> 15.861111 | AR41: 17 | AS41: F
B42: 26 | C42: 2042 | D42: João Sidónio António | H42: =SUM('12EG -A- S.COLECT.'!K35) -> 16.166667 | K42: =SUM('12EG -A- S. MENTAL'!K35) -> 12.666667 | N42: =SUM('12EG -A- EPIDEMIOL.'!K35) -> 14.666667 | Q42: =SUM('12EG-A- F.A.E'!K35) -> 4.6666667 | T42: =SUM('12EG -A- URGÊNCIA'!K35) -> 5.6666667 | W42: =SUM('12EG -A- N.D'!K35) -> 9.6666667 | Z42: =SUM('12EG -A- A.E.P.M.C'!K35) -> 13.666667 | AC42: =SUM('12EG -A- TEC. ENFER'!K35) -> 10 | AF42: =SUM('12EG -A- A.E.S.M'!K35) -> 12 | AI42: =SUM('12EG -A- PROJ. TEC'!K35) -> 9.3333333 | AL42: =SUM('12EG -A- A.E.S.Ç'!K35) -> 13.5 | AO42: =SUM('12EG -A- GESTÃO ENF.'!K35) -> 7 | AP42: N/TRANSITA | AQ42: =AVERAGE(H42:AO42) -> 10.75 | AR42: 18 | AS42: M
B43: 27 | C43: 1975 | D43: Jocelma Badila Da Costa | H43: =SUM('12EG -A- S.COLECT.'!K36) -> 15 | K43: =SUM('12EG -A- S. MENTAL'!K36) -> 17 | N43: =SUM('12EG -A- EPIDEMIOL.'!K36) -> 13.666667 | Q43: =SUM('12EG-A- F.A.E'!K36) -> 3.6666667 | T43: =SUM('12EG -A- URGÊNCIA'!K36) -> 10 | W43: =SUM('12EG -A- N.D'!K36) -> 18 | Z43: =SUM('12EG -A- A.E.P.M.C'!K36) -> 14.333333 | AC43: =SUM('12EG -A- TEC. ENFER'!K36) -> 10 | AF43: =SUM('12EG -A- A.E.S.M'!K36) -> 12 | AI43: =SUM('12EG -A- PROJ. TEC'!K36) -> 16 | AL43: =SUM('12EG -A- A.E.S.Ç'!K36) -> 15.5 | AO43: =SUM('12EG -A- GESTÃO ENF.'!K36) -> 5.8333333 | AP43: N/TRANSITA | AQ43: =AVERAGE(H43:AO43) -> 12.583333 | AR43: 17 | AS43: F
B44: 28 | C44: 1915 | D44: José Francisco Malonda Kibodo | H44: =SUM('12EG -A- S.COLECT.'!K37) -> 15.666667 | K44: =SUM('12EG -A- S. MENTAL'!K37) -> 15 | N44: =SUM('12EG -A- EPIDEMIOL.'!K37) -> 15.666667 | Q44: =SUM('12EG-A- F.A.E'!K37) -> 10.666667 | T44: =SUM('12EG -A- URGÊNCIA'!K37) -> 10.333333 | W44: =SUM('12EG -A- N.D'!K37) -> 14.333333 | Z44: =SUM('12EG -A- A.E.P.M.C'!K37) -> 14 | AC44: =SUM('12EG -A- TEC. ENFER'!K37) -> 6.8333333 | AF44: =SUM('12EG -A- A.E.S.M'!K37) -> 12 | AI44: =SUM('12EG -A- PROJ. TEC'!K37) -> 13.666667 | AL44: =SUM('12EG -A- A.E.S.Ç'!K37) -> 17 | AO44: =SUM('12EG -A- GESTÃO ENF.'!K37) -> 8.6666667 | AP44: N/TRANSITA | AQ44: =AVERAGE(H44:AO44) -> 12.819444 | AR44: 17 | AS44: M
... B58: 42 | C58: 2096 | D58: Zulmira Buanga António | H58: =SUM('12EG -A- S.COLECT.'!K51) -> 12 | K58: =SUM('12EG -A- S. MENTAL'!K51) -> 15.166667 | N58: =SUM('12EG -A- EPIDEMIOL.'!K51) -> 11 | Q58: =SUM('12EG-A- F.A.E'!K51) -> 11.666667 | T58: =SUM('12EG -A- URGÊNCIA'!K51) -> 12 | W58: =SUM('12EG -A- N.D'!K51) -> 10.5 | Z58: =SUM('12EG -A- A.E.P.M.C'!K51) -> 13.166667 | AC58: =SUM('12EG -A- TEC. ENFER'!K51) -> 11.366667 | AF58: =SUM('12EG -A- A.E.S.M'!K51) -> 12 | AI58: =SUM('12EG -A- PROJ. TEC'!K51) -> 13.333333 | AL58: =SUM('12EG -A- A.E.S.Ç'!K51) -> 16.833333 | AO58: =SUM('12EG -A- GESTÃO ENF.'!K51) -> 11 | AP58: TRANSITA | AQ58: =AVERAGE(H58:AO58) -> 12.502778 | AR58: 17 | AS58: F
B59: DATA DO CONSELHO DE TURMA______/______/2025
B61: O Director de Turma | AA61: O Subdirector Pedagógico
B62: _____________________________________
B63: EDSON DE OLIVEIRA | AA63: ALBERTO SASSA ATI

Sheet 2ºT-12ª-EG-A-PAUTA
A1: INSTITUTO TÉCNICO PRIVADO DE SAÚDE JOMORAIS
B7: PAUTA DE APROVEITAMENTO ESCOLAR
C8: ÁREA DE FORMAÇÃO: SAÚDE
K9: 12ª CLASSE | O9: CURSO: ENFERMAGEM GERAL | AE9: PERÍODO: VESPERTINO
B10: O Director do Instituto | AE10: 2º TRIMESTRE | AL10: MF: | AM10: =SUM(AM12,AM11) -> 42 | AO10: 46118
B11: ________________________________________ | K11: TURMA: | M11: A | AL11: M | AM11: =COUNTIF(AS17:AS58,"M") -> 8
B12: GABRIEL PRÓSPERO MABIALA | AD12: ANO LECTIVO: 2025/2026 | AL12: F | AM12: =COUNTIF(AS17:AS58,"F") -> 34
B13: DATA______/______/2026
B14: Nº | C14: Nº PROC | D14: NOME | E14: DISCIPLINA A REPETIR | F14: S. Colect. | I14: S. Mental | L14: Epidemiol. | O14: F.A.E | R14: Urgência | U14: Nutrição | X14: AEPMC | AA14: T. Enfer. | AD14: A.E.S.M | AG14: P.T | AJ14: A.E.S.Ç | AM14: Gestão | AP14: OBS | AQ14: MÉDIA | AR14: Idade | AS14: Género | AT14: DADOS ESTATÍSTICOS
F15: FALTAS | H15: MT2º | I15: FALTAS | K15: MT2º | L15: FALTAS | N15: MT2º | O15: FALTAS | Q15: MT2º | R15: FALTAS | T15: MT2º | U15: FALTAS | W15: MT2º | X15: FALTAS | Z15: MT2º | AA15: FALTAS | AC15: MT2º | AD15: FALTAS | AF15: MT2º | AG15: FALTAS | AI15: MT2º | AJ15: FALTAS | AL15: MT2º | AM15: FALTAS | AO15: MT2º | AT15: MATRICULADOS | AV15: APROVADO/A | AX15: REPROVADO/A | AZ15: Desistido/a
F16: J | G16: I | I16: J | J16: I | L16: J | M16: I | O16: J | P16: I | R16: J | S16: I | U16: J | V16: I | X16: J | Y16: I | AA16: J | AB16: I | AD16: J | AE16: I | AG16: J | AH16: I | AJ16: J | AK16: I | AM16: J | AN16: I | AT16: M | AU16: F | AV16: M | AW16: F | AX16: M | AY16: F | AZ16: M | BA16: F
B17: 1 | C17: 2582 | D17: Alberto Filipe Massiala | H17: =SUM('12EG -A- S.COLECT.'!R10) -> 14 | K17: =SUM('12EG -A- S. MENTAL'!R10) -> 9.1666667 | N17: =SUM('12EG -A- EPIDEMIOL.'!R10) -> 16 | Q17: =SUM('12EG-A- F.A.E'!R10) -> 2.5 | T17: =SUM('12EG -A- URGÊNCIA'!R10) -> 3.6666667 | W17: =SUM('12EG -A- N.D'!R10) -> 11.833333 | Z17: =SUM('12EG -A- A.E.P.M.C'!R10) -> 10.333333 | AC17: =SUM('12EG -A- TEC. ENFER'!R10) -> 9.8333333 | AF17: =SUM('12EG -A- A.E.S.M'!R10) -> 9.3333333 | AI17: =SUM('12EG -A- PROJ. TEC'!R10) -> 0 | AL17: =SUM('12EG -A- A.E.S.Ç'!R10) -> 8.5 | AO17: =SUM('12EG -A- GESTÃO ENF.'!R10) -> 2.8333333 | AP17: N/TRANSITA | AQ17: =AVERAGE(H17:AO17) -> 8.1666667 | AR17: 17 | AS17: M | AT17: =COUNTIF(AS17:AS58,"M") -> 8 | AU17: =COUNTIF(AS17:AS58,"F") -> 34 | AV17: =COUNTIFS(AP17:AP58,"TRANSITA",AS17:AS58,"M") -> 1 | AW17: =COUNTIFS(AP17:AP58,"TRANSITA",AS17:AS58,"F") -> 11 | AX17: =COUNTIFS(AP17:AP58,"N/TRANSITA",AS17:AS58,"M") -> 7 | AY17: =COUNTIFS(AP17:AP58,"N/TRANSITA",AS17:AS58,"F") -> 23 | AZ17: =COUNTIFS(AP17:AP58,"Desistido",AS17:AS58,"M") -> 0 | BA17: =COUNTIFS(AP17:AP58,"Desistida",AS17:AS58,"F") -> 0
B18: 2 | C18: 2150 | D18: Aldina Marta Mavungo Cumbo | H18: =SUM('12EG -A- S.COLECT.'!R11) -> 14 | K18: =SUM('12EG -A- S. MENTAL'!R11) -> 12.166667 | N18: =SUM('12EG -A- EPIDEMIOL.'!R11) -> 4.3333333 | Q18: =SUM('12EG-A- F.A.E'!R11) -> 10 | T18: =SUM('12EG -A- URGÊNCIA'!R11) -> 11 | W18: =SUM('12EG -A- N.D'!R11) -> 16.333333 | Z18: =SUM('12EG -A- A.E.P.M.C'!R11) -> 18.166667 | AC18: =SUM('12EG -A- TEC. ENFER'!R11) -> 14.433333 | AF18: =SUM('12EG -A- A.E.S.M'!R11) -> 15 | AI18: =SUM('12EG -A- PROJ. TEC'!R11) -> 16.666667 | AL18: =SUM('12EG -A- A.E.S.Ç'!R11) -> 10.666667 | AO18: =SUM('12EG -A- GESTÃO ENF.'!R11) -> 10.833333 | AP18: N/TRANSITA | AQ18: =AVERAGE(H18:AO18) -> 12.8 | AR18: 17 | AS18: F | AT18: =SUM(AT17:AU17) -> 42 | AV18: =SUM(AV17:AW17) -> 12 | AX18: =SUM(AX17:AY17) -> 30 | AZ18: =SUM(AZ17:BA17) -> 0
B19: 3 | C19: 1791 | D19: Alice Malonda Lubota Macaia | H19: =SUM('12EG -A- S.COLECT.'!R12) -> 14 | K19: =SUM('12EG -A- S. MENTAL'!R12) -> 15.833333 | N19: =SUM('12EG -A- EPIDEMIOL.'!R12) -> 15 | Q19: =SUM('12EG-A- F.A.E'!R12) -> 8.3333333 | T19: =SUM('12EG -A- URGÊNCIA'!R12) -> 11 | W19: =SUM('12EG -A- N.D'!R12) -> 16.833333 | Z19: =SUM('12EG -A- A.E.P.M.C'!R12) -> 17.833333 | AC19: =SUM('12EG -A- TEC. ENFER'!R12) -> 13.1 | AF19: =SUM('12EG -A- A.E.S.M'!R12) -> 9.3333333 | AI19: =SUM('12EG -A- PROJ. TEC'!R12) -> 17 | AL19: =SUM('12EG -A- A.E.S.Ç'!R12) -> 13.333333 | AO19: =SUM('12EG -A- GESTÃO ENF.'!R12) -> 11.5 | AP19: N/TRANSITA | AQ19: =AVERAGE(H19:AO19) -> 13.591667 | AR19: 17 | AS19: F
B20: 4 | C20: 2623 | D20: Angelina Kambo Macosso | H20: =SUM('12EG -A- S.COLECT.'!R13) -> 14 | K20: =SUM('12EG -A- S. MENTAL'!R13) -> 14.833333 | N20: =SUM('12EG -A- EPIDEMIOL.'!R13) -> 10.333333 | Q20: =SUM('12EG-A- F.A.E'!R13) -> 11.333333 | T20: =SUM('12EG -A- URGÊNCIA'!R13) -> 11 | W20: =SUM('12EG -A- N.D'!R13) -> 17.333333 | Z20: =SUM('12EG -A- A.E.P.M.C'!R13) -> 17.833333 | AC20: =SUM('12EG -A- TEC. ENFER'!R13) -> 12 | AF20: =SUM('12EG -A- A.E.S.M'!R13) -> 15.666667 | AI20: =SUM('12EG -A- PROJ. TEC'!R13) -> 16.666667 | AL20: =SUM('12EG -A- A.E.S.Ç'!R13) -> 14 | AO20: =SUM('12EG -A- GESTÃO ENF.'!R13) -> 11.166667 | AP20: TRANSITA | AQ20: =AVERAGE(H20:AO20) -> 13.847222 | AR20: 17 | AS20: F
B21: 5 | C21: 1818 | D21: Belma Da C. Ngaca Bernardo | H21: =SUM('12EG -A- S.COLECT.'!R14) -> 14 | K21: =SUM('12EG -A- S. MENTAL'!R14) -> 20 | N21: =SUM('12EG -A- EPIDEMIOL.'!R14) -> 17.333333 | Q21: =SUM('12EG-A- F.A.E'!R14) -> 12.666667 | T21: =SUM('12EG -A- URGÊNCIA'!R14) -> 18.666667 | W21: =SUM('12EG -A- N.D'!R14) -> 18.5 | Z21: =SUM('12EG -A- A.E.P.M.C'!R14) -> 19.666667 | AC21: =SUM('12EG -A- TEC. ENFER'!R14) -> 17.5 | AF21: =SUM('12EG -A- A.E.S.M'!R14) -> 14.833333 | AI21: =SUM('12EG -A- PROJ. TEC'!R14) -> 17.666667 | AL21: =SUM('12EG -A- A.E.S.Ç'!R14) -> 14.333333 | AO21: =SUM('12EG -A- GESTÃO ENF.'!R14) -> 13.5 | AP21: TRANSITA | AQ21: =AVERAGE(H21:AO21) -> 16.555556 | AR21: 18 | AS21: F
B22: 6 | C22: 1974 | D22: Carolina Teresa Joana Chingui | H22: =SUM('12EG -A- S.COLECT.'!R15) -> 14 | K22: =SUM('12EG -A- S. MENTAL'!R15) -> 13.333333 | N22: =SUM('12EG -A- EPIDEMIOL.'!R15) -> 12.666667 | Q22: =SUM('12EG-A- F.A.E'!R15) -> 10.333333 | T22: =SUM('12EG -A- URGÊNCIA'!R15) -> 10.666667 | W22: =SUM('12EG -A- N.D'!R15) -> 14.166667 | Z22: =SUM('12EG -A- A.E.P.M.C'!R15) -> 14.166667 | AC22: =SUM('12EG -A- TEC. ENFER'!R15) -> 14.5 | AF22: =SUM('12EG -A- A.E.S.M'!R15) -> 14.333333 | AI22: =SUM('12EG -A- PROJ. TEC'!R15) -> 16 | AL22: =SUM('12EG -A- A.E.S.Ç'!R15) -> 12.333333 | AO22: =SUM('12EG -A- GESTÃO ENF.'!R15) -> 8.1666667 | AP22: N/TRANSITA | AQ22: =AVERAGE(H22:AO22) -> 12.888889 | AR22: 17 | AS22: F
B23: 7 | C23: 2051 | D23: Celma Cecília Macaia Gomes | H23: =SUM('12EG -A- S.COLECT.'!R16) -> 14 | K23: =SUM('12EG -A- S. MENTAL'!R16) -> 15.166667 | N23: =SUM('12EG -A- EPIDEMIOL.'!R16) -> 11.333333 | Q23: =SUM('12EG-A- F.A.E'!R16) -> 10.666667 | T23: =SUM('12EG -A- URGÊNCIA'!R16) -> 13.333333 | W23: =SUM('12EG -A- N.D'!R16) -> 16.333333 | Z23: =SUM('12EG -A- A.E.P.M.C'!R16) -> 18.5 | AC23: =SUM('12EG -A- TEC. ENFER'!R16) -> 13.833333 | AF23: =SUM('12EG -A- A.E.S.M'!R16) -> 14.833333 | AI23: =SUM('12EG -A- PROJ. TEC'!R16) -> 18.333333 | AL23: =SUM('12EG -A- A.E.S.Ç'!R16) -> 13.666667 | AO23: =SUM('12EG -A- GESTÃO ENF.'!R16) -> 11.666667 | AP23: TRANSITA | AQ23: =AVERAGE(H23:AO23) -> 14.305556 | AR23: 17 | AS23: F
B24: 8 | C24: 2230 | D24: Dádiva Ermelinda Gabriel Barros | H24: =SUM('12EG -A- S.COLECT.'!R17) -> 14 | K24: =SUM('12EG -A- S. MENTAL'!R17) -> 12 | N24: =SUM('12EG -A- EPIDEMIOL.'!R17) -> 10.333333 | Q24: =SUM('12EG-A- F.A.E'!R17) -> 6.6666667 | T24: =SUM('12EG -A- URGÊNCIA'!R17) -> 10.833333 | W24: =SUM('12EG -A- N.D'!R17) -> 12.5 | Z24: =SUM('12EG -A- A.E.P.M.C'!R17) -> 16.333333 | AC24: =SUM('12EG -A- TEC. ENFER'!R17) -> 9.6666667 | AF24: =SUM('12EG -A- A.E.S.M'!R17) -> 9.3333333 | AI24: =SUM('12EG -A- PROJ. TEC'!R17) -> 15.666667 | AL24: =SUM('12EG -A- A.E.S.Ç'!R17) -> 13.166667 | AO24: =SUM('12EG -A- GESTÃO ENF.'!R17) -> 9.8333333 | AP24: N/TRANSITA | AQ24: =AVERAGE(H24:AO24) -> 11.694444 | AR24: 18 | AS24: F
B25: 9 | C25: 1774 | D25: Daniel Quendo João | H25: =SUM('12EG -A- S.COLECT.'!R18) -> 14 | K25: =SUM('12EG -A- S. MENTAL'!R18) -> 8.3333333 | N25: =SUM('12EG -A- EPIDEMIOL.'!R18) -> 14.333333 | Q25: =SUM('12EG-A- F.A.E'!R18) -> 1 | T25: =SUM('12EG -A- URGÊNCIA'!R18) -> 0 | W25: =SUM('12EG -A- N.D'!R18) -> 11.833333 | Z25: =SUM('12EG -A- A.E.P.M.C'!R18) -> 8.8333333 | AC25: =SUM('12EG -A- TEC. ENFER'!R18) -> 6.25 | AF25: =SUM('12EG -A- A.E.S.M'!R18) -> 14 | AI25: =SUM('12EG -A- PROJ. TEC'!R18) -> 0 | AL25: =SUM('12EG -A- A.E.S.Ç'!R18) -> 9.6666667 | AO25: =SUM('12EG -A- GESTÃO ENF.'!R18) -> 2.8333333 | AP25: N/TRANSITA | AQ25: =AVERAGE(H25:AO25) -> 7.5902778 | AR25: 18 | AS25: M
B26: 10 | C26: 4446 | D26: Dina De Lourdes Massala | H26: =SUM('12EG -A- S.COLECT.'!R19) -> 14 | K26: =SUM('12EG -A- S. MENTAL'!R19) -> 12.666667 | N26: =SUM('12EG -A- EPIDEMIOL.'!R19) -> 13.333333 | Q26: =SUM('12EG-A- F.A.E'!R19) -> 10.666667 | T26: =SUM('12EG -A- URGÊNCIA'!R19) -> 14.333333 | W26: =SUM('12EG -A- N.D'!R19) -> 15.666667 | Z26: =SUM('12EG -A- A.E.P.M.C'!R19) -> 16.833333 | AC26: =SUM('12EG -A- TEC. ENFER'!R19) -> 12.333333 | AF26: =SUM('12EG -A- A.E.S.M'!R19) -> 13.5 | AI26: =SUM('12EG -A- PROJ. TEC'!R19) -> 17 | AL26: =SUM('12EG -A- A.E.S.Ç'!R19) -> 11.666667 | AO26: =SUM('12EG -A- GESTÃO ENF.'!R19) -> 11 | AP26: TRANSITA | AQ26: =AVERAGE(H26:AO26) -> 13.583333 | AR26: 16 | AS26: F
B27: 11 | C27: 1992 | D27: Esperança C. Bumba Mabiala | H27: =SUM('12EG -A- S.COLECT.'!R20) -> 14 | K27: =SUM('12EG -A- S. MENTAL'!R20) -> 17.333333 | N27: =SUM('12EG -A- EPIDEMIOL.'!R20) -> 12.666667 | Q27: =SUM('12EG-A- F.A.E'!R20) -> 10.666667 | T27: =SUM('12EG -A- URGÊNCIA'!R20) -> 12.166667 | W27: =SUM('12EG -A- N.D'!R20) -> 17.166667 | Z27: =SUM('12EG -A- A.E.P.M.C'!R20) -> 17.666667 | AC27: =SUM('12EG -A- TEC. ENFER'!R20) -> 12.566667 | AF27: =SUM('12EG -A- A.E.S.M'!R20) -> 14.5 | AI27: =SUM('12EG -A- PROJ. TEC'!R20) -> 16.666667 | AL27: =SUM('12EG -A- A.E.S.Ç'!R20) -> 15 | AO27: =SUM('12EG -A- GESTÃO ENF.'!R20) -> 17.5 | AP27: TRANSITA | AQ27: =AVERAGE(H27:AO27) -> 14.825 | AR27: 18 | AS27: F
B28: 12 | C28: 2053 | D28: Esperança Lando Liumba | H28: =SUM('12EG -A- S.COLECT.'!R21) -> 14 | K28: =SUM('12EG -A- S. MENTAL'!R21) -> 14.5 | N28: =SUM('12EG -A- EPIDEMIOL.'!R21) -> 15.333333 | Q28: =SUM('12EG-A- F.A.E'!R21) -> 10.666667 | T28: =SUM('12EG -A- URGÊNCIA'!R21) -> 12.666667 | W28: =SUM('12EG -A- N.D'!R21) -> 16.833333 | Z28: =SUM('12EG -A- A.E.P.M.C'!R21) -> 17.833333 | AC28: =SUM('12EG -A- TEC. ENFER'!R21) -> 16.666667 | AF28: =SUM('12EG -A- A.E.S.M'!R21) -> 15.666667 | AI28: =SUM('12EG -A- PROJ. TEC'!R21) -> 16 | AL28: =SUM('12EG -A- A.E.S.Ç'!R21) -> 14.5 | AO28: =SUM('12EG -A- GESTÃO ENF.'!R21) -> 15.833333 | AP28: TRANSITA | AQ28: =AVERAGE(H28:AO28) -> 15.041667 | AR28: 17 | AS28: F
B29: 13 | C29: 2039 | D29: Ester Mavungo Fuca | H29: =SUM('12EG -A- S.COLECT.'!R22) -> 14 | K29: =SUM('12EG -A- S. MENTAL'!R22) -> 14.166667 | N29: =SUM('12EG -A- EPIDEMIOL.'!R22) -> 12.333333 | Q29: =SUM('12EG-A- F.A.E'!R22) -> 7.15 | T29: =SUM('12EG -A- URGÊNCIA'!R22) -> 11.666667 | W29: =SUM('12EG -A- N.D'!R22) -> 17.666667 | Z29: =SUM('12EG -A- A.E.P.M.C'!R22) -> 17.5 | AC29: =SUM('12EG -A- TEC. ENFER'!R22) -> 14.533333 | AF29: =SUM('12EG -A- A.E.S.M'!R22) -> 14.666667 | AI29: =SUM('12EG -A- PROJ. TEC'!R22) -> 15.333333 | AL29: =SUM('12EG -A- A.E.S.Ç'!R22) -> 11.333333 | AO29: =SUM('12EG -A- GESTÃO ENF.'!R22) -> 11.166667 | AP29: N/TRANSITA | AQ29: =AVERAGE(H29:AO29) -> 13.459722 | AR29: 17 | AS29: F | AU29: MÁXIMA | AV29: =MAX(AQ17:AQ58) -> 16.555556
B30: 14 | C30: 1942 | D30: Eufemia Maria Goma Ventena | H30: =SUM('12EG -A- S.COLECT.'!R23) -> 14 | K30: =SUM('12EG -A- S. MENTAL'!R23) -> 14.666667 | N30: =SUM('12EG -A- EPIDEMIOL.'!R23) -> 11.666667 | Q30: =SUM('12EG-A- F.A.E'!R23) -> 8.6666667 | T30: =SUM('12EG -A- URGÊNCIA'!R23) -> 10.166667 | W30: =SUM('12EG -A- N.D'!R23) -> 14.666667 | Z30: =SUM('12EG -A- A.E.P.M.C'!R23) -> 18.5 | AC30: =SUM('12EG -A- TEC. ENFER'!R23) -> 12.166667 | AF30: =SUM('12EG -A- A.E.S.M'!R23) -> 15.333333 | AI30: =SUM('12EG -A- PROJ. TEC'!R23) -> 17.666667 | AL30: =SUM('12EG -A- A.E.S.Ç'!R23) -> 13.333333 | AO30: =SUM('12EG -A- GESTÃO ENF.'!R23) -> 16.166667 | AP30: N/TRANSITA | AQ30: =AVERAGE(H30:AO30) -> 13.916667 | AR30: 18 | AS30: F
B31: 15 | C31: 2612 | D31: Eulália Buanga Bembe Alfredo | H31: =SUM('12EG -A- S.COLECT.'!R24) -> 14 | K31: =SUM('12EG -A- S. MENTAL'!R24) -> 15.833333 | N31: =SUM('12EG -A- EPIDEMIOL.'!R24) -> 4 | Q31: =SUM('12EG-A- F.A.E'!R24) -> 11.666667 | T31: =SUM('12EG -A- URGÊNCIA'!R24) -> 11 | W31: =SUM('12EG -A- N.D'!R24) -> 17.166667 | Z31: =SUM('12EG -A- A.E.P.M.C'!R24) -> 19.666667 | AC31: =SUM('12EG -A- TEC. ENFER'!R24) -> 14.566667 | AF31: =SUM('12EG -A- A.E.S.M'!R24) -> 15.833333 | AI31: =SUM('12EG -A- PROJ. TEC'!R24) -> 17.333333 | AL31: =SUM('12EG -A- A.E.S.Ç'!R24) -> 13 | AO31: =SUM('12EG -A- GESTÃO ENF.'!R24) -> 14.5 | AP31: N/TRANSITA | AQ31: =AVERAGE(H31:AO31) -> 14.047222 | AR31: 17 | AS31: F | AU31: NOME DO/A ALUNO/A | AX31: Madalena Simba Pemba Miguel
B32: 16 | C32: 2041 | D32: Eva De Araújo Mambo | H32: =SUM('12EG -A- S.COLECT.'!R25) -> 14 | K32: =SUM('12EG -A- S. MENTAL'!R25) -> 13.833333 | N32: =SUM('12EG -A- EPIDEMIOL.'!R25) -> 12.333333 | Q32: =SUM('12EG-A- F.A.E'!R25) -> 8.3333333 | T32: =SUM('12EG -A- URGÊNCIA'!R25) -> 13 | W32: =SUM('12EG -A- N.D'!R25) -> 13.666667 | Z32: =SUM('12EG -A- A.E.P.M.C'!R25) -> 17.333333 | AC32: =SUM('12EG -A- TEC. ENFER'!R25) -> 13 | AF32: =SUM('12EG -A- A.E.S.M'!R25) -> 14.666667 | AI32: =SUM('12EG -A- PROJ. TEC'!R25) -> 17.333333 | AL32: =SUM('12EG -A- A.E.S.Ç'!R25) -> 12.666667 | AO32: =SUM('12EG -A- GESTÃO ENF.'!R25) -> 12 | AP32: N/TRANSITA | AQ32: =AVERAGE(H32:AO32) -> 13.513889 | AR32: 18 | AS32: F | AU32: IDADE: | AV32: 17
B33: 17 | C33: 2596 | D33: Fátima B. Puila Cassombe | H33: =SUM('12EG -A- S.COLECT.'!R26) -> 14 | K33: =SUM('12EG -A- S. MENTAL'!R26) -> 14.666667 | N33: =SUM('12EG -A- EPIDEMIOL.'!R26) -> 8 | Q33: =SUM('12EG-A- F.A.E'!R26) -> 10 | T33: =SUM('12EG -A- URGÊNCIA'!R26) -> 14.333333 | W33: =SUM('12EG -A- N.D'!R26) -> 15.833333 | Z33: =SUM('12EG -A- A.E.P.M.C'!R26) -> 18.333333 | AC33: =SUM('12EG -A- TEC. ENFER'!R26) -> 13.866667 | AF33: =SUM('12EG -A- A.E.S.M'!R26) -> 14.5 | AI33: =SUM('12EG -A- PROJ. TEC'!R26) -> 17.333333 | AL33: =SUM('12EG -A- A.E.S.Ç'!R26) -> 13.333333 | AO33: =SUM('12EG -A- GESTÃO ENF.'!R26) -> 11.166667 | AP33: N/TRANSITA | AQ33: =AVERAGE(H33:AO33) -> 13.780556 | AR33: 17 | AS33: F
B34: 18 | C34: 2082 | D34: Filomena Lelo Tembo Chibuango | H34: =SUM('12EG -A- S.COLECT.'!R27) -> 14 | K34: =SUM('12EG -A- S. MENTAL'!R27) -> 18.833333 | N34: =SUM('12EG -A- EPIDEMIOL.'!R27) -> 13.666667 | Q34: =SUM('12EG-A- F.A.E'!R27) -> 8.6666667 | T34: =SUM('12EG -A- URGÊNCIA'!R27) -> 11.666667 | W34: =SUM('12EG -A- N.D'!R27) -> 13.833333 | Z34: =SUM('12EG -A- A.E.P.M.C'!R27) -> 16.833333 | AC34: =SUM('12EG -A- TEC. ENFER'!R27) -> 15.166667 | AF34: =SUM('12EG -A- A.E.S.M'!R27) -> 14.666667 | AI34: =SUM('12EG -A- PROJ. TEC'!R27) -> 17.666667 | AL34: =SUM('12EG -A- A.E.S.Ç'!R27) -> 13 | AO34: =SUM('12EG -A- GESTÃO ENF.'!R27) -> 12.166667 | AP34: N/TRANSITA | AQ34: =AVERAGE(H34:AO34) -> 14.180556 | AR34: 17 | AS34: F
B35: 19 | C35: 1936 | D35: Helena Da C. Bumba Bilendo | H35: =SUM('12EG -A- S.COLECT.'!R28) -> 14 | K35: =SUM('12EG -A- S. MENTAL'!R28) -> 15 | N35: =SUM('12EG -A- EPIDEMIOL.'!R28) -> 16 | Q35: =SUM('12EG-A- F.A.E'!R28) -> 10 | T35: =SUM('12EG -A- URGÊNCIA'!R28) -> 9.5 | W35: =SUM('12EG -A- N.D'!R28) -> 16 | Z35: =SUM('12EG -A- A.E.P.M.C'!R28) -> 17.833333 | AC35: =SUM('12EG -A- TEC. ENFER'!R28) -> 10.666667 | AF35: =SUM('12EG -A- A.E.S.M'!R28) -> 15.166667 | AI35: =SUM('12EG -A- PROJ. TEC'!R28) -> 15.666667 | AL35: =SUM('12EG -A- A.E.S.Ç'!R28) -> 14.333333 | AO35: =SUM('12EG -A- GESTÃO ENF.'!R28) -> 10.833333 | AP35: N/TRANSITA | AQ35: =AVERAGE(H35:AO35) -> 13.75 | AR35: 18 | AS35: F
B36: 20 | C36: 2107 | D36: Helena Nzuzi Lembe Gimbi | H36: =SUM('12EG -A- S.COLECT.'!R29) -> 14 | K36: =SUM('12EG -A- S. MENTAL'!R29) -> 10 | N36: =SUM('12EG -A- EPIDEMIOL.'!R29) -> 13 | Q36: =SUM('12EG-A- F.A.E'!R29) -> 0 | T36: =SUM('12EG -A- URGÊNCIA'!R29) -> 9.3333333 | W36: =SUM('12EG -A- N.D'!R29) -> 11 | Z36: =SUM('12EG -A- A.E.P.M.C'!R29) -> 13.333333 | AC36: =SUM('12EG -A- TEC. ENFER'!R29) -> 8.8333333 | AF36: =SUM('12EG -A- A.E.S.M'!R29) -> 9.3333333 | AI36: =SUM('12EG -A- PROJ. TEC'!R29) -> 5.6666667 | AL36: =SUM('12EG -A- A.E.S.Ç'!R29) -> 0 | AO36: =SUM('12EG -A- GESTÃO ENF.'!R29) -> 9.6666667 | AP36: N/TRANSITA | AQ36: =AVERAGE(H36:AO36) -> 8.6805556 | AR36: 17 | AS36: F
B37: 21 | C37: 2477 | D37: Helena Pemba António Brás | H37: =SUM('12EG -A- S.COLECT.'!R30) -> 14 | K37: =SUM('12EG -A- S. MENTAL'!R30) -> 16.166667 | N37: =SUM('12EG -A- EPIDEMIOL.'!R30) -> 12.666667 | Q37: =SUM('12EG-A- F.A.E'!R30) -> 10 | T37: =SUM('12EG -A- URGÊNCIA'!R30) -> 10.166667 | W37: =SUM('12EG -A- N.D'!R30) -> 15.833333 | Z37: =SUM('12EG -A- A.E.P.M.C'!R30) -> 19.166667 | AC37: =SUM('12EG -A- TEC. ENFER'!R30) -> 14.066667 | AF37: =SUM('12EG -A- A.E.S.M'!R30) -> 16 | AI37: =SUM('12EG -A- PROJ. TEC'!R30) -> 17.333333 | AL37: =SUM('12EG -A- A.E.S.Ç'!R30) -> 14.333333 | AO37: =SUM('12EG -A- GESTÃO ENF.'!R30) -> 15.666667 | AP37: TRANSITA | AQ37: =AVERAGE(H37:AO37) -> 14.616667 | AR37: 17 | AS37: F
B38: 22 | C38: 1928 | D38: Isabel Mariana Miala | H38: =SUM('12EG -A- S.COLECT.'!R31) -> 14 | K38: =SUM('12EG -A- S. MENTAL'!R31) -> 13.333333 | N38: =SUM('12EG -A- EPIDEMIOL.'!R31) -> 8.6666667 | Q38: =SUM('12EG-A- F.A.E'!R31) -> 10.666667 | T38: =SUM('12EG -A- URGÊNCIA'!R31) -> 11.666667 | W38: =SUM('12EG -A- N.D'!R31) -> 13.666667 | Z38: =SUM('12EG -A- A.E.P.M.C'!R31) -> 12.666667 | AC38: =SUM('12EG -A- TEC. ENFER'!R31) -> 13 | AF38: =SUM('12EG -A- A.E.S.M'!R31) -> 14 | AI38: =SUM('12EG -A- PROJ. TEC'!R31) -> 17 | AL38: =SUM('12EG -A- A.E.S.Ç'!R31) -> 12.666667 | AO38: =SUM('12EG -A- GESTÃO ENF.'!R31) -> 5.8333333 | AP38: N/TRANSITA | AQ38: =AVERAGE(H38:AO38) -> 12.263889 | AR38: 18 | AS38: F
B39: 23 | C39: 2313 | D39: Isabel Nhongo Luambo Estevão | H39: =SUM('12EG -A- S.COLECT.'!R32) -> 14 | K39: =SUM('12EG -A- S. MENTAL'!R32) -> 12.5 | N39: =SUM('12EG -A- EPIDEMIOL.'!R32) -> 13 | Q39: =SUM('12EG-A- F.A.E'!R32) -> 10.5 | T39: =SUM('12EG -A- URGÊNCIA'!R32) -> 11.333333 | W39: =SUM('12EG -A- N.D'!R32) -> 16.5 | Z39: =SUM('12EG -A- A.E.P.M.C'!R32) -> 18 | AC39: =SUM('12EG -A- TEC. ENFER'!R32) -> 13.266667 | AF39: =SUM('12EG -A- A.E.S.M'!R32) -> 13.5 | AI39: =SUM('12EG -A- PROJ. TEC'!R32) -> 17.666667 | AL39: =SUM('12EG -A- A.E.S.Ç'!R32) -> 15.5 | AO39: =SUM('12EG -A- GESTÃO ENF.'!R32) -> 12.5 | AP39: TRANSITA | AQ39: =AVERAGE(H39:AO39) -> 14.022222 | AR39: 17 | AS39: M
B40: 24 | C40: 2525 | D40: Jerónimo Yombe Vemba | H40: =SUM('12EG -A- S.COLECT.'!R33) -> 14 | K40: =SUM('12EG -A- S. MENTAL'!R33) -> 9 | N40: =SUM('12EG -A- EPIDEMIOL.'!R33) -> 17.333333 | Q40: =SUM('12EG-A- F.A.E'!R33) -> 4 | T40: =SUM('12EG -A- URGÊNCIA'!R33) -> 3 | W40: =SUM('12EG -A- N.D'!R33) -> 8.8333333 | Z40: =SUM('12EG -A- A.E.P.M.C'!R33) -> 10 | AC40: =SUM('12EG -A- TEC. ENFER'!R33) -> 9 | AF40: =SUM('12EG -A- A.E.S.M'!R33) -> 14 | AI40: =SUM('12EG -A- PROJ. TEC'!R33) -> 9.3333333 | AL40: =SUM('12EG -A- A.E.S.Ç'!R33) -> 10 | AO40: =SUM('12EG -A- GESTÃO ENF.'!R33) -> 1.8333333 | AP40: N/TRANSITA | AQ40: =AVERAGE(H40:AO40) -> 9.1944444 | AR40: 17 | AS40: M
B41: 25 | C41: 2163 | D41: Joana Dadiva Ndembe Bueia | H41: =SUM('12EG -A- S.COLECT.'!R34) -> 14 | K41: =SUM('12EG -A- S. MENTAL'!R34) -> 17 | N41: =SUM('12EG -A- EPIDEMIOL.'!R34) -> 9.3333333 | Q41: =SUM('12EG-A- F.A.E'!R34) -> 13.333333 | T41: =SUM('12EG -A- URGÊNCIA'!R34) -> 18.666667 | W41: =SUM('12EG -A- N.D'!R34) -> 18.833333 | Z41: =SUM('12EG -A- A.E.P.M.C'!R34) -> 19.5 | AC41: =SUM('12EG -A- TEC. ENFER'!R34) -> 14.166667 | AF41: =SUM('12EG -A- A.E.S.M'!R34) -> 14.666667 | AI41: =SUM('12EG -A- PROJ. TEC'!R34) -> 18 | AL41: =SUM('12EG -A- A.E.S.Ç'!R34) -> 15.333333 | AO41: =SUM('12EG -A- GESTÃO ENF.'!R34) -> 11.833333 | AP41: TRANSITA | AQ41: =AVERAGE(H41:AO41) -> 15.388889 | AR41: 17 | AS41: F
B42: 26 | C42: 2042 | D42: João Sidónio António | H42: =SUM('12EG -A- S.COLECT.'!R35) -> 14 | K42: =SUM('12EG -A- S. MENTAL'!R35) -> 15 | N42: =SUM('12EG -A- EPIDEMIOL.'!R35) -> 13 | Q42: =SUM('12EG-A- F.A.E'!R35) -> 8.3333333 | T42: =SUM('12EG -A- URGÊNCIA'!R35) -> 4.6666667 | W42: =SUM('12EG -A- N.D'!R35) -> 13 | Z42: =SUM('12EG -A- A.E.P.M.C'!R35) -> 12.5 | AC42: =SUM('12EG -A- TEC. ENFER'!R35) -> 7.3333333 | AF42: =SUM('12EG -A- A.E.S.M'!R35) -> 14.166667 | AI42: =SUM('12EG -A- PROJ. TEC'!R35) -> 10.333333 | AL42: =SUM('12EG -A- A.E.S.Ç'!R35) -> 11.666667 | AO42: =SUM('12EG -A- GESTÃO ENF.'!R35) -> 9.3333333 | AP42: N/TRANSITA | AQ42: =AVERAGE(H42:AO42) -> 11.111111 | AR42: 18 | AS42: M
B43: 27 | C43: 1975 | D43: Jocelma Badila Da Costa | H43: =SUM('12EG -A- S.COLECT.'!R36) -> 14 | K43: =SUM('12EG -A- S. MENTAL'!R36) -> 12.166667 | N43: =SUM('12EG -A- EPIDEMIOL.'!R36) -> 5 | Q43: =SUM('12EG-A- F.A.E'!R36) -> 8.3333333 | T43: =SUM('12EG -A- URGÊNCIA'!R36) -> 11.333333 | W43: =SUM('12EG -A- N.D'!R36) -> 15.333333 | Z43: =SUM('12EG -A- A.E.P.M.C'!R36) -> 18.333333 | AC43: =SUM('12EG -A- TEC. ENFER'!R36) -> 10.166667 | AF43: =SUM('12EG -A- A.E.S.M'!R36) -> 15.333333 | AI43: =SUM('12EG -A- PROJ. TEC'!R36) -> 16.666667 | AL43: =SUM('12EG -A- A.E.S.Ç'!R36) -> 10 | AO43: =SUM('12EG -A- GESTÃO ENF.'!R36) -> 7.3333333 | AP43: N/TRANSITA | AQ43: =AVERAGE(H43:AO43) -> 12 | AR43: 17 | AS43: F
B44: 28 | C44: 1915 | D44: José Francisco Malonda Kibodo | H44: =SUM('12EG -A- S.COLECT.'!R37) -> 14 | K44: =SUM('12EG -A- S. MENTAL'!R37) -> 13.5 | N44: =SUM('12EG -A- EPIDEMIOL.'!R37) -> 6.6666667 | Q44: =SUM('12EG-A- F.A.E'!R37) -> 10 | T44: =SUM('12EG -A- URGÊNCIA'!R37) -> 7 | W44: =SUM('12EG -A- N.D'!R37) -> 15.5 | Z44: =SUM('12EG -A- A.E.P.M.C'!R37) -> 15 | AC44: =SUM('12EG -A- TEC. ENFER'!R37) -> 11.3 | AF44: =SUM('12EG -A- A.E.S.M'!R37) -> 15.666667 | AI44: =SUM('12EG -A- PROJ. TEC'!R37) -> 18.333333 | AL44: =SUM('12EG -A- A.E.S.Ç'!R37) -> 9.6666667 | AO44: =SUM('12EG -A- GESTÃO ENF.'!R37) -> 12.333333 | AP44: N/TRANSITA | AQ44: =AVERAGE(H44:AO44) -> 12.413889 | AR44: 17 | AS44: M
... B58: 42 | C58: 2096 | D58: Zulmira Buanga António | H58: =SUM('12EG -A- S.COLECT.'!R51) -> 14 | K58: =SUM('12EG -A- S. MENTAL'!R51) -> 15 | N58: =SUM('12EG -A- EPIDEMIOL.'!R51) -> 10.666667 | Q58: =SUM('12EG-A- F.A.E'!R51) -> 8.3333333 | T58: =SUM('12EG -A- URGÊNCIA'!R51) -> 8.3333333 | W58: =SUM('12EG -A- N.D'!R51) -> 14.5 | Z58: =SUM('12EG -A- A.E.P.M.C'!R51) -> 11.666667 | AC58: =SUM('12EG -A- TEC. ENFER'!R51) -> 12.333333 | AF58: =SUM('12EG -A- A.E.S.M'!R51) -> 12.666667 | AI58: =SUM('12EG -A- PROJ. TEC'!R51) -> 15.666667 | AL58: =SUM('12EG -A- A.E.S.Ç'!R51) -> 13 | AO58: =SUM('12EG -A- GESTÃO ENF.'!R51) -> 10.666667 | AP58: N/TRANSITA | AQ58: =AVERAGE(H58:AO58) -> 12.236111 | AR58: 17 | AS58: F
B59: DATA DO CONSELHO DE TURMA______/______/2026
B61: O Director de Turma | AA61: O Subdirector Pedagógico
B62: _____________________________________
B63: EDSON DE OLIVEIRA | AA63: ALBERTO SASSA ATI

Sheet 12EG -A- S.COLECT.
A1: INSTITUTO TÉCNICO PRIVADO DE SAÚDE JOMORAIS
B4: Classe: 12ª | L4: Disciplina: Saúde Colectiva | Y4: Ano Lectivo: 2025/2026
B6: Turno: Vespertino | L6: Turma: A | Y6: Curso:ENFERMAGEM GERAL
B7: MINI-PAUTA - SAÚDE
B8: Nº | C8: Nome do (a) Aluno (a) | D8: FALTAS | F8: Avaliações/I Trimestre | L8: OBS | M8: Avaliações/II Trimestre | S8: OBS | T8: Avaliações/III Trimestre | Z8: MFD | AA8: 40% MFD | AB8: EXAME ESCRITO | AC8: 60% NEE | AD8: MF | AE8: OBS
D9: J | E9: I | F9: MAC | G9: NPP | H9: NPR1 | I9: NPT | J9: NPR2 | K9: MT1 | M9: MAC | N9: NPP | O9: NPR1 | P9: NPT | Q9: NPR2 | R9: MT2 | T9: MAC | U9: NPP | V9: NPR1 | W9: NPT | X9: NPR2 | Y9: MT3
B10: 1 | C10: Alberto Filipe Massiala | F10: 13 | G10: 20 | I10: 11 | K10: =AVERAGE(F10,MAX(G10:H10),MAX(I10:J10)) -> 14.666667 | L10: =IF(K10>=10,"TRANSITA","N/TRANSITA") -> TRANSITA | M10: 14 | N10: 14 | P10: 14 | R10: =AVERAGE(M10,MAX(N10:O10),MAX(P10:Q10)) -> 14 | S10: =IF(R10>=10,"TRANSITA","N/TRANSITA") -> TRANSITA | W10: =AVERAGE(T10:U10) -> #DIV/0! | Y10: =AVERAGE(T10,MAX(U10:V10),MAX(W10:X10)) -> #DIV/0! | Z10: =SUM(K10,R10,Y10)/3 -> #DIV/0! | AA10: =Z10*0.4 -> #DIV/0! | AC10: =AB10*0.6 -> 0 | AD10: =AVERAGE(AA10+AC10) -> #DIV/0! | AE10: =IF(AD10>=10,"APROVADO/A","REPROVADO/A") -> #DIV/0!
B11: 2 | C11: Aldina Marta Mavungo Cumbo | F11: 19 | G11: 20 | I11: 20 | K11: =AVERAGE(F11,MAX(G11:H11),MAX(I11:J11)) -> 19.666667 | L11: =IF(K11>=10,"TRANSITA","N/TRANSITA") -> TRANSITA | M11: 14 | N11: 14 | P11: 14 | R11: =AVERAGE(M11,MAX(N11:O11),MAX(P11:Q11)) -> 14 | S11: =IF(R11>=10,"TRANSITA","N/TRANSITA") -> TRANSITA | W11: =AVERAGE(T11:U11) -> #DIV/0! | Y11: =AVERAGE(T11,MAX(U11:V11),MAX(W11:X11)) -> #DIV/0! | Z11: =SUM(K11,R11,Y11)/3 -> #DIV/0! | AA11: =Z11*0.4 -> #DIV/0! | AC11: =AB11*0.6 -> 0 | AD11: =AVERAGE(AA11+AC11) -> #DIV/0! | AE11: =IF(AD11>=10,"APROVADO/A","REPROVADO/A") -> #DIV/0!
B12: 3 | C12: Alice Malonda Lubota Macaia | F12: 18 | G12: 20 | I12: 17.5 | K12: =AVERAGE(F12,MAX(G12:H12),MAX(I12:J12)) -> 18.5 | L12: =IF(K12>=10,"TRANSITA","N/TRANSITA") -> TRANSITA | M12: 14 | N12: 14 | P12: 14 | R12: =AVERAGE(M12,MAX(N12:O12),MAX(P12:Q12)) -> 14 | S12: =IF(R12>=10,"TRANSITA","N/TRANSITA") -> TRANSITA | W12: =AVERAGE(T12:U12) -> #DIV/0! | Y12: =AVERAGE(T12,MAX(U12:V12),MAX(W12:X12)) -> #DIV/0! | Z12: =SUM(K12,R12,Y12)/3 -> #DIV/0! | AA12: =Z12*0.4 -> #DIV/0! | AC12: =AB12*0.6 -> 0 | AD12: =AVERAGE(AA12+AC12) -> #DIV/0! | AE12: =IF(AD12>=10,"APROVADO/A","REPROVADO/A") -> #DIV/0!
B13: 4 | C13: Angelina Kambo Macosso | F13: 17 | G13: 20 | I13: 20 | K13: =AVERAGE(F13,MAX(G13:H13),MAX(I13:J13)) -> 19 | L13: =IF(K13>=10,"TRANSITA","N/TRANSITA") -> TRANSITA | M13: 14 | N13: 14 | P13: 14 | R13: =AVERAGE(M13,MAX(N13:O13),MAX(P13:Q13)) -> 14 | S13: =IF(R13>=10,"TRANSITA","N/TRANSITA") -> TRANSITA | W13: =AVERAGE(T13:U13) -> #DIV/0! | Y13: =AVERAGE(T13,MAX(U13:V13),MAX(W13:X13)) -> #DIV/0! | Z13: =SUM(K13,R13,Y13)/3 -> #DIV/0! | AA13: =Z13*0.4 -> #DIV/0! | AC13: =AB13*0.6 -> 0 | AD13: =AVERAGE(AA13+AC13) -> #DIV/0! | AE13: =IF(AD13>=10,"APROVADO/A","REPROVADO/A") -> #DIV/0!
B14: 5 | C14: Belma Da C. Ngaca Bernardo | F14: 19 | G14: 20 | I14: 20 | K14: =AVERAGE(F14,MAX(G14:H14),MAX(I14:J14)) -> 19.666667 | L14: =IF(K14>=10,"TRANSITA","N/TRANSITA") -> TRANSITA | M14: 14 | N14: 14 | P14: 14 | R14: =AVERAGE(M14,MAX(N14:O14),MAX(P14:Q14)) -> 14 | S14: =IF(R14>=10,"TRANSITA","N/TRANSITA") -> TRANSITA | W14: =AVERAGE(T14:U14) -> #DIV/0! | Y14: =AVERAGE(T14,MAX(U14:V14),MAX(W14:X14)) -> #DIV/0! | Z14: =SUM(K14,R14,Y14)/3 -> #DIV/0! | AA14: =Z14*0.4 -> #DIV/0! | AC14: =AB14*0.6 -> 0 | AD14: =AVERAGE(AA14+AC14) -> #DIV/0! | AE14: =IF(AD14>=10,"APROVADO/A","REPROVADO/A") -> #DIV/0!
B15: 6 | C15: Carolina Teresa Joana Chingui | F15: 16 | G15: 15 | I15: 12.5 | K15: =AVERAGE(F15,MAX(G15:H15),MAX(I15:J15)) -> 14.5 | L15: =IF(K15>=10,"TRANSITA","N/TRANSITA") -> TRANSITA | M15: 14 | N15: 14 | P15: 14 | R15: =AVERAGE(M15,MAX(N15:O15),MAX(P15:Q15)) -> 14 | S15: =IF(R15>=10,"TRANSITA","N/TRANSITA") -> TRANSITA | W15: =AVERAGE(T15:U15) -> #DIV/0! | Y15: =AVERAGE(T15,MAX(U15:V15),MAX(W15:X15)) -> #DIV/0! | Z15: =SUM(K15,R15,Y15)/3 -> #DIV/0! | AA15: =Z15*0.4 -> #DIV/0! | AC15: =AB15*0.6 -> 0 | AD15: =AVERAGE(AA15+AC15) -> #DIV/0! | AE15: =IF(AD15>=10,"APROVADO/A","REPROVADO/A") -> #DIV/0!
B16: 7 | C16: Celma Cecília Macaia Gomes | F16: 16 | G16: 20 | I16: 20 | K16: =AVERAGE(F16,MAX(G16:H16),MAX(I16:J16)) -> 18.666667 | L16: =IF(K16>=10,"TRANSITA","N/TRANSITA") -> TRANSITA | M16: 14 | N16: 14 | P16: 14 | R16: =AVERAGE(M16,MAX(N16:O16),MAX(P16:Q16)) -> 14 | S16: =IF(R16>=10,"TRANSITA","N/TRANSITA") -> TRANSITA | W16: =AVERAGE(T16:U16) -> #DIV/0! | Y16: =AVERAGE(T16,MAX(U16:V16),MAX(W16:X16)) -> #DIV/0! | Z16: =SUM(K16,R16,Y16)/3 -> #DIV/0! | AA16: =Z16*0.4 -> #DIV/0! | AC16: =AB16*0.6 -> 0 | AD16: =AVERAGE(AA16+AC16) -> #DIV/0! | AE16: =IF(AD16>=10,"APROVADO/A","REPROVADO/A") -> #DIV/0!
B17: 8 | C17: Dádiva Ermelinda Gabriel Barros | F17: 16 | G17: 17.5 | I17: 11 | K17: =AVERAGE(F17,MAX(G17:H17),MAX(I17:J17)) -> 14.833333 | L17: =IF(K17>=10,"TRANSITA","N/TRANSITA") -> TRANSITA | M17: 14 | N17: 14 | P17: 14 | R17: =AVERAGE(M17,MAX(N17:O17),MAX(P17:Q17)) -> 14 | S17: =IF(R17>=10,"TRANSITA","N/TRANSITA") -> TRANSITA | W17: =AVERAGE(T17:U17) -> #DIV/0! | Y17: =AVERAGE(T17,MAX(U17:V17),MAX(W17:X17)) -> #DIV/0! | Z17: =SUM(K17,R17,Y17)/3 -> #DIV/0! | AA17: =Z17*0.4 -> #DIV/0! | AC17: =AB17*0.6 -> 0 | AD17: =AVERAGE(AA17+AC17) -> #DIV/0! | AE17: =IF(AD17>=10,"APROVADO/A","REPROVADO/A") -> #DIV/0!
B18: 9 | C18: Daniel Quendo João | F18: 17 | G18: 20 | I18: 18 | K18: =AVERAGE(F18,MAX(G18:H18),MAX(I18:J18)) -> 18.333333 | L18: =IF(K18>=10,"TRANSITA","N/TRANSITA") -> TRANSITA | M18: 14 | N18: 14 | P18: 14 | R18: =AVERAGE(M18,MAX(N18:O18),MAX(P18:Q18)) -> 14 | S18: =IF(R18>=10,"TRANSITA","N/TRANSITA") -> TRANSITA | W18: =AVERAGE(T18:U18) -> #DIV/0! | Y18: =AVERAGE(T18,MAX(U18:V18),MAX(W18:X18)) -> #DIV/0! | Z18: =SUM(K18,R18,Y18)/3 -> #DIV/0! | AA18: =Z18*0.4 -> #DIV/0! | AC18: =AB18*0.6 -> 0 | AD18: =AVERAGE(AA18+AC18) -> #DIV/0! | AE18: =IF(AD18>=10,"APROVADO/A","REPROVADO/A") -> #DIV/0!
B19: 10 | C19: Dina De Lourdes Massala | F19: 18 | G19: 20 | I19: 20 | K19: =AVERAGE(F19,MAX(G19:H19),MAX(I19:J19)) -> 19.333333 | L19: =IF(K19>=10,"TRANSITA","N/TRANSITA") -> TRANSITA | M19: 14 | N19: 14 | P19: 14 | R19: =AVERAGE(M19,MAX(N19:O19),MAX(P19:Q19)) -> 14 | S19: =IF(R19>=10,"TRANSITA","N/TRANSITA") -> TRANSITA | W19: =AVERAGE(T19:U19) -> #DIV/0! | Y19: =AVERAGE(T19,MAX(U19:V19),MAX(W19:X19)) -> #DIV/0! | Z19: =SUM(K19,R19,Y19)/3 -> #DIV/0! | AA19: =Z19*0.4 -> #DIV/0! | AC19: =AB19*0.6 -> 0 | AD19: =AVERAGE(AA19+AC19) -> #DIV/0! | AE19: =IF(AD19>=10,"APROVADO/A","REPROVADO/A") -> #DIV/0!
B20: 11 | C20: Esperança C. Bumba Mabiala | F20: 18 | G20: 20 | I20: 18 | K20: =AVERAGE(F20,MAX(G20:H20),MAX(I20:J20)) -> 18.666667 | L20: =IF(K20>=10,"TRANSITA","N/TRANSITA") -> TRANSITA | M20: 14 | N20: 14 | P20: 14 | R20: =AVERAGE(M20,MAX(N20:O20),MAX(P20:Q20)) -> 14 | S20: =IF(R20>=10,"TRANSITA","N/TRANSITA") -> TRANSITA | W20: =AVERAGE(T20:U20) -> #DIV/0! | Y20: =AVERAGE(T20,MAX(U20:V20),MAX(W20:X20)) -> #DIV/0! | Z20: =SUM(K20,R20,Y20)/3 -> #DIV/0! | AA20: =Z20*0.4 -> #DIV/0! | AC20: =AB20*0.6 -> 0 | AD20: =AVERAGE(AA20+AC20) -> #DIV/0! | AE20: =IF(AD20>=10,"APROVADO/A","REPROVADO/A") -> #DIV/0!
B21: 12 | C21: Esperança Lando Liumba | F21: 15 | G21: 20 | I21: 11 | K21: =AVERAGE(F21,MAX(G21:H21),MAX(I21:J21)) -> 15.333333 | L21: =IF(K21>=10,"TRANSITA","N/TRANSITA") -> TRANSITA | M21: 14 | N21: 14 | P21: 14 | R21: =AVERAGE(M21,MAX(N21:O21),MAX(P21:Q21)) -> 14 | S21: =IF(R21>=10,"TRANSITA","N/TRANSITA") -> TRANSITA | W21: =AVERAGE(T21:U21) -> #DIV/0! | Y21: =AVERAGE(T21,MAX(U21:V21),MAX(W21:X21)) -> #DIV/0! | Z21: =SUM(K21,R21,Y21)/3 -> #DIV/0! | AA21: =Z21*0.4 -> #DIV/0! | AC21: =AB21*0.6 -> 0 | AD21: =AVERAGE(AA21+AC21) -> #DIV/0! | AE21: =IF(AD21>=10,"APROVADO/A","REPROVADO/A") -> #DIV/0!
... B40: 31 | C40: Lídia Pedro Puna | F40: 17 | G40: 20 | I40: 10.5 | K40: =AVERAGE(F40,MAX(G40:H40),MAX(I40:J40)) -> 15.833333 | L40: =IF(K40>=10,"TRANSITA","N/TRANSITA") -> TRANSITA | M40: 14 | N40: 14 | P40: 14 | R40: =AVERAGE(M40,MAX(N40:O40),MAX(P40:Q40)) -> 14 | S40: =IF(R40>=10,"TRANSITA","N/TRANSITA") -> TRANSITA | W40: =AVERAGE(T40:U40) -> #DIV/0! | Y40: =AVERAGE(T40,MAX(U40:V40),MAX(W40:X40)) -> #DIV/0! | Z40: =SUM(K40,R40,Y40)/3 -> #DIV/0! | AA40: =Z40*0.4 -> #DIV/0! | AC40: =AB40*0.6 -> 0 | AD40: =AVERAGE(AA40+AC40) -> #DIV/0! | AE40: =IF(AD40>=10,"APROVADO/A","REPROVADO/A") -> #DIV/0!
B41: 32 | C41: Lúcia Dicuela Bangala Muanda | F41: 15 | G41: 20 | I41: 15 | K41: =AVERAGE(F41,MAX(G41:H41),MAX(I41:J41)) -> 16.666667 | L41: =IF(K41>=10,"TRANSITA","N/TRANSITA") -> TRANSITA | M41: 14 | N41: 14 | P41: 14 | R41: =AVERAGE(M41,MAX(N41:O41),MAX(P41:Q41)) -> 14 | S41: =IF(R41>=10,"TRANSITA","N/TRANSITA") -> TRANSITA | W41: =AVERAGE(T41:U41) -> #DIV/0! | Y41: =AVERAGE(T41,MAX(U41:V41),MAX(W41:X41)) -> #DIV/0! | Z41: =SUM(K41,R41,Y41)/3 -> #DIV/0! | AA41: =Z41*0.4 -> #DIV/0! | AC41: =AB41*0.6 -> 0 | AD41: =AVERAGE(AA41+AC41) -> #DIV/0!
B42: 33 | C42: Manuela Lopes Moio Capita | F42: 17 | G42: 20 | I42: 20 | K42: =AVERAGE(F42,MAX(G42:H42),MAX(I42:J42)) -> 19 | L42: =IF(K42>=10,"TRANSITA","N/TRANSITA") -> TRANSITA | M42: 14 | N42: 14 | P42: 14 | R42: =AVERAGE(M42,MAX(N42:O42),MAX(P42:Q42)) -> 14 | S42: =IF(R42>=10,"TRANSITA","N/TRANSITA") -> TRANSITA | W42: =AVERAGE(T42:U42) -> #DIV/0! | Y42: =AVERAGE(T42,MAX(U42:V42),MAX(W42:X42)) -> #DIV/0! | Z42: =SUM(K42,R42,Y42)/3 -> #DIV/0! | AA42: =Z42*0.4 -> #DIV/0! | AC42: =AB42*0.6 -> 0 | AD42: =AVERAGE(AA42+AC42) -> #DIV/0! | AE42: =IF(AD42>=10,"APROVADO/A","REPROVADO/A") -> #DIV/0!
B43: 34 | C43: Maria Da Conceição Buca Yoba | F43: 18 | G43: 20 | I43: 18.5 | K43: =AVERAGE(F43,MAX(G43:H43),MAX(I43:J43)) -> 18.833333 | L43: =IF(K43>=10,"TRANSITA","N/TRANSITA") -> TRANSITA | M43: 14 | N43: 14 | P43: 14 | R43: =AVERAGE(M43,MAX(N43:O43),MAX(P43:Q43)) -> 14 | S43: =IF(R43>=10,"TRANSITA","N/TRANSITA") -> TRANSITA | W43: =AVERAGE(T43:U43) -> #DIV/0! | Y43: =AVERAGE(T43,MAX(U43:V43),MAX(W43:X43)) -> #DIV/0! | Z43: =SUM(K43,R43,Y43)/3 -> #DIV/0! | AA43: =Z43*0.4 -> #DIV/0! | AC43: =AB43*0.6 -> 0 | AD43: =AVERAGE(AA43+AC43) -> #DIV/0! | AE43: =IF(AD43>=10,"APROVADO/A","REPROVADO/A") -> #DIV/0!
B44: 35 | C44: Maria Rosa Brás | F44: 16 | G44: 17.5 | I44: 20 | K44: =AVERAGE(F44,MAX(G44:H44),MAX(I44:J44)) -> 17.833333 | L44: =IF(K44>=10,"TRANSITA","N/TRANSITA") -> TRANSITA | M44: 14 | N44: 14 | P44: 14 | R44: =AVERAGE(M44,MAX(N44:O44),MAX(P44:Q44)) -> 14 | S44: =IF(R44>=10,"TRANSITA","N/TRANSITA") -> TRANSITA | W44: =AVERAGE(T44:U44) -> #DIV/0! | Y44: =AVERAGE(T44,MAX(U44:V44),MAX(W44:X44)) -> #DIV/0! | Z44: =SUM(K44,R44,Y44)/3 -> #DIV/0! | AA44: =Z44*0.4 -> #DIV/0! | AC44: =AB44*0.6 -> 0 | AD44: =AVERAGE(AA44+AC44) -> #DIV/0! | AE44: =IF(AD44>=10,"APROVADO/A","REPROVADO/A") -> #DIV/0!
B45: 36 | C45: Marta Gabriel Muela | F45: 13 | G45: 13.5 | I45: 15 | K45: =AVERAGE(F45,MAX(G45:H45),MAX(I45:J45)) -> 13.833333 | L45: =IF(K45>=10,"TRANSITA","N/TRANSITA") -> TRANSITA | M45: 14 | N45: 14 | P45: 14 | R45: =AVERAGE(M45,MAX(N45:O45),MAX(P45:Q45)) -> 14 | S45: =IF(R45>=10,"TRANSITA","N/TRANSITA") -> TRANSITA | W45: =AVERAGE(T45:U45) -> #DIV/0! | Y45: =AVERAGE(T45,MAX(U45:V45),MAX(W45:X45)) -> #DIV/0! | Z45: =SUM(K45,R45,Y45)/3 -> #DIV/0! | AA45: =Z45*0.4 -> #DIV/0! | AC45: =AB45*0.6 -> 0 | AD45: =AVERAGE(AA45+AC45) -> #DIV/0! | AE45: =IF(AD45>=10,"APROVADO/A","REPROVADO/A") -> #DIV/0!
B46: 37 | C46: Martina Cumba Muendo Nvemba | F46: 18 | G46: 20 | I46: 20 | K46: =AVERAGE(F46,MAX(G46:H46),MAX(I46:J46)) -> 19.333333 | L46: =IF(K46>=10,"TRANSITA","N/TRANSITA") -> TRANSITA | M46: 14 | N46: 14 | P46: 14 | R46: =AVERAGE(M46,MAX(N46:O46),MAX(P46:Q46)) -> 14 | S46: =IF(R46>=10,"TRANSITA","N/TRANSITA") -> TRANSITA | W46: =AVERAGE(T46:U46) -> #DIV/0! | Y46: =AVERAGE(T46,MAX(U46:V46),MAX(W46:X46)) -> #DIV/0! | Z46: =SUM(K46,R46,Y46)/3 -> #DIV/0! | AA46: =Z46*0.4 -> #DIV/0! | AC46: =AB46*0.6 -> 0 | AD46: =AVERAGE(AA46+AC46) -> #DIV/0! | AE46: =IF(AD46>=10,"APROVADO/A","REPROVADO/A") -> #DIV/0!
B47: 38 | C47: Raimundo Luís Gime Bussaco | F47: 19 | G47: 20 | I47: 20 | K47: =AVERAGE(F47,MAX(G47:H47),MAX(I47:J47)) -> 19.666667 | L47: =IF(K47>=10,"TRANSITA","N/TRANSITA") -> TRANSITA | M47: 14 | N47: 14 | P47: 14 | R47: =AVERAGE(M47,MAX(N47:O47),MAX(P47:Q47)) -> 14 | S47: =IF(R47>=10,"TRANSITA","N/TRANSITA") -> TRANSITA | W47: =AVERAGE(T47:U47) -> #DIV/0! | Y47: =AVERAGE(T47,MAX(U47:V47),MAX(W47:X47)) -> #DIV/0! | Z47: =SUM(K47,R47,Y47)/3 -> #DIV/0! | AA47: =Z47*0.4 -> #DIV/0! | AC47: =AB47*0.6 -> 0 | AD47: =AVERAGE(AA47+AC47) -> #DIV/0! | AE47: =IF(AD47>=10,"APROVADO/A","REPROVADO/A") -> #DIV/0!
B48: 39 | C48: Rosária Domingas Mangovo | F48: 17 | G48: 20 | I48: 10 | K48: =AVERAGE(F48,MAX(G48:H48),MAX(I48:J48)) -> 15.666667 | L48: =IF(K48>=10,"TRANSITA","N/TRANSITA") -> TRANSITA | M48: 14 | N48: 14 | P48: 14 | R48: =AVERAGE(M48,MAX(N48:O48),MAX(P48:Q48)) -> 14 | S48: =IF(R48>=10,"TRANSITA","N/TRANSITA") -> TRANSITA | W48: =AVERAGE(T48:U48) -> #DIV/0! | Y48: =AVERAGE(T48,MAX(U48:V48),MAX(W48:X48)) -> #DIV/0! | Z48: =SUM(K48,R48,Y48)/3 -> #DIV/0! | AA48: =Z48*0.4 -> #DIV/0! | AC48: =AB48*0.6 -> 0 | AD48: =AVERAGE(AA48+AC48) -> #DIV/0! | AE48: =IF(AD48>=10,"APROVADO/A","REPROVADO/A") -> #DIV/0!
B49: 40 | C49: Silvia Amada Castelão Morais | D49: 0 | F49: 15 | G49: 13 | I49: 17 | K49: =AVERAGE(F49,MAX(G49:H49),MAX(I49:J49)) -> 15 | L49: =IF(K49>=10,"TRANSITA","N/TRANSITA") -> TRANSITA | M49: 14 | N49: 14 | P49: 14 | R49: =AVERAGE(M49,MAX(N49:O49),MAX(P49:Q49)) -> 14 | S49: =IF(R49>=10,"TRANSITA","N/TRANSITA") -> TRANSITA | W49: =AVERAGE(T49:U49) -> #DIV/0! | Y49: =AVERAGE(T49,MAX(U49:V49),MAX(W49:X49)) -> #DIV/0! | Z49: =SUM(K49,R49,Y49)/3 -> #DIV/0! | AA49: =Z49*0.4 -> #DIV/0! | AC49: =AB49*0.6 -> 0 | AD49: =AVERAGE(AA49+AC49) -> #DIV/0! | AE49: =IF(AD49>=10,"APROVADO/A","REPROVADO/A") -> #DIV/0!
B50: 41 | C50: Teresa Gomes Baza | F50: 15 | G50: 20 | I50: 15 | K50: =AVERAGE(F50,MAX(G50:H50),MAX(I50:J50)) -> 16.666667 | L50: =IF(K50>=10,"TRANSITA","N/TRANSITA") -> TRANSITA | M50: 14 | N50: 14 | P50: 14 | R50: =AVERAGE(M50,MAX(N50:O50),MAX(P50:Q50)) -> 14 | S50: =IF(R50>=10,"TRANSITA","N/TRANSITA") -> TRANSITA | W50: =AVERAGE(T50:U50) -> #DIV/0! | Y50: =AVERAGE(T50,MAX(U50:V50),MAX(W50:X50)) -> #DIV/0! | Z50: =SUM(K50,R50,Y50)/3 -> #DIV/0! | AA50: =Z50*0.4 -> #DIV/0! | AC50: =AB50*0.6 -> 0 | AD50: =AVERAGE(AA50+AC50) -> #DIV/0! | AE50: =IF(AD50>=10,"APROVADO/A","REPROVADO/A") -> #DIV/0!
B51: 42 | C51: Zulmira Buanga António | F51: 12 | G51: 12 | I51: 12 | K51: =AVERAGE(F51,MAX(G51:H51),MAX(I51:J51)) -> 12 | L51: =IF(K51>=10,"TRANSITA","N/TRANSITA") -> TRANSITA | M51: 14 | N51: 14 | P51: 14 | R51: =AVERAGE(M51,MAX(N51:O51),MAX(P51:Q51)) -> 14 | S51: =IF(R51>=10,"TRANSITA","N/TRANSITA") -> TRANSITA | W51: =AVERAGE(T51:U51) -> #DIV/0! | Y51: =AVERAGE(T51,MAX(U51:V51),MAX(W51:X51)) -> #DIV/0! | Z51: =SUM(K51,R51,Y51)/3 -> #DIV/0! | AA51: =Z51*0.4 -> #DIV/0! | AC51: =AB51*0.6 -> 0 | AD51: =AVERAGE(AA51+AC51) -> #DIV/0! | AE51: =IF(AD51>=10,"APROVADO/A","REPROVADO/A") -> #DIV/0!
A53: INSTITUTO TÉCNICO PRIVADO DE SAÚDE JOMORAIS, 12 de dezembro de 2025. -
A55: O (A) Professor (a) | R55: O Subdirector Pedagógico
B56: _____________________________
R57: ALBERTO SASSA TATI

Sheet 12EG -A- S. MENTAL
A1: INSTITUTO TÉCNICO PRIVADO DE SAÚDE JOMORAIS
B4: Classe: 12ª | L4: Disciplina: Saúde Mental | Y4: Ano Lectivo: 2025/2026
B6: Turno: Vespertino | L6: Turma: A | Y6: Curso:ENFERMAGEM GERAL
B7: MINI-PAUTA - SAÚDE
B8: Nº | C8: Nome do (a) Aluno (a) | D8: FALTAS | F8: Avaliações/I Trimestre | L8: OBS | M8: Avaliações/II Trimestre | S8: OBS | T8: Avaliações/III Trimestre | Z8: MFD | AA8: 40% MFD | AB8: EXAME ESCRITO | AC8: 60% NEE | AD8: MF | AE8: OBS
D9: J | E9: I | F9: MAC | G9: NPP | H9: NPR1 | I9: NPT | J9: NPR2 | K9: MT1 | M9: MAC | N9: NPP | O9: NPR1 | P9: NPT | Q9: NPR2 | R9: MT2 | T9: MAC | U9: NPP | V9: NPR1 | W9: NPT | X9: NPR2 | Y9: MT3
B10: 1 | C10: Alberto Filipe Massiala | F10: 10 | G10: 13 | I10: 0 | K10: =AVERAGE(F10,MAX(G10:H10),MAX(I10:J10)) -> 7.6666667 | L10: =IF(K10>=10,"TRANSITA","N/TRANSITA") -> N/TRANSITA | M10: 6 | N10: 11.5 | P10: 10 | R10: =AVERAGE(M10,MAX(N10:O10),MAX(P10:Q10)) -> 9.1666667 | S10: =IF(R10>=10,"TRANSITA","N/TRANSITA") -> N/TRANSITA | W10: =AVERAGE(T10:U10) -> #DIV/0! | Y10: =AVERAGE(T10,MAX(U10:V10),MAX(W10:X10)) -> #DIV/0! | Z10: =SUM(K10,R10,Y10)/3 -> #DIV/0! | AA10: =Z10*0.4 -> #DIV/0! | AC10: =AB10*0.6 -> 0 | AD10: =AVERAGE(AA10+AC10) -> #DIV/0! | AE10: =IF(AD10>=10,"APROVADO/A","REPROVADO/A") -> #DIV/0!
B11: 2 | C11: Aldina Marta Mavungo Cumbo | F11: 15 | G11: 16 | I11: 17 | K11: =AVERAGE(F11,MAX(G11:H11),MAX(I11:J11)) -> 16 | L11: =IF(K11>=10,"TRANSITA","N/TRANSITA") -> TRANSITA | M11: 5 | N11: 18.5 | P11: 13 | R11: =AVERAGE(M11,MAX(N11:O11),MAX(P11:Q11)) -> 12.166667 | S11: =IF(R11>=10,"TRANSITA","N/TRANSITA") -> TRANSITA | W11: =AVERAGE(T11:U11) -> #DIV/0! | Y11: =AVERAGE(T11,MAX(U11:V11),MAX(W11:X11)) -> #DIV/0! | Z11: =SUM(K11,R11,Y11)/3 -> #DIV/0! | AA11: =Z11*0.4 -> #DIV/0! | AC11: =AB11*0.6 -> 0 | AD11: =AVERAGE(AA11+AC11) -> #DIV/0! | AE11: =IF(AD11>=10,"APROVADO/A","REPROVADO/A") -> #DIV/0!
B12: 3 | C12: Alice Malonda Lubota Macaia | F12: 12 | G12: 16 | I12: 17 | K12: =AVERAGE(F12,MAX(G12:H12),MAX(I12:J12)) -> 15 | L12: =IF(K12>=10,"TRANSITA","N/TRANSITA") -> TRANSITA | M12: 15 | N12: 17.5 | P12: 15 | R12: =AVERAGE(M12,MAX(N12:O12),MAX(P12:Q12)) -> 15.833333 | S12: =IF(R12>=10,"TRANSITA","N/TRANSITA") -> TRANSITA | W12: =AVERAGE(T12:U12) -> #DIV/0! | Y12: =AVERAGE(T12,MAX(U12:V12),MAX(W12:X12)) -> #DIV/0! | Z12: =SUM(K12,R12,Y12)/3 -> #DIV/0! | AA12: =Z12*0.4 -> #DIV/0! | AC12: =AB12*0.6 -> 0 | AD12: =AVERAGE(AA12+AC12) -> #DIV/0! | AE12: =IF(AD12>=10,"APROVADO/A","REPROVADO/A") -> #DIV/0!
B13: 4 | C13: Angelina Kambo Macosso | F13: 12 | G13: 14 | I13: 17.5 | K13: =AVERAGE(F13,MAX(G13:H13),MAX(I13:J13)) -> 14.5 | L13: =IF(K13>=10,"TRANSITA","N/TRANSITA") -> TRANSITA | M13: 8 | N13: 19.5 | P13: 17 | R13: =AVERAGE(M13,MAX(N13:O13),MAX(P13:Q13)) -> 14.833333 | S13: =IF(R13>=10,"TRANSITA","N/TRANSITA") -> TRANSITA | W13: =AVERAGE(T13:U13) -> #DIV/0! | Y13: =AVERAGE(T13,MAX(U13:V13),MAX(W13:X13)) -> #DIV/0! | Z13: =SUM(K13,R13,Y13)/3 -> #DIV/0! | AA13: =Z13*0.4 -> #DIV/0! | AC13: =AB13*0.6 -> 0 | AD13: =AVERAGE(AA13+AC13) -> #DIV/0! | AE13: =IF(AD13>=10,"APROVADO/A","REPROVADO/A") -> #DIV/0!
B14: 5 | C14: Belma Da C. Ngaca Bernardo | F14: 16 | G14: 14 | I14: 19 | K14: =AVERAGE(F14,MAX(G14:H14),MAX(I14:J14)) -> 16.333333 | L14: =IF(K14>=10,"TRANSITA","N/TRANSITA") -> TRANSITA | M14: 20 | N14: 20 | P14: 20 | R14: =AVERAGE(M14,MAX(N14:O14),MAX(P14:Q14)) -> 20 | S14: =IF(R14>=10,"TRANSITA","N/TRANSITA") -> TRANSITA | W14: =AVERAGE(T14:U14) -> #DIV/0! | Y14: =AVERAGE(T14,MAX(U14:V14),MAX(W14:X14)) -> #DIV/0! | Z14: =SUM(K14,R14,Y14)/3 -> #DIV/0! | AA14: =Z14*0.4 -> #DIV/0! | AC14: =AB14*0.6 -> 0 | AD14: =AVERAGE(AA14+AC14) -> #DIV/0! | AE14: =IF(AD14>=10,"APROVADO/A","REPROVADO/A") -> #DIV/0!
B15: 6 | C15: Carolina Teresa Joana Chingui | F15: 12 | G15: 16 | I15: 15 | K15: =AVERAGE(F15,MAX(G15:H15),MAX(I15:J15)) -> 14.333333 | L15: =IF(K15>=10,"TRANSITA","N/TRANSITA") -> TRANSITA | M15: 5 | N15: 16 | P15: 19 | R15: =AVERAGE(M15,MAX(N15:O15),MAX(P15:Q15)) -> 13.333333 | S15: =IF(R15>=10,"TRANSITA","N/TRANSITA") -> TRANSITA | W15: =AVERAGE(T15:U15) -> #DIV/0! | Y15: =AVERAGE(T15,MAX(U15:V15),MAX(W15:X15)) -> #DIV/0! | Z15: =SUM(K15,R15,Y15)/3 -> #DIV/0! | AA15: =Z15*0.4 -> #DIV/0! | AC15: =AB15*0.6 -> 0 | AD15: =AVERAGE(AA15+AC15) -> #DIV/0! | AE15: =IF(AD15>=10,"APROVADO/A","REPROVADO/A") -> #DIV/0!
B16: 7 | C16: Celma Cecília Macaia Gomes | F16: 12 | G16: 14 | I16: 17.5 | K16: =AVERAGE(F16,MAX(G16:H16),MAX(I16:J16)) -> 14.5 | L16: =IF(K16>=10,"TRANSITA","N/TRANSITA") -> TRANSITA | M16: 12 | N16: 16.5 | P16: 17 | R16: =AVERAGE(M16,MAX(N16:O16),MAX(P16:Q16)) -> 15.166667 | S16: =IF(R16>=10,"TRANSITA","N/TRANSITA") -> TRANSITA | W16: =AVERAGE(T16:U16) -> #DIV/0! | Y16: =AVERAGE(T16,MAX(U16:V16),MAX(W16:X16)) -> #DIV/0! | Z16: =SUM(K16,R16,Y16)/3 -> #DIV/0! | AA16: =Z16*0.4 -> #DIV/0! | AC16: =AB16*0.6 -> 0 | AD16: =AVERAGE(AA16+AC16) -> #DIV/0! | AE16: =IF(AD16>=10,"APROVADO/A","REPROVADO/A") -> #DIV/0!
B17: 8 | C17: Dádiva Ermelinda Gabriel Barros | F17: 12 | G17: 13 | I17: 11 | K17: =AVERAGE(F17,MAX(G17:H17),MAX(I17:J17)) -> 12 | L17: =IF(K17>=10,"TRANSITA","N/TRANSITA") -> TRANSITA | M17: 7 | N17: 15 | P17: 14 | R17: =AVERAGE(M17,MAX(N17:O17),MAX(P17:Q17)) -> 12 | S17: =IF(R17>=10,"TRANSITA","N/TRANSITA") -> TRANSITA | W17: =AVERAGE(T17:U17) -> #DIV/0! | Y17: =AVERAGE(T17,MAX(U17:V17),MAX(W17:X17)) -> #DIV/0! | Z17: =SUM(K17,R17,Y17)/3 -> #DIV/0! | AA17: =Z17*0.4 -> #DIV/0! | AC17: =AB17*0.6 -> 0 | AD17: =AVERAGE(AA17+AC17) -> #DIV/0! | AE17: =IF(AD17>=10,"APROVADO/A","REPROVADO/A") -> #DIV/0!
B18: 9 | C18: Daniel Quendo João | F18: 10 | G18: 8 | I18: 4 | K18: =AVERAGE(F18,MAX(G18:H18),MAX(I18:J18)) -> 7.3333333 | L18: =IF(K18>=10,"TRANSITA","N/TRANSITA") -> N/TRANSITA | M18: 8 | N18: 7 | P18: 10 | R18: =AVERAGE(M18,MAX(N18:O18),MAX(P18:Q18)) -> 8.3333333 | S18: =IF(R18>=10,"TRANSITA","N/TRANSITA") -> N/TRANSITA | W18: =AVERAGE(T18:U18) -> #DIV/0! | Y18: =AVERAGE(T18,MAX(U18:V18),MAX(W18:X18)) -> #DIV/0! | Z18: =SUM(K18,R18,Y18)/3 -> #DIV/0! | AA18: =Z18*0.4 -> #DIV/0! | AC18: =AB18*0.6 -> 0 | AD18: =AVERAGE(AA18+AC18) -> #DIV/0! | AE18: =IF(AD18>=10,"APROVADO/A","REPROVADO/A") -> #DIV/0!
B19: 10 | C19: Dina De Lourdes Massala | F19: 12 | G19: 16 | I19: 16.5 | K19: =AVERAGE(F19,MAX(G19:H19),MAX(I19:J19)) -> 14.833333 | L19: =IF(K19>=10,"TRANSITA","N/TRANSITA") -> TRANSITA | M19: 4 | N19: 19 | P19: 15 | R19: =AVERAGE(M19,MAX(N19:O19),MAX(P19:Q19)) -> 12.666667 | S19: =IF(R19>=10,"TRANSITA","N/TRANSITA") -> TRANSITA | W19: =AVERAGE(T19:U19) -> #DIV/0! | Y19: =AVERAGE(T19,MAX(U19:V19),MAX(W19:X19)) -> #DIV/0! | Z19: =SUM(K19,R19,Y19)/3 -> #DIV/0! | AA19: =Z19*0.4 -> #DIV/0! | AC19: =AB19*0.6 -> 0 | AD19: =AVERAGE(AA19+AC19) -> #DIV/0! | AE19: =IF(AD19>=10,"APROVADO/A","REPROVADO/A") -> #DIV/0!
B20: 11 | C20: Esperança C. Bumba Mabiala | F20: 12 | G20: 15 | I20: 15 | K20: =AVERAGE(F20,MAX(G20:H20),MAX(I20:J20)) -> 14 | L20: =IF(K20>=10,"TRANSITA","N/TRANSITA") -> TRANSITA | M20: 15 | N20: 19 | P20: 18 | R20: =AVERAGE(M20,MAX(N20:O20),MAX(P20:Q20)) -> 17.333333 | S20: =IF(R20>=10,"TRANSITA","N/TRANSITA") -> TRANSITA | W20: =AVERAGE(T20:U20) -> #DIV/0! | Y20: =AVERAGE(T20,MAX(U20:V20),MAX(W20:X20)) -> #DIV/0! | Z20: =SUM(K20,R20,Y20)/3 -> #DIV/0! | AA20: =Z20*0.4 -> #DIV/0! | AC20: =AB20*0.6 -> 0 | AD20: =AVERAGE(AA20+AC20) -> #DIV/0! | AE20: =IF(AD20>=10,"APROVADO/A","REPROVADO/A") -> #DIV/0!
B21: 12 | C21: Esperança Lando Liumba | F21: 12 | G21: 16 | I21: 18 | K21: =AVERAGE(F21,MAX(G21:H21),MAX(I21:J21)) -> 15.333333 | L21: =IF(K21>=10,"TRANSITA","N/TRANSITA") -> TRANSITA | M21: 6 | N21: 17.5 | P21: 20 | R21: =AVERAGE(M21,MAX(N21:O21),MAX(P21:Q21)) -> 14.5 | S21: =IF(R21>=10,"TRANSITA","N/TRANSITA") -> TRANSITA | W21: =AVERAGE(T21:U21) -> #DIV/0! | Y21: =AVERAGE(T21,MAX(U21:V21),MAX(W21:X21)) -> #DIV/0! | Z21: =SUM(K21,R21,Y21)/3 -> #DIV/0! | AA21: =Z21*0.4 -> #DIV/0! | AC21: =AB21*0.6 -> 0 | AD21: =AVERAGE(AA21+AC21) -> #DIV/0! | AE21: =IF(AD21>=10,"APROVADO/A","REPROVADO/A") -> #DIV/0!
... B40: 31 | C40: Lídia Pedro Puna | F40: 12 | G40: 14 | I40: 17.5 | K40: =AVERAGE(F40,MAX(G40:H40),MAX(I40:J40)) -> 14.5 | L40: =IF(K40>=10,"TRANSITA","N/TRANSITA") -> TRANSITA | M40: 14 | N40: 20 | P40: 14 | R40: =AVERAGE(M40,MAX(N40:O40),MAX(P40:Q40)) -> 16 | S40: =IF(R40>=10,"TRANSITA","N/TRANSITA") -> TRANSITA | W40: =AVERAGE(T40:U40) -> #DIV/0! | Y40: =AVERAGE(T40,MAX(U40:V40),MAX(W40:X40)) -> #DIV/0! | Z40: =SUM(K40,R40,Y40)/3 -> #DIV/0! | AA40: =Z40*0.4 -> #DIV/0! | AC40: =AB40*0.6 -> 0 | AD40: =AVERAGE(AA40+AC40) -> #DIV/0! | AE40: =IF(AD40>=10,"APROVADO/A","REPROVADO/A") -> #DIV/0!
B41: 32 | C41: Lúcia Dicuela Bangala Muanda | F41: 14 | G41: 16 | I41: 18 | K41: =AVERAGE(F41,MAX(G41:H41),MAX(I41:J41)) -> 16 | L41: =IF(K41>=10,"TRANSITA","N/TRANSITA") -> TRANSITA | M41: 12 | N41: 18 | P41: 16 | R41: =AVERAGE(M41,MAX(N41:O41),MAX(P41:Q41)) -> 15.333333 | S41: =IF(R41>=10,"TRANSITA","N/TRANSITA") -> TRANSITA | W41: =AVERAGE(T41:U41) -> #DIV/0! | Y41: =AVERAGE(T41,MAX(U41:V41),MAX(W41:X41)) -> #DIV/0! | Z41: =SUM(K41,R41,Y41)/3 -> #DIV/0! | AA41: =Z41*0.4 -> #DIV/0! | AC41: =AB41*0.6 -> 0 | AD41: =AVERAGE(AA41+AC41) -> #DIV/0!
B42: 33 | C42: Manuela Lopes Moio Capita | F42: 12 | G42: 9 | I42: 17 | K42: =AVERAGE(F42,MAX(G42:H42),MAX(I42:J42)) -> 12.666667 | L42: =IF(K42>=10,"TRANSITA","N/TRANSITA") -> TRANSITA | M42: 8 | N42: 16 | P42: 16 | R42: =AVERAGE(M42,MAX(N42:O42),MAX(P42:Q42)) -> 13.333333 | S42: =IF(R42>=10,"TRANSITA","N/TRANSITA") -> TRANSITA | W42: =AVERAGE(T42:U42) -> #DIV/0! | Y42: =AVERAGE(T42,MAX(U42:V42),MAX(W42:X42)) -> #DIV/0! | Z42: =SUM(K42,R42,Y42)/3 -> #DIV/0! | AA42: =Z42*0.4 -> #DIV/0! | AC42: =AB42*0.6 -> 0 | AD42: =AVERAGE(AA42+AC42) -> #DIV/0! | AE42: =IF(AD42>=10,"APROVADO/A","REPROVADO/A") -> #DIV/0!
B43: 34 | C43: Maria Da Conceição Buca Yoba | F43: 12 | G43: 14 | I43: 18 | K43: =AVERAGE(F43,MAX(G43:H43),MAX(I43:J43)) -> 14.666667 | L43: =IF(K43>=10,"TRANSITA","N/TRANSITA") -> TRANSITA | M43: 5 | N43: 19 | P43: 13 | R43: =AVERAGE(M43,MAX(N43:O43),MAX(P43:Q43)) -> 12.333333 | S43: =IF(R43>=10,"TRANSITA","N/TRANSITA") -> TRANSITA | W43: =AVERAGE(T43:U43) -> #DIV/0! | Y43: =AVERAGE(T43,MAX(U43:V43),MAX(W43:X43)) -> #DIV/0! | Z43: =SUM(K43,R43,Y43)/3 -> #DIV/0! | AA43: =Z43*0.4 -> #DIV/0! | AC43: =AB43*0.6 -> 0 | AD43: =AVERAGE(AA43+AC43) -> #DIV/0! | AE43: =IF(AD43>=10,"APROVADO/A","REPROVADO/A") -> #DIV/0!
B44: 35 | C44: Maria Rosa Brás | F44: 12 | G44: 15 | I44: 18 | K44: =AVERAGE(F44,MAX(G44:H44),MAX(I44:J44)) -> 15 | L44: =IF(K44>=10,"TRANSITA","N/TRANSITA") -> TRANSITA | M44: 12 | N44: 20 | P44: 18 | R44: =AVERAGE(M44,MAX(N44:O44),MAX(P44:Q44)) -> 16.666667 | S44: =IF(R44>=10,"TRANSITA","N/TRANSITA") -> TRANSITA | W44: =AVERAGE(T44:U44) -> #DIV/0! | Y44: =AVERAGE(T44,MAX(U44:V44),MAX(W44:X44)) -> #DIV/0! | Z44: =SUM(K44,R44,Y44)/3 -> #DIV/0! | AA44: =Z44*0.4 -> #DIV/0! | AC44: =AB44*0.6 -> 0 | AD44: =AVERAGE(AA44+AC44) -> #DIV/0! | AE44: =IF(AD44>=10,"APROVADO/A","REPROVADO/A") -> #DIV/0!
B45: 36 | C45: Marta Gabriel Muela | F45: 12 | G45: 16 | I45: 19 | K45: =AVERAGE(F45,MAX(G45:H45),MAX(I45:J45)) -> 15.666667 | L45: =IF(K45>=10,"TRANSITA","N/TRANSITA") -> TRANSITA | M45: 12 | N45: 18.5 | P45: 13 | R45: =AVERAGE(M45,MAX(N45:O45),MAX(P45:Q45)) -> 14.5 | S45: =IF(R45>=10,"TRANSITA","N/TRANSITA") -> TRANSITA | W45: =AVERAGE(T45:U45) -> #DIV/0! | Y45: =AVERAGE(T45,MAX(U45:V45),MAX(W45:X45)) -> #DIV/0! | Z45: =SUM(K45,R45,Y45)/3 -> #DIV/0! | AA45: =Z45*0.4 -> #DIV/0! | AC45: =AB45*0.6 -> 0 | AD45: =AVERAGE(AA45+AC45) -> #DIV/0! | AE45: =IF(AD45>=10,"APROVADO/A","REPROVADO/A") -> #DIV/0!
B46: 37 | C46: Martina Cumba Muendo Nvemba | F46: 15 | G46: 15 | I46: 18 | K46: =AVERAGE(F46,MAX(G46:H46),MAX(I46:J46)) -> 16 | L46: =IF(K46>=10,"TRANSITA","N/TRANSITA") -> TRANSITA | M46: 19 | N46: 20 | P46: 18 | R46: =AVERAGE(M46,MAX(N46:O46),MAX(P46:Q46)) -> 19 | S46: =IF(R46>=10,"TRANSITA","N/TRANSITA") -> TRANSITA | W46: =AVERAGE(T46:U46) -> #DIV/0! | Y46: =AVERAGE(T46,MAX(U46:V46),MAX(W46:X46)) -> #DIV/0! | Z46: =SUM(K46,R46,Y46)/3 -> #DIV/0! | AA46: =Z46*0.4 -> #DIV/0! | AC46: =AB46*0.6 -> 0 | AD46: =AVERAGE(AA46+AC46) -> #DIV/0! | AE46: =IF(AD46>=10,"APROVADO/A","REPROVADO/A") -> #DIV/0!
B47: 38 | C47: Raimundo Luís Gime Bussaco | F47: 12 | G47: 13 | I47: 4 | K47: =AVERAGE(F47,MAX(G47:H47),MAX(I47:J47)) -> 9.6666667 | L47: =IF(K47>=10,"TRANSITA","N/TRANSITA") -> N/TRANSITA | M47: 5 | N47: 1 | P47: 9 | R47: =AVERAGE(M47,MAX(N47:O47),MAX(P47:Q47)) -> 5 | S47: =IF(R47>=10,"TRANSITA","N/TRANSITA") -> N/TRANSITA | W47: =AVERAGE(T47:U47) -> #DIV/0! | Y47: =AVERAGE(T47,MAX(U47:V47),MAX(W47:X47)) -> #DIV/0! | Z47: =SUM(K47,R47,Y47)/3 -> #DIV/0! | AA47: =Z47*0.4 -> #DIV/0! | AC47: =AB47*0.6 -> 0 | AD47: =AVERAGE(AA47+AC47) -> #DIV/0! | AE47: =IF(AD47>=10,"APROVADO/A","REPROVADO/A") -> #DIV/0!
B48: 39 | C48: Rosária Domingas Mangovo | F48: 12 | G48: 16 | I48: 17.5 | K48: =AVERAGE(F48,MAX(G48:H48),MAX(I48:J48)) -> 15.166667 | L48: =IF(K48>=10,"TRANSITA","N/TRANSITA") -> TRANSITA | M48: 12 | N48: 18.5 | P48: 12 | R48: =AVERAGE(M48,MAX(N48:O48),MAX(P48:Q48)) -> 14.166667 | S48: =IF(R48>=10,"TRANSITA","N/TRANSITA") -> TRANSITA | W48: =AVERAGE(T48:U48) -> #DIV/0! | Y48: =AVERAGE(T48,MAX(U48:V48),MAX(W48:X48)) -> #DIV/0! | Z48: =SUM(K48,R48,Y48)/3 -> #DIV/0! | AA48: =Z48*0.4 -> #DIV/0! | AC48: =AB48*0.6 -> 0 | AD48: =AVERAGE(AA48+AC48) -> #DIV/0! | AE48: =IF(AD48>=10,"APROVADO/A","REPROVADO/A") -> #DIV/0!
B49: 40 | C49: Silvia Amada Castelão Morais | D49: 0 | F49: 17 | G49: 16 | I49: 18 | K49: =AVERAGE(F49,MAX(G49:H49),MAX(I49:J49)) -> 17 | L49: =IF(K49>=10,"TRANSITA","N/TRANSITA") -> TRANSITA | M49: 20 | N49: 20 | P49: 20 | R49: =AVERAGE(M49,MAX(N49:O49),MAX(P49:Q49)) -> 20 | S49: =IF(R49>=10,"TRANSITA","N/TRANSITA") -> TRANSITA | W49: =AVERAGE(T49:U49) -> #DIV/0! | Y49: =AVERAGE(T49,MAX(U49:V49),MAX(W49:X49)) -> #DIV/0! | Z49: =SUM(K49,R49,Y49)/3 -> #DIV/0! | AA49: =Z49*0.4 -> #DIV/0! | AC49: =AB49*0.6 -> 0 | AD49: =AVERAGE(AA49+AC49) -> #DIV/0! | AE49: =IF(AD49>=10,"APROVADO/A","REPROVADO/A") -> #DIV/0!
B50: 41 | C50: Teresa Gomes Baza | F50: 15 | G50: 15 | I50: 18 | K50: =AVERAGE(F50,MAX(G50:H50),MAX(I50:J50)) -> 16 | L50: =IF(K50>=10,"TRANSITA","N/TRANSITA") -> TRANSITA | M50: 10 | N50: 15 | P50: 18 | R50: =AVERAGE(M50,MAX(N50:O50),MAX(P50:Q50)) -> 14.333333 | S50: =IF(R50>=10,"TRANSITA","N/TRANSITA") -> TRANSITA | W50: =AVERAGE(T50:U50) -> #DIV/0! | Y50: =AVERAGE(T50,MAX(U50:V50),MAX(W50:X50)) -> #DIV/0! | Z50: =SUM(K50,R50,Y50)/3 -> #DIV/0! | AA50: =Z50*0.4 -> #DIV/0! | AC50: =AB50*0.6 -> 0 | AD50: =AVERAGE(AA50+AC50) -> #DIV/0! | AE50: =IF(AD50>=10,"APROVADO/A","REPROVADO/A") -> #DIV/0!
B51: 42 | C51: Zulmira Buanga António | F51: 14 | G51: 15 | I51: 16.5 | K51: =AVERAGE(F51,MAX(G51:H51),MAX(I51:J51)) -> 15.166667 | L51: =IF(K51>=10,"TRANSITA","N/TRANSITA") -> TRANSITA | M51: 12 | N51: 18 | P51: 15 | R51: =AVERAGE(M51,MAX(N51:O51),MAX(P51:Q51)) -> 15 | S51: =IF(R51>=10,"TRANSITA","N/TRANSITA") -> TRANSITA | W51: =AVERAGE(T51:U51) -> #DIV/0! | Y51: =AVERAGE(T51,MAX(U51:V51),MAX(W51:X51)) -> #DIV/0! | Z51: =SUM(K51,R51,Y51)/3 -> #DIV/0! | AA51: =Z51*0.4 -> #DIV/0! | AC51: =AB51*0.6 -> 0 | AD51: =AVERAGE(AA51+AC51) -> #DIV/0! | AE51: =IF(AD51>=10,"APROVADO/A","REPROVADO/A") -> #DIV/0!
A53: INSTITUTO TÉCNICO PRIVADO DE SAÚDE JOMORAIS, 12 de dezembro de 2025. -
A55: O (A) Professor (a) | R55: O Subdirector Pedagógico
B56: _____________________________
R57: ALBERTO SASSA TATI

Sheet 12EG -A- EPIDEMIOL.
A1: INSTITUTO TÉCNICO PRIVADO DE SAÚDE JOMORAIS
L4: DATA: 15/11/2022 | Y4: Ano Lectivo: 2025/2026
B5: Classe: 12ª | L5: Disciplina: Epidemiologia e Estatística | Y5: Ano Lectivo: 2021/2022
B6: Turno: Vespertino | L6: Turma: A | Y6: Curso: ENFERMAGEM GERAL
B7: MINI-PAUTA - SAÚDE
B8: Nº | C8: Nome do (a) Aluno (a) | D8: FALTAS | F8: Avaliações/I Trimestre | L8: OBS | M8: Avaliações/II Trimestre | S8: OBS | T8: Avaliações/III Trimestre | Z8: MFD | AA8: 40% MFD | AB8: EXAME ESCRITO | AC8: 60% NEE | AD8: MF | AE8: OBS
D9: J | E9: I | F9: MAC | G9: NPP | H9: NPR1 | I9: NPT | J9: NPR2 | K9: MT1 | M9: MAC | N9: NPP | O9: NPR1 | P9: NPT | Q9: NPR2 | R9: MT2 | T9: MAC | U9: NPP | V9: NPR1 | W9: NPT | X9: NPR2 | Y9: MT3
B10: 1 | C10: Alberto Filipe Massiala | F10: 12 | G10: 5 | I10: 16 | K10: =AVERAGE(F10,MAX(G10:H10),MAX(I10:J10)) -> 11 | L10: =IF(K10>=10,"TRANSITA","N/TRANSITA") -> TRANSITA | M10: 17 | N10: 16 | P10: 15 | R10: =AVERAGE(M10,MAX(N10:O10),MAX(P10:Q10)) -> 16 | S10: =IF(R10>=10,"TRANSITA","N/TRANSITA") -> TRANSITA | W10: =AVERAGE(T10:U10) -> #DIV/0! | Y10: =AVERAGE(T10,MAX(U10:V10),MAX(W10:X10)) -> #DIV/0! | AA10: =Z10*0.4 -> 0 | AC10: =AB10*0.6 -> 0 | AD10: =AVERAGE(AA10+AC10) -> 0 | AE10: =IF(AD10>=10,"APROVADO/A","REPROVADO/A") -> REPROVADO/A
B11: 2 | C11: Aldina Marta Mavungo Cumbo | F11: 14 | G11: 12 | I11: 15 | K11: =AVERAGE(F11,MAX(G11:H11),MAX(I11:J11)) -> 13.666667 | L11: =IF(K11>=10,"TRANSITA","N/TRANSITA") -> TRANSITA | M11: 5 | N11: 0 | P11: 8 | R11: =AVERAGE(M11,MAX(N11:O11),MAX(P11:Q11)) -> 4.3333333 | S11: =IF(R11>=10,"TRANSITA","N/TRANSITA") -> N/TRANSITA | W11: =AVERAGE(T11:U11) -> #DIV/0! | Y11: =AVERAGE(T11,MAX(U11:V11),MAX(W11:X11)) -> #DIV/0! | Z11: =SUM(K11,R11,Y11)/3 -> #DIV/0! | AA11: =Z11*0.4 -> #DIV/0! | AC11: =AB11*0.6 -> 0 | AD11: =AVERAGE(AA11+AC11) -> #DIV/0! | AE11: =IF(AD11>=10,"APROVADO/A","REPROVADO/A") -> #DIV/0!
B12: 3 | C12: Alice Malonda Lubota Macaia | F12: 16 | G12: 0 | K12: =AVERAGE(F12,MAX(G12:H12),MAX(I12:J12)) -> 5.3333333 | L12: =IF(K12>=10,"TRANSITA","N/TRANSITA") -> N/TRANSITA | M12: 17 | N12: 14 | P12: 14 | R12: =AVERAGE(M12,MAX(N12:O12),MAX(P12:Q12)) -> 15 | S12: =IF(R12>=10,"TRANSITA","N/TRANSITA") -> TRANSITA | W12: =AVERAGE(T12:U12) -> #DIV/0! | Y12: =AVERAGE(T12,MAX(U12:V12),MAX(W12:X12)) -> #DIV/0! | Z12: =SUM(K12,R12,Y12)/3 -> #DIV/0! | AA12: =Z12*0.4 -> #DIV/0! | AC12: =AB12*0.6 -> 0 | AD12: =AVERAGE(AA12+AC12) -> #DIV/0! | AE12: =IF(AD12>=10,"APROVADO/A","REPROVADO/A") -> #DIV/0!
B13: 4 | C13: Angelina Kambo Macosso | F13: 16 | G13: 16 | I13: 16 | K13: =AVERAGE(F13,MAX(G13:H13),MAX(I13:J13)) -> 16 | L13: =IF(K13>=10,"TRANSITA","N/TRANSITA") -> TRANSITA | M13: 8 | N13: 14 | P13: 9 | R13: =AVERAGE(M13,MAX(N13:O13),MAX(P13:Q13)) -> 10.333333 | S13: =IF(R13>=10,"TRANSITA","N/TRANSITA") -> TRANSITA | W13: =AVERAGE(T13:U13) -> #DIV/0! | Y13: =AVERAGE(T13,MAX(U13:V13),MAX(W13:X13)) -> #DIV/0! | Z13: =SUM(K13,R13,Y13)/3 -> #DIV/0! | AA13: =Z13*0.4 -> #DIV/0! | AC13: =AB13*0.6 -> 0 | AD13: =AVERAGE(AA13+AC13) -> #DIV/0! | AE13: =IF(AD13>=10,"APROVADO/A","REPROVADO/A") -> #DIV/0!
B14: 5 | C14: Belma Da C. Ngaca Bernardo | F14: 16 | G14: 20 | I14: 16 | K14: =AVERAGE(F14,MAX(G14:H14),MAX(I14:J14)) -> 17.333333 | L14: =IF(K14>=10,"TRANSITA","N/TRANSITA") -> TRANSITA | M14: 17 | N14: 17 | P14: 18 | R14: =AVERAGE(M14,MAX(N14:O14),MAX(P14:Q14)) -> 17.333333 | S14: TRANSITA | W14: =AVERAGE(T14:U14) -> #DIV/0! | Y14: =AVERAGE(T14,MAX(U14:V14),MAX(W14:X14)) -> #DIV/0! | AA14: =Z14*0.4 -> 0 | AC14: =AB14*0.6 -> 0 | AD14: =AVERAGE(AA14+AC14) -> 0 | AE14: =IF(AD14>=10,"APROVADO/A","REPROVADO/A") -> REPROVADO/A
B15: 6 | C15: Carolina Teresa Joana Chingui | F15: 16 | G15: 12 | I15: 16 | K15: =AVERAGE(F15,MAX(G15:H15),MAX(I15:J15)) -> 14.666667 | L15: =IF(K15>=10,"TRANSITA","N/TRANSITA") -> TRANSITA | M15: 12 | N15: 13 | P15: 13 | R15: =AVERAGE(M15,MAX(N15:O15),MAX(P15:Q15)) -> 12.666667 | S15: =IF(R15>=10,"TRANSITA","N/TRANSITA") -> TRANSITA | W15: =AVERAGE(T15:U15) -> #DIV/0! | Y15: =AVERAGE(T15,MAX(U15:V15),MAX(W15:X15)) -> #DIV/0! | Z15: =SUM(K15,R15,Y15)/3 -> #DIV/0! | AA15: =Z15*0.4 -> #DIV/0! | AC15: =AB15*0.6 -> 0 | AD15: =AVERAGE(AA15+AC15) -> #DIV/0! | AE15: =IF(AD15>=10,"APROVADO/A","REPROVADO/A") -> #DIV/0!
B16: 7 | C16: Celma Cecília Macaia Gomes | F16: 16 | G16: 18 | I16: 16 | K16: =AVERAGE(F16,MAX(G16:H16),MAX(I16:J16)) -> 16.666667 | L16: =IF(K16>=10,"TRANSITA","N/TRANSITA") -> TRANSITA | M16: 14 | N16: 3 | P16: 17 | R16: =AVERAGE(M16,MAX(N16:O16),MAX(P16:Q16)) -> 11.333333 | S16: =IF(R16>=10,"TRANSITA","N/TRANSITA") -> TRANSITA | W16: =AVERAGE(T16:U16) -> #DIV/0! | Y16: =AVERAGE(T16,MAX(U16:V16),MAX(W16:X16)) -> #DIV/0! | Z16: =SUM(K16,R16,Y16)/3 -> #DIV/0! | AA16: =Z16*0.4 -> #DIV/0! | AC16: =AB16*0.6 -> 0 | AD16: =AVERAGE(AA16+AC16) -> #DIV/0! | AE16: =IF(AD16>=10,"APROVADO/A","REPROVADO/A") -> #DIV/0!
B17: 8 | C17: Dádiva Ermelinda Gabriel Barros | F17: 12 | G17: 5 | I17: 11 | K17: =AVERAGE(F17,MAX(G17:H17),MAX(I17:J17)) -> 9.3333333 | L17: =IF(K17>=10,"TRANSITA","N/TRANSITA") -> N/TRANSITA | M17: 5 | N17: 10 | P17: 16 | R17: =AVERAGE(M17,MAX(N17:O17),MAX(P17:Q17)) -> 10.333333 | S17: =IF(R17>=10,"TRANSITA","N/TRANSITA") -> TRANSITA | W17: =AVERAGE(T17:U17) -> #DIV/0! | Y17: =AVERAGE(T17,MAX(U17:V17),MAX(W17:X17)) -> #DIV/0! | Z17: =SUM(K17,R17,Y17)/3 -> #DIV/0! | AA17: =Z17*0.4 -> #DIV/0! | AC17: =AB17*0.6 -> 0 | AD17: =AVERAGE(AA17+AC17) -> #DIV/0! | AE17: =IF(AD17>=10,"APROVADO/A","REPROVADO/A") -> #DIV/0!
B18: 9 | C18: Daniel Quendo João | F18: 12 | G18: 10 | I18: 8 | K18: =AVERAGE(F18,MAX(G18:H18),MAX(I18:J18)) -> 10 | L18: =IF(K18>=10,"TRANSITA","N/TRANSITA") -> TRANSITA | M18: 17 | N18: 12 | P18: 14 | R18: =AVERAGE(M18,MAX(N18:O18),MAX(P18:Q18)) -> 14.333333 | S18: =IF(R18>=10,"TRANSITA","N/TRANSITA") -> TRANSITA | W18: =AVERAGE(T18:U18) -> #DIV/0! | Y18: =AVERAGE(T18,MAX(U18:V18),MAX(W18:X18)) -> #DIV/0! | Z18: =SUM(K18,R18,Y18)/3 -> #DIV/0! | AA18: =Z18*0.4 -> #DIV/0! | AC18: =AB18*0.6 -> 0 | AD18: =AVERAGE(AA18+AC18) -> #DIV/0! | AE18: =IF(AD18>=10,"APROVADO/A","REPROVADO/A") -> #DIV/0!
B19: 10 | C19: Dina De Lourdes Massala | F19: 14 | G19: 12 | I19: 13 | K19: =AVERAGE(F19,MAX(G19:H19),MAX(I19:J19)) -> 13 | L19: =IF(K19>=10,"TRANSITA","N/TRANSITA") -> TRANSITA | M19: 14 | N19: 15 | P19: 11 | R19: =AVERAGE(M19,MAX(N19:O19),MAX(P19:Q19)) -> 13.333333 | S19: =IF(R19>=10,"TRANSITA","N/TRANSITA") -> TRANSITA | W19: =AVERAGE(T19:U19) -> #DIV/0! | Y19: =AVERAGE(T19,MAX(U19:V19),MAX(W19:X19)) -> #DIV/0! | Z19: =SUM(K19,R19,Y19)/3 -> #DIV/0! | AA19: =Z19*0.4 -> #DIV/0! | AC19: =AB19*0.6 -> 0 | AD19: =AVERAGE(AA19+AC19) -> #DIV/0! | AE19: =IF(AD19>=10,"APROVADO/A","REPROVADO/A") -> #DIV/0!
B20: 11 | C20: Esperança C. Bumba Mabiala | F20: 16 | G20: 20 | I20: 16 | K20: =AVERAGE(F20,MAX(G20:H20),MAX(I20:J20)) -> 17.333333 | L20: =IF(K20>=10,"TRANSITA","N/TRANSITA") -> TRANSITA | M20: 17 | N20: 11 | P20: 10 | R20: =AVERAGE(M20,MAX(N20:O20),MAX(P20:Q20)) -> 12.666667 | S20: =IF(R20>=10,"TRANSITA","N/TRANSITA") -> TRANSITA | W20: =AVERAGE(T20:U20) -> #DIV/0! | Y20: =AVERAGE(T20,MAX(U20:V20),MAX(W20:X20)) -> #DIV/0! | Z20: =SUM(K20,R20,Y20)/3 -> #DIV/0! | AA20: =Z20*0.4 -> #DIV/0! | AC20: =AB20*0.6 -> 0 | AD20: =AVERAGE(AA20+AC20) -> #DIV/0! | AE20: =IF(AD20>=10,"APROVADO/A","REPROVADO/A") -> #DIV/0!
B21: 12 | C21: Esperança Lando Liumba | F21: 16 | G21: 19 | I21: 16 | K21: =AVERAGE(F21,MAX(G21:H21),MAX(I21:J21)) -> 17 | L21: =IF(K21>=10,"TRANSITA","N/TRANSITA") -> TRANSITA | M21: 17 | N21: 11 | P21: 18 | R21: =AVERAGE(M21,MAX(N21:O21),MAX(P21:Q21)) -> 15.333333 | S21: =IF(R21>=10,"TRANSITA","N/TRANSITA") -> TRANSITA | W21: =AVERAGE(T21:U21) -> #DIV/0! | Y21: =AVERAGE(T21,MAX(U21:V21),MAX(W21:X21)) -> #DIV/0! | Z21: =SUM(K21,R21,Y21)/3 -> #DIV/0! | AA21: =Z21*0.4 -> #DIV/0! | AC21: =AB21*0.6 -> 0 | AD21: =AVERAGE(AA21+AC21) -> #DIV/0! | AE21: =IF(AD21>=10,"APROVADO/A","REPROVADO/A") -> #DIV/0!
B22: 13 | C22: Ester Mavungo Fuca | F22: 14 | G22: 10 | I22: 16 | K22: =AVERAGE(F22,MAX(G22:H22),MAX(I22:J22)) -> 13.333333 | L22: =IF(K22>=10,"TRANSITA","N/TRANSITA") -> TRANSITA | M22: 14 | N22: 9 | P22: 14 | R22: =AVERAGE(M22,MAX(N22:O22),MAX(P22:Q22)) -> 12.333333 | S22: =IF(R22>=10,"TRANSITA","N/TRANSITA") -> TRANSITA | W22: =AVERAGE(T22:U22) -> #DIV/0! | Y22: =AVERAGE(T22,MAX(U22:V22),MAX(W22:X22)) -> #DIV/0! | Z22: =SUM(K22,R22,Y22)/3 -> #DIV/0! | AA22: =Z22*0.4 -> #DIV/0! | AC22: =AB22*0.6 -> 0 | AD22: =AVERAGE(AA22+AC22) -> #DIV/0! | AE22: =IF(AD22>=10,"APROVADO/A","REPROVADO/A") -> #DIV/0!
B23: 14 | C23: Eufemia Maria Goma Ventena | F23: 14 | G23: 14 | I23: 13 | K23: =AVERAGE(F23,MAX(G23:H23),MAX(I23:J23)) -> 13.666667 | L23: =IF(K23>=10,"TRANSITA","N/TRANSITA") -> TRANSITA | M23: 14 | N23: 7 | P23: 14 | R23: =AVERAGE(M23,MAX(N23:O23),MAX(P23:Q23)) -> 11.666667 | S23: =IF(R23>=10,"TRANSITA","N/TRANSITA") -> TRANSITA | W23: =AVERAGE(T23:U23) -> #DIV/0! | Y23: =AVERAGE(T23,MAX(U23:V23),MAX(W23:X23)) -> #DIV/0! | Z23: =SUM(K23,R23,Y23)/3 -> #DIV/0! | AA23: =Z23*0.4 -> #DIV/0! | AC23: =AB23*0.6 -> 0 | AD23: =AVERAGE(AA23+AC23) -> #DIV/0! | AE23: =IF(AD23>=10,"APROVADO/A","REPROVADO/A") -> #DIV/0!
B24: 15 | C24: Eulália Buanga Bembe Alfredo | F24: 16 | G24: 18 | I24: 16 | K24: =AVERAGE(F24,MAX(G24:H24),MAX(I24:J24)) -> 16.666667 | L24: =IF(K24>=10,"TRANSITA","N/TRANSITA") -> TRANSITA | M24: 5 | N24: 0 | P24: 7 | R24: =AVERAGE(M24,MAX(N24:O24),MAX(P24:Q24)) -> 4 | S24: =IF(R24>=10,"TRANSITA","N/TRANSITA") -> N/TRANSITA | W24: =AVERAGE(T24:U24) -> #DIV/0! | Y24: =AVERAGE(T24,MAX(U24:V24),MAX(W24:X24)) -> #DIV/0! | Z24: =SUM(K24,R24,Y24)/3 -> #DIV/0! | AA24: =Z24*0.4 -> #DIV/0! | AC24: =AB24*0.6 -> 0 | AD24: =AVERAGE(AA24+AC24) -> #DIV/0! | AE24: =IF(AD24>=10,"APROVADO/A","REPROVADO/A") -> #DIV/0!
B25: 16 | C25: Eva De Araújo Mambo | F25: 12 | G25: 10 | I25: 13 | K25: =AVERAGE(F25,MAX(G25:H25),MAX(I25:J25)) -> 11.666667 | L25: =IF(K25>=10,"TRANSITA","N/TRANSITA") -> TRANSITA | M25: 14 | N25: 8 | P25: 15 | R25: =AVERAGE(M25,MAX(N25:O25),MAX(P25:Q25)) -> 12.333333 | S25: =IF(R25>=10,"TRANSITA","N/TRANSITA") -> TRANSITA | W25: =AVERAGE(T25:U25) -> #DIV/0! | Y25: =AVERAGE(T25,MAX(U25:V25),MAX(W25:X25)) -> #DIV/0! | Z25: =SUM(K25,R25,Y25)/3 -> #DIV/0! | AA25: =Z25*0.4 -> #DIV/0! | AC25: =AB25*0.6 -> 0 | AD25: =AVERAGE(AA25+AC25) -> #DIV/0! | AE25: =IF(AD25>=10,"APROVADO/A","REPROVADO/A") -> #DIV/0!
B26: 17 | C26: Fátima B. Puila Cassombe | F26: 12 | G26: 14 | I26: 11 | K26: =AVERAGE(F26,MAX(G26:H26),MAX(I26:J26)) -> 12.333333 | L26: =IF(K26>=10,"TRANSITA","N/TRANSITA") -> TRANSITA | M26: 14 | N26: 0 | P26: 10 | R26: =AVERAGE(M26,MAX(N26:O26),MAX(P26:Q26)) -> 8 | S26: =IF(R26>=10,"TRANSITA","N/TRANSITA") -> N/TRANSITA | W26: =AVERAGE(T26:U26) -> #DIV/0! | Y26: =AVERAGE(T26,MAX(U26:V26),MAX(W26:X26)) -> #DIV/0! | Z26: =SUM(K26,R26,Y26)/3 -> #DIV/0! | AA26: =Z26*0.4 -> #DIV/0! | AC26: =AB26*0.6 -> 0 | AD26: =AVERAGE(AA26+AC26) -> #DIV/0! | AE26: =IF(AD26>=10,"APROVADO/A","REPROVADO/A") -> #DIV/0!
... B40: 31 | C40: Lídia Pedro Puna | F40: 14 | G40: 10 | I40: 16 | K40: =AVERAGE(F40,MAX(G40:H40),MAX(I40:J40)) -> 13.333333 | L40: =IF(K40>=10,"TRANSITA","N/TRANSITA") -> TRANSITA | M40: 14 | N40: 4 | P40: 18 | R40: =AVERAGE(M40,MAX(N40:O40),MAX(P40:Q40)) -> 12 | S40: =IF(R40>=10,"TRANSITA","N/TRANSITA") -> TRANSITA | W40: =AVERAGE(T40:U40) -> #DIV/0! | Y40: =AVERAGE(T40,MAX(U40:V40),MAX(W40:X40)) -> #DIV/0! | Z40: =SUM(K40,R40,Y40)/3 -> #DIV/0! | AA40: =Z40*0.4 -> #DIV/0! | AC40: =AB40*0.6 -> 0 | AD40: =AVERAGE(AA40+AC40) -> #DIV/0! | AE40: =IF(AD40>=10,"APROVADO/A","REPROVADO/A") -> #DIV/0!
B41: 32 | C41: Lúcia Dicuela Bangala Muanda | F41: 16 | G41: 16 | I41: 16 | K41: =AVERAGE(F41,MAX(G41:H41),MAX(I41:J41)) -> 16 | L41: =IF(K41>=10,"TRANSITA","N/TRANSITA") -> TRANSITA | M41: 14 | N41: 19 | P41: 16 | R41: =AVERAGE(M41,MAX(N41:O41),MAX(P41:Q41)) -> 16.333333 | S41: =IF(R41>=10,"TRANSITA","N/TRANSITA") -> TRANSITA | W41: =AVERAGE(T41:U41) -> #DIV/0! | Y41: =AVERAGE(T41,MAX(U41:V41),MAX(W41:X41)) -> #DIV/0! | Z41: =SUM(K41,R41,Y41)/3 -> #DIV/0! | AA41: =Z41*0.4 -> #DIV/0! | AC41: =AB41*0.6 -> 0 | AD41: =AVERAGE(AA41+AC41) -> #DIV/0!
B42: 33 | C42: Manuela Lopes Moio Capita | F42: 14 | G42: 10 | I42: 10 | K42: =AVERAGE(F42,MAX(G42:H42),MAX(I42:J42)) -> 11.333333 | L42: =IF(K42>=10,"TRANSITA","N/TRANSITA") -> TRANSITA | M42: 14 | N42: 12 | P42: 16 | R42: =AVERAGE(M42,MAX(N42:O42),MAX(P42:Q42)) -> 14 | S42: =IF(R42>=10,"TRANSITA","N/TRANSITA") -> TRANSITA | W42: =AVERAGE(T42:U42) -> #DIV/0! | Y42: =AVERAGE(T42,MAX(U42:V42),MAX(W42:X42)) -> #DIV/0! | Z42: =SUM(K42,R42,Y42)/3 -> #DIV/0! | AA42: 1 | AC42: =AB42*0.6 -> 0 | AD42: =AVERAGE(AA42+AC42) -> 1 | AE42: =IF(AD42>=10,"APROVADO/A","REPROVADO/A") -> REPROVADO/A
B43: 34 | C43: Maria Da Conceição Buca Yoba | F43: 14 | G43: 10 | I43: 11 | K43: =AVERAGE(F43,MAX(G43:H43),MAX(I43:J43)) -> 11.666667 | L43: =IF(K43>=10,"TRANSITA","N/TRANSITA") -> TRANSITA | M43: 14 | N43: 13 | P43: 16 | R43: =AVERAGE(M43,MAX(N43:O43),MAX(P43:Q43)) -> 14.333333 | S43: =IF(R43>=10,"TRANSITA","N/TRANSITA") -> TRANSITA | W43: =AVERAGE(T43:U43) -> #DIV/0! | Y43: =AVERAGE(T43,MAX(U43:V43),MAX(W43:X43)) -> #DIV/0! | Z43: =SUM(K43,R43,Y43)/3 -> #DIV/0! | AA43: =Z43*0.4 -> #DIV/0! | AC43: =AB43*0.6 -> 0 | AD43: =AVERAGE(AA43+AC43) -> #DIV/0! | AE43: =IF(AD43>=10,"APROVADO/A","REPROVADO/A") -> #DIV/0!
B44: 35 | C44: Maria Rosa Brás | F44: 16 | G44: 17 | I44: 16 | K44: =AVERAGE(F44,MAX(G44:H44),MAX(I44:J44)) -> 16.333333 | L44: =IF(K44>=10,"TRANSITA","N/TRANSITA") -> TRANSITA | M44: 12 | N44: 8 | P44: 8 | R44: =AVERAGE(M44,MAX(N44:O44),MAX(P44:Q44)) -> 9.3333333 | S44: =IF(R44>=10,"TRANSITA","N/TRANSITA") -> N/TRANSITA | W44: =AVERAGE(T44:U44) -> #DIV/0! | Y44: =AVERAGE(T44,MAX(U44:V44),MAX(W44:X44)) -> #DIV/0! | Z44: =SUM(K44,R44,Y44)/3 -> #DIV/0! | AA44: =Z44*0.4 -> #DIV/0! | AC44: =AB44*0.6 -> 0 | AD44: =AVERAGE(AA44+AC44) -> #DIV/0! | AE44: =IF(AD44>=10,"APROVADO/A","REPROVADO/A") -> #DIV/0!
B45: 36 | C45: Marta Gabriel Muela | F45: 12 | G45: 14 | I45: 6 | K45: =AVERAGE(F45,MAX(G45:H45),MAX(I45:J45)) -> 10.666667 | L45: =IF(K45>=10,"TRANSITA","N/TRANSITA") -> TRANSITA | M45: 14 | N45: 17 | P45: 10 | R45: =AVERAGE(M45,MAX(N45:O45),MAX(P45:Q45)) -> 13.666667 | S45: =IF(R45>=10,"TRANSITA","N/TRANSITA") -> TRANSITA | W45: =AVERAGE(T45:U45) -> #DIV/0! | Y45: =AVERAGE(T45,MAX(U45:V45),MAX(W45:X45)) -> #DIV/0! | Z45: =SUM(K45,R45,Y45)/3 -> #DIV/0! | AA45: =Z45*0.4 -> #DIV/0! | AC45: =AB45*0.6 -> 0 | AD45: =AVERAGE(AA45+AC45) -> #DIV/0! | AE45: =IF(AD45>=10,"APROVADO/A","REPROVADO/A") -> #DIV/0!
B46: 37 | C46: Martina Cumba Muendo Nvemba | G46: 20 | I46: 16 | K46: =AVERAGE(F46,MAX(G46:H46),MAX(I46:J46)) -> 18 | L46: =IF(K46>=10,"TRANSITA","N/TRANSITA") -> TRANSITA | M46: 5 | N46: 18 | P46: 16 | R46: =AVERAGE(M46,MAX(N46:O46),MAX(P46:Q46)) -> 13 | S46: =IF(R46>=10,"TRANSITA","N/TRANSITA") -> TRANSITA | W46: =AVERAGE(T46:U46) -> #DIV/0! | Y46: =AVERAGE(T46,MAX(U46:V46),MAX(W46:X46)) -> #DIV/0! | Z46: =SUM(K46,R46,Y46)/3 -> #DIV/0! | AA46: =Z46*0.4 -> #DIV/0! | AC46: =AB46*0.6 -> 0 | AD46: =AVERAGE(AA46+AC46) -> #DIV/0! | AE46: =IF(AD46>=10,"APROVADO/A","REPROVADO/A") -> #DIV/0!
B47: 38 | C47: Raimundo Luís Gime Bussaco | F47: 12 | G47: 0 | I47: 10 | K47: =AVERAGE(F47,MAX(G47:H47),MAX(I47:J47)) -> 7.3333333 | L47: =IF(K47>=10,"TRANSITA","N/TRANSITA") -> N/TRANSITA | M47: 12 | N47: 2 | P47: 18 | R47: =AVERAGE(M47,MAX(N47:O47),MAX(P47:Q47)) -> 10.666667 | S47: =IF(R47>=10,"TRANSITA","N/TRANSITA") -> TRANSITA | W47: =AVERAGE(T47:U47) -> #DIV/0! | Y47: =AVERAGE(T47,MAX(U47:V47),MAX(W47:X47)) -> #DIV/0! | Z47: =SUM(K47,R47,Y47)/3 -> #DIV/0! | AA47: =Z47*0.4 -> #DIV/0! | AC47: =AB47*0.6 -> 0 | AD47: =AVERAGE(AA47+AC47) -> #DIV/0! | AE47: =IF(AD47>=10,"APROVADO/A","REPROVADO/A") -> #DIV/0!
B48: 39 | C48: Rosária Domingas Mangovo | F48: 12 | G48: 11 | K48: =AVERAGE(F48,MAX(G48:H48),MAX(I48:J48)) -> 7.6666667 | L48: =IF(K48>=10,"TRANSITA","N/TRANSITA") -> N/TRANSITA | M48: 5 | N48: 0 | P48: 7 | R48: =AVERAGE(M48,MAX(N48:O48),MAX(P48:Q48)) -> 4 | S48: =IF(R48>=10,"TRANSITA","N/TRANSITA") -> N/TRANSITA | W48: =AVERAGE(T48:U48) -> #DIV/0! | Y48: =AVERAGE(T48,MAX(U48:V48),MAX(W48:X48)) -> #DIV/0! | Z48: =SUM(K48,R48,Y48)/3 -> #DIV/0! | AA48: =Z48*0.4 -> #DIV/0! | AC48: =AB48*0.6 -> 0 | AD48: =AVERAGE(AA48+AC48) -> #DIV/0! | AE48: =IF(AD48>=10,"APROVADO/A","REPROVADO/A") -> #DIV/0!
B49: 40 | C49: Silvia Amada Castelão Morais | D49: 0 | F49: 16 | G49: 20 | I49: 16 | K49: =AVERAGE(F49,MAX(G49:H49),MAX(I49:J49)) -> 17.333333 | L49: =IF(K49>=10,"TRANSITA","N/TRANSITA") -> TRANSITA | M49: 12 | N49: 2 | P49: 12 | R49: =AVERAGE(M49,MAX(N49:O49),MAX(P49:Q49)) -> 8.6666667 | S49: =IF(R49>=10,"TRANSITA","N/TRANSITA") -> N/TRANSITA | W49: =AVERAGE(T49:U49) -> #DIV/0! | Y49: =AVERAGE(T49,MAX(U49:V49),MAX(W49:X49)) -> #DIV/0! | Z49: =SUM(K49,R49,Y49)/3 -> #DIV/0! | AA49: =Z49*0.4 -> #DIV/0! | AC49: =AB49*0.6 -> 0 | AD49: =AVERAGE(AA49+AC49) -> #DIV/0! | AE49: =IF(AD49>=10,"APROVADO/A","REPROVADO/A") -> #DIV/0!
B50: 41 | C50: Teresa Gomes Baza | F50: 12 | G50: 12 | I50: 13 | K50: =AVERAGE(F50,MAX(G50:H50),MAX(I50:J50)) -> 12.333333 | L50: =IF(K50>=10,"TRANSITA","N/TRANSITA") -> TRANSITA | M50: 17 | N50: 9 | P50: 12 | R50: =AVERAGE(M50,MAX(N50:O50),MAX(P50:Q50)) -> 12.666667 | S50: =IF(R50>=10,"TRANSITA","N/TRANSITA") -> TRANSITA | W50: =AVERAGE(T50:U50) -> #DIV/0! | Y50: =AVERAGE(T50,MAX(U50:V50),MAX(W50:X50)) -> #DIV/0! | Z50: =SUM(K50,R50,Y50)/3 -> #DIV/0! | AA50: =Z50*0.4 -> #DIV/0! | AC50: =AB50*0.6 -> 0 | AD50: =AVERAGE(AA50+AC50) -> #DIV/0! | AE50: =IF(AD50>=10,"APROVADO/A","REPROVADO/A") -> #DIV/0!
B51: 42 | C51: Zulmira Buanga António | F51: 12 | G51: 10 | I51: 11 | K51: =AVERAGE(F51,MAX(G51:H51),MAX(I51:J51)) -> 11 | L51: =IF(K51>=10,"TRANSITA","N/TRANSITA") -> TRANSITA | M51: 5 | N51: 15 | P51: 12 | R51: =AVERAGE(M51,MAX(N51:O51),MAX(P51:Q51)) -> 10.666667 | S51: =IF(R51>=10,"TRANSITA","N/TRANSITA") -> TRANSITA | W51: =AVERAGE(T51:U51) -> #DIV/0! | Y51: =AVERAGE(T51,MAX(U51:V51),MAX(W51:X51)) -> #DIV/0! | Z51: =SUM(K51,R51,Y51)/3 -> #DIV/0! | AA51: =Z51*0.4 -> #DIV/0! | AC51: =AB51*0.6 -> 0 | AD51: =AVERAGE(AA51+AC51) -> #DIV/0! | AE51: =IF(AD51>=10,"APROVADO/A","REPROVADO/A") -> #DIV/0!
A53: INSTITUTO TÉCNICO PRIVADO DE SAÚDE JOMORAIS, 12 de dezembro de 2025. -
A55: O (A) Professor (a) | R55: O Subdirector Pedagógico
B56: _____________________________
R57: ALBERTO SASSA TATI

Sheet 12EG-A- F.A.E
A1: INSTITUTO TÉCNICO PRIVADO DE SAÚDE JOMORAIS
B4: Classe: 12ª | L4: Disciplina: FARMACOLOGIA A.E | Y4: Ano Lectivo: 2025/2026
B6: Turno: Vespertino | L6: Turma: A | Y6: Curso:ENFERMAGEM GERAL
B7: MINI-PAUTA - SAÚDE
B8: Nº | C8: Nome do (a) Aluno (a) | D8: FALTAS | F8: Avaliações/I Trimestre | L8: OBS | M8: Avaliações/II Trimestre | S8: OBS | T8: Avaliações/III Trimestre | Z8: MFD | AA8: 40% MFD | AB8: EXAME ESCRITO | AC8: 60% NEE | AD8: MF | AE8: OBS
D9: J | E9: I | F9: MAC | G9: NPP | H9: NPR1 | I9: NPT | J9: NPR2 | K9: MT1 | M9: MAC | N9: NPP | O9: NPR1 | P9: NPT | Q9: NPR2 | R9: MT2 | T9: MAC | U9: NPP | V9: NPR1 | W9: NPT | X9: NPR2 | Y9: MT3
B10: 1 | C10: Alberto Filipe Massiala | F10: 0 | G10: 0 | I10: 5 | K10: =AVERAGE(F10,MAX(G10:H10),MAX(I10:J10)) -> 1.6666667 | L10: =IF(K10>=10,"TRANSITA","N/TRANSITA") -> N/TRANSITA | N10: 2 | P10: 3 | R10: =AVERAGE(M10,MAX(N10:O10),MAX(P10:Q10)) -> 2.5 | S10: =IF(R10>=10,"TRANSITA","N/TRANSITA") -> N/TRANSITA | W10: =AVERAGE(T10:U10) -> #DIV/0! | Y10: =AVERAGE(T10,MAX(U10:V10),MAX(W10:X10)) -> #DIV/0! | Z10: =SUM(K10,R10,Y10)/3 -> #DIV/0! | AA10: =Z10*0.4 -> #DIV/0! | AC10: =AB10*0.6 -> 0 | AD10: =AVERAGE(AA10+AC10) -> #DIV/0! | AE10: =IF(AD10>=10,"APROVADO/A","REPROVADO/A") -> #DIV/0!
B11: 2 | C11: Aldina Marta Mavungo Cumbo | F11: 14 | G11: 6 | I11: 10 | K11: =AVERAGE(F11,MAX(G11:H11),MAX(I11:J11)) -> 10 | L11: =IF(K11>=10,"TRANSITA","N/TRANSITA") -> TRANSITA | M11: 16 | N11: 6 | P11: 8 | R11: =AVERAGE(M11,MAX(N11:O11),MAX(P11:Q11)) -> 10 | S11: =IF(R11>=10,"TRANSITA","N/TRANSITA") -> TRANSITA | W11: =AVERAGE(T11:U11) -> #DIV/0! | Y11: =AVERAGE(T11,MAX(U11:V11),MAX(W11:X11)) -> #DIV/0! | Z11: =SUM(K11,R11,Y11)/3 -> #DIV/0! | AA11: =Z11*0.4 -> #DIV/0! | AC11: =AB11*0.6 -> 0 | AD11: =AVERAGE(AA11+AC11) -> #DIV/0! | AE11: =IF(AD11>=10,"APROVADO/A","REPROVADO/A") -> #DIV/0!
B12: 3 | C12: Alice Malonda Lubota Macaia | F12: 14 | G12: 7 | I12: 15 | K12: =AVERAGE(F12,MAX(G12:H12),MAX(I12:J12)) -> 12 | L12: =IF(K12>=10,"TRANSITA","N/TRANSITA") -> TRANSITA | M12: 16 | N12: 2 | P12: 7 | R12: =AVERAGE(M12,MAX(N12:O12),MAX(P12:Q12)) -> 8.3333333 | S12: =IF(R12>=10,"TRANSITA","N/TRANSITA") -> N/TRANSITA | W12: =AVERAGE(T12:U12) -> #DIV/0! | Y12: =AVERAGE(T12,MAX(U12:V12),MAX(W12:X12)) -> #DIV/0! | Z12: =SUM(K12,R12,Y12)/3 -> #DIV/0! | AA12: =Z12*0.4 -> #DIV/0! | AC12: =AB12*0.6 -> 0 | AD12: =AVERAGE(AA12+AC12) -> #DIV/0! | AE12: =IF(AD12>=10,"APROVADO/A","REPROVADO/A") -> #DIV/0!
B13: 4 | C13: Angelina Kambo Macosso | F13: 14 | G13: 9 | I13: 15 | K13: =AVERAGE(F13,MAX(G13:H13),MAX(I13:J13)) -> 12.666667 | L13: =IF(K13>=10,"TRANSITA","N/TRANSITA") -> TRANSITA | M13: 16 | N13: 5 | P13: 13 | R13: =AVERAGE(M13,MAX(N13:O13),MAX(P13:Q13)) -> 11.333333 | S13: =IF(R13>=10,"TRANSITA","N/TRANSITA") -> TRANSITA | W13: =AVERAGE(T13:U13) -> #DIV/0! | Y13: =AVERAGE(T13,MAX(U13:V13),MAX(W13:X13)) -> #DIV/0! | Z13: =SUM(K13,R13,Y13)/3 -> #DIV/0! | AA13: =Z13*0.4 -> #DIV/0! | AC13: =AB13*0.6 -> 0 | AD13: =AVERAGE(AA13+AC13) -> #DIV/0! | AE13: =IF(AD13>=10,"APROVADO/A","REPROVADO/A") -> #DIV/0!
B14: 5 | C14: Belma Da C. Ngaca Bernardo | F14: 14 | G14: 11 | I14: 11 | K14: =AVERAGE(F14,MAX(G14:H14),MAX(I14:J14)) -> 12 | L14: =IF(K14>=10,"TRANSITA","N/TRANSITA") -> TRANSITA | M14: 16 | N14: 14 | P14: 8 | R14: =AVERAGE(M14,MAX(N14:O14),MAX(P14:Q14)) -> 12.666667 | S14: =IF(R14>=10,"TRANSITA","N/TRANSITA") -> TRANSITA | W14: =AVERAGE(T14:U14) -> #DIV/0! | Y14: =AVERAGE(T14,MAX(U14:V14),MAX(W14:X14)) -> #DIV/0! | Z14: =SUM(K14,R14,Y14)/3 -> #DIV/0! | AA14: =Z14*0.4 -> #DIV/0! | AC14: =AB14*0.6 -> 0 | AD14: =AVERAGE(AA14+AC14) -> #DIV/0! | AE14: =IF(AD14>=10,"APROVADO/A","REPROVADO/A") -> #DIV/0!
B15: 6 | C15: Carolina Teresa Joana Chingui | F15: 0 | G15: 0 | I15: 8 | K15: =AVERAGE(F15,MAX(G15:H15),MAX(I15:J15)) -> 2.6666667 | L15: =IF(K15>=10,"TRANSITA","N/TRANSITA") -> N/TRANSITA | M15: 16 | N15: 6 | P15: 9 | R15: =AVERAGE(M15,MAX(N15:O15),MAX(P15:Q15)) -> 10.333333 | S15: =IF(R15>=10,"TRANSITA","N/TRANSITA") -> TRANSITA | W15: =AVERAGE(T15:U15) -> #DIV/0! | Y15: =AVERAGE(T15,MAX(U15:V15),MAX(W15:X15)) -> #DIV/0! | Z15: =SUM(K15,R15,Y15)/3 -> #DIV/0! | AA15: =Z15*0.4 -> #DIV/0! | AC15: =AB15*0.6 -> 0 | AD15: =AVERAGE(AA15+AC15) -> #DIV/0! | AE15: =IF(AD15>=10,"APROVADO/A","REPROVADO/A") -> #DIV/0!
B16: 7 | C16: Celma Cecília Macaia Gomes | F16: 14 | G16: 9 | I16: 15 | K16: =AVERAGE(F16,MAX(G16:H16),MAX(I16:J16)) -> 12.666667 | L16: =IF(K16>=10,"TRANSITA","N/TRANSITA") -> TRANSITA | M16: 16 | N16: 6 | P16: 10 | R16: =AVERAGE(M16,MAX(N16:O16),MAX(P16:Q16)) -> 10.666667 | S16: =IF(R16>=10,"TRANSITA","N/TRANSITA") -> TRANSITA | W16: =AVERAGE(T16:U16) -> #DIV/0! | Y16: =AVERAGE(T16,MAX(U16:V16),MAX(W16:X16)) -> #DIV/0! | Z16: =SUM(K16,R16,Y16)/3 -> #DIV/0! | AA16: =Z16*0.4 -> #DIV/0! | AC16: =AB16*0.6 -> 0 | AD16: =AVERAGE(AA16+AC16) -> #DIV/0! | AE16: =IF(AD16>=10,"APROVADO/A","REPROVADO/A") -> #DIV/0!
B17: 8 | C17: Dádiva Ermelinda Gabriel Barros | F17: 14 | G17: 9 | I17: 10 | K17: =AVERAGE(F17,MAX(G17:H17),MAX(I17:J17)) -> 11 | L17: =IF(K17>=10,"TRANSITA","N/TRANSITA") -> TRANSITA | M17: 16 | P17: 4 | R17: =AVERAGE(M17,MAX(N17:O17),MAX(P17:Q17)) -> 6.6666667 | S17: =IF(R17>=10,"TRANSITA","N/TRANSITA") -> N/TRANSITA | W17: =AVERAGE(T17:U17) -> #DIV/0! | Y17: =AVERAGE(T17,MAX(U17:V17),MAX(W17:X17)) -> #DIV/0! | Z17: =SUM(K17,R17,Y17)/3 -> #DIV/0! | AA17: =Z17*0.4 -> #DIV/0! | AC17: =AB17*0.6 -> 0 | AD17: =AVERAGE(AA17+AC17) -> #DIV/0! | AE17: =IF(AD17>=10,"APROVADO/A","REPROVADO/A") -> #DIV/0!
B18: 9 | C18: Daniel Quendo João | I18: 4 | K18: =AVERAGE(F18,MAX(G18:H18),MAX(I18:J18)) -> 2 | L18: =IF(K18>=10,"TRANSITA","N/TRANSITA") -> N/TRANSITA | P18: 2 | R18: =AVERAGE(M18,MAX(N18:O18),MAX(P18:Q18)) -> 1 | S18: =IF(R18>=10,"TRANSITA","N/TRANSITA") -> N/TRANSITA | W18: =AVERAGE(T18:U18) -> #DIV/0! | Y18: =AVERAGE(T18,MAX(U18:V18),MAX(W18:X18)) -> #DIV/0! | Z18: =SUM(K18,R18,Y18)/3 -> #DIV/0! | AA18: =Z18*0.4 -> #DIV/0! | AC18: =AB18*0.6 -> 0 | AD18: =AVERAGE(AA18+AC18) -> #DIV/0! | AE18: =IF(AD18>=10,"APROVADO/A","REPROVADO/A") -> #DIV/0!
B19: 10 | C19: Dina De Lourdes Massala | F19: 14 | G19: 9 | I19: 10 | K19: =AVERAGE(F19,MAX(G19:H19),MAX(I19:J19)) -> 11 | L19: =IF(K19>=10,"TRANSITA","N/TRANSITA") -> TRANSITA | M19: 16 | N19: 7 | P19: 9 | R19: =AVERAGE(M19,MAX(N19:O19),MAX(P19:Q19)) -> 10.666667 | S19: =IF(R19>=10,"TRANSITA","N/TRANSITA") -> TRANSITA | W19: =AVERAGE(T19:U19) -> #DIV/0! | Y19: =AVERAGE(T19,MAX(U19:V19),MAX(W19:X19)) -> #DIV/0! | Z19: =SUM(K19,R19,Y19)/3 -> #DIV/0! | AA19: =Z19*0.4 -> #DIV/0! | AC19: =AB19*0.6 -> 0 | AD19: =AVERAGE(AA19+AC19) -> #DIV/0! | AE19: =IF(AD19>=10,"APROVADO/A","REPROVADO/A") -> #DIV/0!
B20: 11 | C20: Esperança C. Bumba Mabiala | F20: 14 | G20: 9 | I20: 8 | K20: =AVERAGE(F20,MAX(G20:H20),MAX(I20:J20)) -> 10.333333 | L20: =IF(K20>=10,"TRANSITA","N/TRANSITA") -> TRANSITA | M20: 16 | N20: 5 | P20: 11 | R20: =AVERAGE(M20,MAX(N20:O20),MAX(P20:Q20)) -> 10.666667 | S20: =IF(R20>=10,"TRANSITA","N/TRANSITA") -> TRANSITA | W20: =AVERAGE(T20:U20) -> #DIV/0! | Y20: =AVERAGE(T20,MAX(U20:V20),MAX(W20:X20)) -> #DIV/0! | Z20: =SUM(K20,R20,Y20)/3 -> #DIV/0! | AA20: =Z20*0.4 -> #DIV/0! | AC20: =AB20*0.6 -> 0 | AD20: =AVERAGE(AA20+AC20) -> #DIV/0! | AE20: =IF(AD20>=10,"APROVADO/A","REPROVADO/A") -> #DIV/0!
B21: 12 | C21: Esperança Lando Liumba | F21: 14 | G21: 6 | I21: 11 | K21: =AVERAGE(F21,MAX(G21:H21),MAX(I21:J21)) -> 10.333333 | L21: =IF(K21>=10,"TRANSITA","N/TRANSITA") -> TRANSITA | M21: 16 | N21: 6 | P21: 10 | R21: =AVERAGE(M21,MAX(N21:O21),MAX(P21:Q21)) -> 10.666667 | S21: =IF(R21>=10,"TRANSITA","N/TRANSITA") -> TRANSITA | W21: =AVERAGE(T21:U21) -> #DIV/0! | Y21: =AVERAGE(T21,MAX(U21:V21),MAX(W21:X21)) -> #DIV/0! | Z21: =SUM(K21,R21,Y21)/3 -> #DIV/0! | AA21: =Z21*0.4 -> #DIV/0! | AC21: =AB21*0.6 -> 0 | AD21: =AVERAGE(AA21+AC21) -> #DIV/0! | AE21: =IF(AD21>=10,"APROVADO/A","REPROVADO/A") -> #DIV/0!
B22: 13 | C22: Ester Mavungo Fuca | F22: 8 | G22: 9 | I22: 8 | K22: =AVERAGE(F22,MAX(G22:H22),MAX(I22:J22)) -> 8.3333333 | L22: =IF(K22>=10,"TRANSITA","N/TRANSITA") -> N/TRANSITA | N22: 6 | P22: 8.3 | R22: =AVERAGE(M22,MAX(N22:O22),MAX(P22:Q22)) -> 7.15 | S22: =IF(R22>=10,"TRANSITA","N/TRANSITA") -> N/TRANSITA | W22: =AVERAGE(T22:U22) -> #DIV/0! | Y22: =AVERAGE(T22,MAX(U22:V22),MAX(W22:X22)) -> #DIV/0! | Z22: =SUM(K22,R22,Y22)/3 -> #DIV/0! | AA22: =Z22*0.4 -> #DIV/0! | AC22: =AB22*0.6 -> 0 | AD22: =AVERAGE(AA22+AC22) -> #DIV/0! | AE22: =IF(AD22>=10,"APROVADO/A","REPROVADO/A") -> #DIV/0!
B23: 14 | C23: Eufemia Maria Goma Ventena | F23: 8 | G23: 11 | I23: 11 | K23: =AVERAGE(F23,MAX(G23:H23),MAX(I23:J23)) -> 10 | L23: =IF(K23>=10,"TRANSITA","N/TRANSITA") -> TRANSITA | M23: 16 | N23: 3 | P23: 7 | R23: =AVERAGE(M23,MAX(N23:O23),MAX(P23:Q23)) -> 8.6666667 | S23: =IF(R23>=10,"TRANSITA","N/TRANSITA") -> N/TRANSITA | W23: =AVERAGE(T23:U23) -> #DIV/0! | Y23: =AVERAGE(T23,MAX(U23:V23),MAX(W23:X23)) -> #DIV/0! | Z23: =SUM(K23,R23,Y23)/3 -> #DIV/0! | AA23: =Z23*0.4 -> #DIV/0! | AC23: =AB23*0.6 -> 0 | AD23: =AVERAGE(AA23+AC23) -> #DIV/0! | AE23: =IF(AD23>=10,"APROVADO/A","REPROVADO/A") -> #DIV/0!
B24: 15 | C24: Eulália Buanga Bembe Alfredo | F24: 14 | G24: 8 | I24: 11 | K24: =AVERAGE(F24,MAX(G24:H24),MAX(I24:J24)) -> 11 | L24: =IF(K24>=10,"TRANSITA","N/TRANSITA") -> TRANSITA | M24: 16 | N24: 8 | P24: 11 | R24: =AVERAGE(M24,MAX(N24:O24),MAX(P24:Q24)) -> 11.666667 | S24: =IF(R24>=10,"TRANSITA","N/TRANSITA") -> TRANSITA | W24: =AVERAGE(T24:U24) -> #DIV/0! | Y24: =AVERAGE(T24,MAX(U24:V24),MAX(W24:X24)) -> #DIV/0! | Z24: =SUM(K24,R24,Y24)/3 -> #DIV/0! | AA24: =Z24*0.4 -> #DIV/0! | AC24: =AB24*0.6 -> 0 | AD24: =AVERAGE(AA24+AC24) -> #DIV/0! | AE24: =IF(AD24>=10,"APROVADO/A","REPROVADO/A") -> #DIV/0!
B25: 16 | C25: Eva De Araújo Mambo | F25: 12 | G25: 7 | I25: 13 | K25: =AVERAGE(F25,MAX(G25:H25),MAX(I25:J25)) -> 10.666667 | L25: =IF(K25>=10,"TRANSITA","N/TRANSITA") -> TRANSITA | M25: 16 | N25: 3 | P25: 6 | R25: =AVERAGE(M25,MAX(N25:O25),MAX(P25:Q25)) -> 8.3333333 | S25: =IF(R25>=10,"TRANSITA","N/TRANSITA") -> N/TRANSITA | W25: =AVERAGE(T25:U25) -> #DIV/0! | Y25: =AVERAGE(T25,MAX(U25:V25),MAX(W25:X25)) -> #DIV/0! | Z25: =SUM(K25,R25,Y25)/3 -> #DIV/0! | AA25: =Z25*0.4 -> #DIV/0! | AC25: =AB25*0.6 -> 0 | AD25: =AVERAGE(AA25+AC25) -> #DIV/0! | AE25: =IF(AD25>=10,"APROVADO/A","REPROVADO/A") -> #DIV/0!
B26: 17 | C26: Fátima B. Puila Cassombe | F26: 14 | G26: 9 | I26: 15 | K26: =AVERAGE(F26,MAX(G26:H26),MAX(I26:J26)) -> 12.666667 | L26: =IF(K26>=10,"TRANSITA","N/TRANSITA") -> TRANSITA | M26: 16 | N26: 8 | P26: 6 | R26: =AVERAGE(M26,MAX(N26:O26),MAX(P26:Q26)) -> 10 | S26: =IF(R26>=10,"TRANSITA","N/TRANSITA") -> TRANSITA | W26: =AVERAGE(T26:U26) -> #DIV/0! | Y26: =AVERAGE(T26,MAX(U26:V26),MAX(W26:X26)) -> #DIV/0! | Z26: =SUM(K26,R26,Y26)/3 -> #DIV/0! | AA26: =Z26*0.4 -> #DIV/0! | AC26: =AB26*0.6 -> 0 | AD26: =AVERAGE(AA26+AC26) -> #DIV/0! | AE26: =IF(AD26>=10,"APROVADO/A","REPROVADO/A") -> #DIV/0!
B27: 18 | C27: Filomena Lelo Tembo Chibuango | F27: 12 | G27: 7 | I27: 13 | K27: =AVERAGE(F27,MAX(G27:H27),MAX(I27:J27)) -> 10.666667 | L27: =IF(K27>=10,"TRANSITA","N/TRANSITA") -> TRANSITA | M27: 16 | N27: 2 | P27: 8 | R27: =AVERAGE(M27,MAX(N27:O27),MAX(P27:Q27)) -> 8.6666667 | S27: =IF(R27>=10,"TRANSITA","N/TRANSITA") -> N/TRANSITA | W27: =AVERAGE(T27:U27) -> #DIV/0! | Y27: =AVERAGE(T27,MAX(U27:V27),MAX(W27:X27)) -> #DIV/0! | Z27: =SUM(K27,R27,Y27)/3 -> #DIV/0! | AA27: =Z27*0.4 -> #DIV/0! | AC27: =AB27*0.6 -> 0 | AD27: =AVERAGE(AA27+AC27) -> #DIV/0! | AE27: =IF(AD27>=10,"APROVADO/A","REPROVADO/A") -> #DIV/0!
B28: 19 | C28: Helena Da C. Bumba Bilendo | F28: 14 | G28: 9 | I28: 15 | K28: =AVERAGE(F28,MAX(G28:H28),MAX(I28:J28)) -> 12.666667 | L28: =IF(K28>=10,"TRANSITA","N/TRANSITA") -> TRANSITA | M28: 16 | N28: 6 | P28: 8 | R28: =AVERAGE(M28,MAX(N28:O28),MAX(P28:Q28)) -> 10 | S28: =IF(R28>=10,"TRANSITA","N/TRANSITA") -> TRANSITA | W28: =AVERAGE(T28:U28) -> #DIV/0! | Y28: =AVERAGE(T28,MAX(U28:V28),MAX(W28:X28)) -> #DIV/0! | Z28: =SUM(K28,R28,Y28)/3 -> #DIV/0! | AA28: =Z28*0.4 -> #DIV/0! | AC28: =AB28*0.6 -> 0 | AD28: =AVERAGE(AA28+AC28) -> #DIV/0! | AE28: =IF(AD28>=10,"APROVADO/A","REPROVADO/A") -> #DIV/0!
B29: 20 | C29: Helena Nzuzi Lembe Gimbi | F29: 0 | G29: 0 | I29: 0 | K29: =AVERAGE(F29,MAX(G29:H29),MAX(I29:J29)) -> 0 | L29: =IF(K29>=10,"TRANSITA","N/TRANSITA") -> N/TRANSITA | M29: 0 | N29: 0 | P29: 0 | R29: =AVERAGE(M29,MAX(N29:O29),MAX(P29:Q29)) -> 0 | S29: =IF(R29>=10,"TRANSITA","N/TRANSITA") -> N/TRANSITA | W29: =AVERAGE(T29:U29) -> #DIV/0! | Y29: =AVERAGE(T29,MAX(U29:V29),MAX(W29:X29)) -> #DIV/0! | Z29: =SUM(K29,R29,Y29)/3 -> #DIV/0! | AA29: =Z29*0.4 -> #DIV/0! | AC29: =AB29*0.6 -> 0 | AD29: =AVERAGE(AA29+AC29) -> #DIV/0! | AE29: =IF(AD29>=10,"APROVADO/A","REPROVADO/A") -> #DIV/0!
B30: 21 | C30: Helena Pemba António Brás | F30: 14 | G30: 9 | I30: 10 | K30: =AVERAGE(F30,MAX(G30:H30),MAX(I30:J30)) -> 11 | L30: =IF(K30>=10,"TRANSITA","N/TRANSITA") -> TRANSITA | M30: 16 | N30: 4 | P30: 10 | R30: =AVERAGE(M30,MAX(N30:O30),MAX(P30:Q30)) -> 10 | S30: =IF(R30>=10,"TRANSITA","N/TRANSITA") -> TRANSITA | W30: =AVERAGE(T30:U30) -> #DIV/0! | Y30: =AVERAGE(T30,MAX(U30:V30),MAX(W30:X30)) -> #DIV/0! | Z30: =SUM(K30,R30,Y30)/3 -> #DIV/0! | AA30: =Z30*0.4 -> #DIV/0! | AC30: =AB30*0.6 -> 0 | AD30: =AVERAGE(AA30+AC30) -> #DIV/0! | AE30: =IF(AD30>=10,"APROVADO/A","REPROVADO/A") -> #DIV/0!
B31: 22 | C31: Isabel Mariana Miala | F31: 14 | G31: 8 | I31: 8 | K31: =AVERAGE(F31,MAX(G31:H31),MAX(I31:J31)) -> 10 | L31: =IF(K31>=10,"TRANSITA","N/TRANSITA") -> TRANSITA | M31: 16 | N31: 6 | P31: 10 | R31: =AVERAGE(M31,MAX(N31:O31),MAX(P31:Q31)) -> 10.666667 | S31: =IF(R31>=10,"TRANSITA","N/TRANSITA") -> TRANSITA | W31: =AVERAGE(T31:U31) -> #DIV/0! | Y31: =AVERAGE(T31,MAX(U31:V31),MAX(W31:X31)) -> #DIV/0! | Z31: =SUM(K31,R31,Y31)/3 -> #DIV/0! | AA31: =Z31*0.4 -> #DIV/0! | AC31: =AB31*0.6 -> 0 | AD31: =AVERAGE(AA31+AC31) -> #DIV/0! | AE31: =IF(AD31>=10,"APROVADO/A","REPROVADO/A") -> #DIV/0!
B32: 23 | C32: Isabel Nhongo Luambo Estevão | F32: 14 | G32: 9 | I32: 15 | K32: =AVERAGE(F32,MAX(G32:H32),MAX(I32:J32)) -> 12.666667 | L32: =IF(K32>=10,"TRANSITA","N/TRANSITA") -> TRANSITA | N32: 9 | P32: 12 | R32: =AVERAGE(M32,MAX(N32:O32),MAX(P32:Q32)) -> 10.5 | S32: =IF(R32>=10,"TRANSITA","N/TRANSITA") -> TRANSITA | W32: =AVERAGE(T32:U32) -> #DIV/0! | Y32: =AVERAGE(T32,MAX(U32:V32),MAX(W32:X32)) -> #DIV/0! | Z32: =SUM(K32,R32,Y32)/3 -> #DIV/0! | AA32: =Z32*0.4 -> #DIV/0! | AC32: =AB32*0.6 -> 0 | AD32: =AVERAGE(AA32+AC32) -> #DIV/0! | AE32: =IF(AD32>=10,"APROVADO/A","REPROVADO/A") -> #DIV/0!
B33: 24 | C33: Jerónimo Yombe Vemba | G33: 0 | I33: 6 | K33: =AVERAGE(F33,MAX(G33:H33),MAX(I33:J33)) -> 3 | L33: =IF(K33>=10,"TRANSITA","N/TRANSITA") -> N/TRANSITA | N33: 2 | P33: 6 | R33: =AVERAGE(M33,MAX(N33:O33),MAX(P33:Q33)) -> 4 | S33: =IF(R33>=10,"TRANSITA","N/TRANSITA") -> N/TRANSITA | W33: =AVERAGE(T33:U33) -> #DIV/0! | Y33: =AVERAGE(T33,MAX(U33:V33),MAX(W33:X33)) -> #DIV/0! | Z33: =SUM(K33,R33,Y33)/3 -> #DIV/0! | AA33: =Z33*0.4 -> #DIV/0! | AC33: =AB33*0.6 -> 0 | AD33: =AVERAGE(AA33+AC33) -> #DIV/0! | AE33: =IF(AD33>=10,"APROVADO/A","REPROVADO/A") -> #DIV/0!
B34: 25 | C34: Joana Dadiva Ndembe Bueia | F34: 14 | G34: 9 | I34: 10 | K34: =AVERAGE(F34,MAX(G34:H34),MAX(I34:J34)) -> 11 | L34: =IF(K34>=10,"TRANSITA","N/TRANSITA") -> TRANSITA | M34: 16 | N34: 14 | P34: 10 | R34: =AVERAGE(M34,MAX(N34:O34),MAX(P34:Q34)) -> 13.333333 | S34: =IF(R34>=10,"TRANSITA","N/TRANSITA") -> TRANSITA | W34: =AVERAGE(T34:U34) -> #DIV/0! | Y34: =AVERAGE(T34,MAX(U34:V34),MAX(W34:X34)) -> #DIV/0! | Z34: =SUM(K34,R34,Y34)/3 -> #DIV/0! | AA34: =Z34*0.4 -> #DIV/0! | AC34: =AB34*0.6 -> 0 | AD34: =AVERAGE(AA34+AC34) -> #DIV/0! | AE34: =IF(AD34>=10,"APROVADO/A","REPROVADO/A") -> #DIV/0!
B35: 26 | C35: João Sidónio António | F35: 14 | G35: 0 | I35: 0 | K35: =AVERAGE(F35,MAX(G35:H35),MAX(I35:J35)) -> 4.6666667 | L35: =IF(K35>=10,"TRANSITA","N/TRANSITA") -> N/TRANSITA | M35: 16 | N35: 3 | P35: 6 | R35: =AVERAGE(M35,MAX(N35:O35),MAX(P35:Q35)) -> 8.3333333 | S35: =IF(R35>=10,"TRANSITA","N/TRANSITA") -> N/TRANSITA | W35: =AVERAGE(T35:U35) -> #DIV/0! | Y35: =AVERAGE(T35,MAX(U35:V35),MAX(W35:X35)) -> #DIV/0! | Z35: =SUM(K35,R35,Y35)/3 -> #DIV/0! | AA35: =Z35*0.4 -> #DIV/0! | AC35: =AB35*0.6 -> 0 | AD35: =AVERAGE(AA35+AC35) -> #DIV/0! | AE35: =IF(AD35>=10,"APROVADO/A","REPROVADO/A") -> #DIV/0!
B36: 27 | C36: Jocelma Badila Da Costa | F36: 0 | G36: 0 | I36: 11 | K36: =AVERAGE(F36,MAX(G36:H36),MAX(I36:J36)) -> 3.6666667 | L36: =IF(K36>=10,"TRANSITA","N/TRANSITA") -> N/TRANSITA | M36: 16 | N36: 2 | P36: 7 | R36: =AVERAGE(M36,MAX(N36:O36),MAX(P36:Q36)) -> 8.3333333 | S36: =IF(R36>=10,"TRANSITA","N/TRANSITA") -> N/TRANSITA | W36: =AVERAGE(T36:U36) -> #DIV/0! | Y36: =AVERAGE(T36,MAX(U36:V36),MAX(W36:X36)) -> #DIV/0! | Z36: =SUM(K36,R36,Y36)/3 -> #DIV/0! | AA36: =Z36*0.4 -> #DIV/0! | AC36: =AB36*0.6 -> 0 | AD36: =AVERAGE(AA36+AC36) -> #DIV/0! | AE36: =IF(AD36>=10,"APROVADO/A","REPROVADO/A") -> #DIV/0!
B37: 28 | C37: José Francisco Malonda Kibodo | F37: 14 | G37: 7 | I37: 11 | K37: =AVERAGE(F37,MAX(G37:H37),MAX(I37:J37)) -> 10.666667 | L37: =IF(K37>=10,"TRANSITA","N/TRANSITA") -> TRANSITA | M37: 16 | N37: 2 | P37: 12 | R37: =AVERAGE(M37,MAX(N37:O37),MAX(P37:Q37)) -> 10 | S37: =IF(R37>=10,"TRANSITA","N/TRANSITA") -> TRANSITA | W37: =AVERAGE(T37:U37) -> #DIV/0! | Y37: =AVERAGE(T37,MAX(U37:V37),MAX(W37:X37)) -> #DIV/0! | Z37: =SUM(K37,R37,Y37)/3 -> #DIV/0! | AA37: =Z37*0.4 -> #DIV/0! | AC37: =AB37*0.6 -> 0 | AD37: =AVERAGE(AA37+AC37) -> #DIV/0! | AE37: =IF(AD37>=10,"APROVADO/A","REPROVADO/A") -> #DIV/0!
B38: 29 | C38: José Lourenço Muhongo Cassombe | G38: 6 | I38: 6 | K38: =AVERAGE(F38,MAX(G38:H38),MAX(I38:J38)) -> 6 | L38: =IF(K38>=10,"TRANSITA","N/TRANSITA") -> N/TRANSITA | N38: 2 | P38: 10 | R38: =AVERAGE(M38,MAX(N38:O38),MAX(P38:Q38)) -> 6 | S38: =IF(R38>=10,"TRANSITA","N/TRANSITA") -> N/TRANSITA | W38: =AVERAGE(T38:U38) -> #DIV/0! | Y38: =AVERAGE(T38,MAX(U38:V38),MAX(W38:X38)) -> #DIV/0! | Z38: =SUM(K38,R38,Y38)/3 -> #DIV/0! | AA38: =Z38*0.4 -> #DIV/0! | AC38: =AB38*0.6 -> 0 | AD38: =AVERAGE(AA38+AC38) -> #DIV/0! | AE38: =IF(AD38>=10,"APROVADO/A","REPROVADO/A") -> #DIV/0!
B39: 30 | C39: Leidy Da Graça Tumba Balo | F39: 14 | G39: 9 | I39: 10 | K39: =AVERAGE(F39,MAX(G39:H39),MAX(I39:J39)) -> 11 | L39: =IF(K39>=10,"TRANSITA","N/TRANSITA") -> TRANSITA | M39: 16 | N39: 6 | P39: 11 | R39: =AVERAGE(M39,MAX(N39:O39),MAX(P39:Q39)) -> 11 | S39: =IF(R39>=10,"TRANSITA","N/TRANSITA") -> TRANSITA | W39: =AVERAGE(T39:U39) -> #DIV/0! | Y39: =AVERAGE(T39,MAX(U39:V39),MAX(W39:X39)) -> #DIV/0! | Z39: =SUM(K39,R39,Y39)/3 -> #DIV/0! | AA39: =Z39*0.4 -> #DIV/0! | AC39: =AB39*0.6 -> 0 | AD39: =AVERAGE(AA39+AC39) -> #DIV/0! | AE39: =IF(AD39>=10,"APROVADO/A","REPROVADO/A") -> #DIV/0!
B40: 31 | C40: Lídia Pedro Puna | F40: 14 | G40: 9 | I40: 15 | K40: =AVERAGE(F40,MAX(G40:H40),MAX(I40:J40)) -> 12.666667 | L40: =IF(K40>=10,"TRANSITA","N/TRANSITA") -> TRANSITA | M40: 16 | N40: 2 | P40: 8 | R40: =AVERAGE(M40,MAX(N40:O40),MAX(P40:Q40)) -> 8.6666667 | S40: =IF(R40>=10,"TRANSITA","N/TRANSITA") -> N/TRANSITA | W40: =AVERAGE(T40:U40) -> #DIV/0! | Y40: =AVERAGE(T40,MAX(U40:V40),MAX(W40:X40)) -> #DIV/0! | Z40: =SUM(K40,R40,Y40)/3 -> #DIV/0! | AA40: =Z40*0.4 -> #DIV/0! | AC40: =AB40*0.6 -> 0 | AD40: =AVERAGE(AA40+AC40) -> #DIV/0! | AE40: =IF(AD40>=10,"APROVADO/A","REPROVADO/A") -> #DIV/0!
B41: 32 | C41: Lúcia Dicuela Bangala Muanda | F41: 14 | G41: 9 | I41: 13 | K41: =AVERAGE(F41,MAX(G41:H41),MAX(I41:J41)) -> 12 | L41: =IF(K41>=10,"TRANSITA","N/TRANSITA") -> TRANSITA | M41: 16 | N41: 10 | P41: 7 | R41: =AVERAGE(M41,MAX(N41:O41),MAX(P41:Q41)) -> 11 | S41: =IF(R41>=10,"TRANSITA","N/TRANSITA") -> TRANSITA | W41: =AVERAGE(T41:U41) -> #DIV/0! | Y41: =AVERAGE(T41,MAX(U41:V41),MAX(W41:X41)) -> #DIV/0! | Z41: =SUM(K41,R41,Y41)/3 -> #DIV/0! | AA41: =Z41*0.4 -> #DIV/0! | AC41: =AB41*0.6 -> 0 | AD41: =AVERAGE(AA41+AC41) -> #DIV/0!
B42: 33 | C42: Manuela Lopes Moio Capita | F42: 14 | G42: 8 | I42: 9.25 | K42: =AVERAGE(F42,MAX(G42:H42),MAX(I42:J42)) -> 10.416667 | L42: =IF(K42>=10,"TRANSITA","N/TRANSITA") -> TRANSITA | M42: 16 | N42: 2 | P42: 7 | R42: =AVERAGE(M42,MAX(N42:O42),MAX(P42:Q42)) -> 8.3333333 | S42: =IF(R42>=10,"TRANSITA","N/TRANSITA") -> N/TRANSITA | W42: =AVERAGE(T42:U42) -> #DIV/0! | Y42: =AVERAGE(T42,MAX(U42:V42),MAX(W42:X42)) -> #DIV/0! | Z42: =SUM(K42,R42,Y42)/3 -> #DIV/0! | AA42: =Z42*0.4 -> #DIV/0! | AC42: =AB42*0.6 -> 0 | AD42: =AVERAGE(AA42+AC42) -> #DIV/0! | AE42: =IF(AD42>=10,"APROVADO/A","REPROVADO/A") -> #DIV/0!
B43: 34 | C43: Maria Da Conceição Buca Yoba | F43: 14 | G43: 9 | I43: 11 | K43: =AVERAGE(F43,MAX(G43:H43),MAX(I43:J43)) -> 11.333333 | L43: =IF(K43>=10,"TRANSITA","N/TRANSITA") -> TRANSITA | M43: 16 | N43: 2 | P43: 7 | R43: =AVERAGE(M43,MAX(N43:O43),MAX(P43:Q43)) -> 8.3333333 | S43: =IF(R43>=10,"TRANSITA","N/TRANSITA") -> N/TRANSITA | W43: =AVERAGE(T43:U43) -> #DIV/0! | Y43: =AVERAGE(T43,MAX(U43:V43),MAX(W43:X43)) -> #DIV/0! | Z43: =SUM(K43,R43,Y43)/3 -> #DIV/0! | AA43: =Z43*0.4 -> #DIV/0! | AC43: =AB43*0.6 -> 0 | AD43: =AVERAGE(AA43+AC43) -> #DIV/0! | AE43: =IF(AD43>=10,"APROVADO/A","REPROVADO/A") -> #DIV/0!
B44: 35 | C44: Maria Rosa Brás | F44: 14 | G44: 9 | I44: 15.5 | K44: =AVERAGE(F44,MAX(G44:H44),MAX(I44:J44)) -> 12.833333 | L44: =IF(K44>=10,"TRANSITA","N/TRANSITA") -> TRANSITA | M44: 16 | N44: 8 | P44: 7 | R44: =AVERAGE(M44,MAX(N44:O44),MAX(P44:Q44)) -> 10.333333 | S44: =IF(R44>=10,"TRANSITA","N/TRANSITA") -> TRANSITA | W44: =AVERAGE(T44:U44) -> #DIV/0! | Y44: =AVERAGE(T44,MAX(U44:V44),MAX(W44:X44)) -> #DIV/0! | Z44: =SUM(K44,R44,Y44)/3 -> #DIV/0! | AA44: =Z44*0.4 -> #DIV/0! | AC44: =AB44*0.6 -> 0 | AD44: =AVERAGE(AA44+AC44) -> #DIV/0! | AE44: =IF(AD44>=10,"APROVADO/A","REPROVADO/A") -> #DIV/0!
B45: 36 | C45: Marta Gabriel Muela | F45: 14 | G45: 7 | I45: 13 | K45: =AVERAGE(F45,MAX(G45:H45),MAX(I45:J45)) -> 11.333333 | L45: =IF(K45>=10,"TRANSITA","N/TRANSITA") -> TRANSITA | M45: 16 | N45: 13 | P45: 9 | R45: =AVERAGE(M45,MAX(N45:O45),MAX(P45:Q45)) -> 12.666667 | S45: =IF(R45>=10,"TRANSITA","N/TRANSITA") -> TRANSITA | W45: =AVERAGE(T45:U45) -> #DIV/0! | Y45: =AVERAGE(T45,MAX(U45:V45),MAX(W45:X45)) -> #DIV/0! | Z45: =SUM(K45,R45,Y45)/3 -> #DIV/0! | AA45: =Z45*0.4 -> #DIV/0! | AC45: =AB45*0.6 -> 0 | AD45: =AVERAGE(AA45+AC45) -> #DIV/0! | AE45: =IF(AD45>=10,"APROVADO/A","REPROVADO/A") -> #DIV/0!
B46: 37 | C46: Martina Cumba Muendo Nvemba | F46: 14 | G46: 9 | I46: 12 | K46: =AVERAGE(F46,MAX(G46:H46),MAX(I46:J46)) -> 11.666667 | L46: =IF(K46>=10,"TRANSITA","N/TRANSITA") -> TRANSITA | M46: 16 | N46: 8 | P46: 8 | R46: =AVERAGE(M46,MAX(N46:O46),MAX(P46:Q46)) -> 10.666667 | S46: =IF(R46>=10,"TRANSITA","N/TRANSITA") -> TRANSITA | W46: =AVERAGE(T46:U46) -> #DIV/0! | Y46: =AVERAGE(T46,MAX(U46:V46),MAX(W46:X46)) -> #DIV/0! | Z46: =SUM(K46,R46,Y46)/3 -> #DIV/0! | AA46: =Z46*0.4 -> #DIV/0! | AC46: =AB46*0.6 -> 0 | AD46: =AVERAGE(AA46+AC46) -> #DIV/0! | AE46: =IF(AD46>=10,"APROVADO/A","REPROVADO/A") -> #DIV/0!
B47: 38 | C47: Raimundo Luís Gime Bussaco | F47: 14 | G47: 9 | I47: 4 | K47: =AVERAGE(F47,MAX(G47:H47),MAX(I47:J47)) -> 9 | L47: =IF(K47>=10,"TRANSITA","N/TRANSITA") -> N/TRANSITA | P47: 2 | R47: =AVERAGE(M47,MAX(N47:O47),MAX(P47:Q47)) -> 1 | S47: =IF(R47>=10,"TRANSITA","N/TRANSITA") -> N/TRANSITA | W47: =AVERAGE(T47:U47) -> #DIV/0! | Y47: =AVERAGE(T47,MAX(U47:V47),MAX(W47:X47)) -> #DIV/0! | Z47: =SUM(K47,R47,Y47)/3 -> #DIV/0! | AA47: =Z47*0.4 -> #DIV/0! | AC47: =AB47*0.6 -> 0 | AD47: =AVERAGE(AA47+AC47) -> #DIV/0! | AE47: =IF(AD47>=10,"APROVADO/A","REPROVADO/A") -> #DIV/0!
B48: 39 | C48: Rosária Domingas Mangovo | F48: 14 | G48: 7 | I48: 13 | K48: =AVERAGE(F48,MAX(G48:H48),MAX(I48:J48)) -> 11.333333 | L48: =IF(K48>=10,"TRANSITA","N/TRANSITA") -> TRANSITA | M48: 16 | P48: 8 | R48: =AVERAGE(M48,MAX(N48:O48),MAX(P48:Q48)) -> 8 | S48: =IF(R48>=10,"TRANSITA","N/TRANSITA") -> N/TRANSITA | W48: =AVERAGE(T48:U48) -> #DIV/0! | Y48: =AVERAGE(T48,MAX(U48:V48),MAX(W48:X48)) -> #DIV/0! | Z48: =SUM(K48,R48,Y48)/3 -> #DIV/0! | AA48: =Z48*0.4 -> #DIV/0! | AC48: =AB48*0.6 -> 0 | AD48: =AVERAGE(AA48+AC48) -> #DIV/0! | AE48: =IF(AD48>=10,"APROVADO/A","REPROVADO/A") -> #DIV/0!
B49: 40 | C49: Silvia Amada Castelão Morais | D49: 0 | F49: 14 | G49: 9 | I49: 12 | K49: =AVERAGE(F49,MAX(G49:H49),MAX(I49:J49)) -> 11.666667 | L49: =IF(K49>=10,"TRANSITA","N/TRANSITA") -> TRANSITA | M49: 16 | N49: 6 | P49: 10 | R49: =AVERAGE(M49,MAX(N49:O49),MAX(P49:Q49)) -> 10.666667 | S49: =IF(R49>=10,"TRANSITA","N/TRANSITA") -> TRANSITA | W49: =AVERAGE(T49:U49) -> #DIV/0! | Y49: =AVERAGE(T49,MAX(U49:V49),MAX(W49:X49)) -> #DIV/0! | Z49: =SUM(K49,R49,Y49)/3 -> #DIV/0! | AA49: =Z49*0.4 -> #DIV/0! | AC49: =AB49*0.6 -> 0 | AD49: =AVERAGE(AA49+AC49) -> #DIV/0! | AE49: =IF(AD49>=10,"APROVADO/A","REPROVADO/A") -> #DIV/0!
B50: 41 | C50: Teresa Gomes Baza | F50: 14 | G50: 9 | I50: 11 | K50: =AVERAGE(F50,MAX(G50:H50),MAX(I50:J50)) -> 11.333333 | L50: =IF(K50>=10,"TRANSITA","N/TRANSITA") -> TRANSITA | M50: 16 | N50: 12 | P50: 8 | R50: =AVERAGE(M50,MAX(N50:O50),MAX(P50:Q50)) -> 12 | S50: =IF(R50>=10,"TRANSITA","N/TRANSITA") -> TRANSITA | W50: =AVERAGE(T50:U50) -> #DIV/0! | Y50: =AVERAGE(T50,MAX(U50:V50),MAX(W50:X50)) -> #DIV/0! | Z50: =SUM(K50,R50,Y50)/3 -> #DIV/0! | AA50: =Z50*0.4 -> #DIV/0! | AC50: =AB50*0.6 -> 0 | AD50: =AVERAGE(AA50+AC50) -> #DIV/0! | AE50: =IF(AD50>=10,"APROVADO/A","REPROVADO/A") -> #DIV/0!
B51: 42 | C51: Zulmira Buanga António | F51: 14 | G51: 9 | I51: 12 | K51: =AVERAGE(F51,MAX(G51:H51),MAX(I51:J51)) -> 11.666667 | L51: =IF(K51>=10,"TRANSITA","N/TRANSITA") -> TRANSITA | M51: 16 | N51: 3 | P51: 6 | R51: =AVERAGE(M51,MAX(N51:O51),MAX(P51:Q51)) -> 8.3333333 | S51: =IF(R51>=10,"TRANSITA","N/TRANSITA") -> N/TRANSITA | W51: =AVERAGE(T51:U51) -> #DIV/0! | Y51: =AVERAGE(T51,MAX(U51:V51),MAX(W51:X51)) -> #DIV/0! | Z51: =SUM(K51,R51,Y51)/3 -> #DIV/0! | AA51: =Z51*0.4 -> #DIV/0! | AC51: =AB51*0.6 -> 0 | AD51: =AVERAGE(AA51+AC51) -> #DIV/0! | AE51: =IF(AD51>=10,"APROVADO/A","REPROVADO/A") -> #DIV/0!
A53: INSTITUTO TÉCNICO PRIVADO DE SAÚDE JOMORAIS, 12 de dezembro de 2025. -
A55: O (A) Professor (a) | R55: O Subdirector Pedagógico
B56: _____________________________
R57: ALBERTO SASSA TATI

Sheet 12EG -A- URGÊNCIA
A1: INSTITUTO TÉCNICO PRIVADO DE SAÚDE JOMORAIS
B4: Classe: 12ª | L4: Disciplina: Urgência e Emergência | Y4: Ano Lectivo: 2025/2026
B6: Turno: Vespertino | L6: Turma: A | Y6: Curso:ENFERMAGEM GERAL
B7: MINI-PAUTA - SAÚDE
B8: Nº | C8: Nome do (a) Aluno (a) | D8: FALTAS | F8: Avaliações/I Trimestre | L8: OBS | M8: Avaliações/II Trimestre | S8: OBS | T8: Avaliações/III Trimestre | Z8: MFD | AA8: 40% MFD | AB8: EXAME ESCRITO | AC8: 60% NEE | AD8: MF | AE8: OBS
D9: J | E9: I | F9: MAC | G9: NPP | H9: NPR1 | I9: NPT | J9: NPR2 | K9: MT1 | M9: MAC | N9: NPP | O9: NPR1 | P9: NPT | Q9: NPR2 | R9: MT2 | T9: MAC | U9: NPP | V9: NPR1 | W9: NPT | X9: NPR2 | Y9: MT3
B10: 1 | C10: Alberto Filipe Massiala | F10: 4 | G10: 15 | I10: 1 | K10: =AVERAGE(F10,MAX(G10:H10),MAX(I10:J10)) -> 6.6666667 | L10: =IF(K10>=10,"TRANSITA","N/TRANSITA") -> N/TRANSITA | M10: 9 | N10: 0 | P10: 2 | R10: =AVERAGE(M10,MAX(N10:O10),MAX(P10:Q10)) -> 3.6666667 | S10: =IF(R10>=10,"TRANSITA","N/TRANSITA") -> N/TRANSITA | W10: =AVERAGE(T10:U10) -> #DIV/0! | Y10: =AVERAGE(T10,MAX(U10:V10),MAX(W10:X10)) -> #DIV/0! | Z10: =SUM(K10,R10,Y10)/3 -> #DIV/0! | AA10: =Z10*0.4 -> #DIV/0! | AC10: =AB10*0.6 -> 0 | AD10: =AVERAGE(AA10+AC10) -> #DIV/0! | AE10: =IF(AD10>=10,"APROVADO/A","REPROVADO/A") -> #DIV/0!
B11: 2 | C11: Aldina Marta Mavungo Cumbo | F11: 16 | G11: 15 | I11: 4 | K11: =AVERAGE(F11,MAX(G11:H11),MAX(I11:J11)) -> 11.666667 | L11: =IF(K11>=10,"TRANSITA","N/TRANSITA") -> TRANSITA | M11: 16 | N11: 14 | P11: 3 | R11: =AVERAGE(M11,MAX(N11:O11),MAX(P11:Q11)) -> 11 | S11: =IF(R11>=10,"TRANSITA","N/TRANSITA") -> TRANSITA | W11: =AVERAGE(T11:U11) -> #DIV/0! | Y11: =AVERAGE(T11,MAX(U11:V11),MAX(W11:X11)) -> #DIV/0! | Z11: =SUM(K11,R11,Y11)/3 -> #DIV/0! | AA11: =Z11*0.4 -> #DIV/0! | AC11: =AB11*0.6 -> 0 | AD11: =AVERAGE(AA11+AC11) -> #DIV/0! | AE11: =IF(AD11>=10,"APROVADO/A","REPROVADO/A") -> #DIV/0!
B12: 3 | C12: Alice Malonda Lubota Macaia | F12: 18 | G12: 12 | I12: 3 | K12: =AVERAGE(F12,MAX(G12:H12),MAX(I12:J12)) -> 11 | L12: =IF(K12>=10,"TRANSITA","N/TRANSITA") -> TRANSITA | M12: 14 | N12: 13 | P12: 6 | R12: =AVERAGE(M12,MAX(N12:O12),MAX(P12:Q12)) -> 11 | S12: =IF(R12>=10,"TRANSITA","N/TRANSITA") -> TRANSITA | W12: =AVERAGE(T12:U12) -> #DIV/0! | Y12: =AVERAGE(T12,MAX(U12:V12),MAX(W12:X12)) -> #DIV/0! | Z12: =SUM(K12,R12,Y12)/3 -> #DIV/0! | AA12: =Z12*0.4 -> #DIV/0! | AC12: =AB12*0.6 -> 0 | AD12: =AVERAGE(AA12+AC12) -> #DIV/0! | AE12: =IF(AD12>=10,"APROVADO/A","REPROVADO/A") -> #DIV/0!
B13: 4 | C13: Angelina Kambo Macosso | F13: 15 | G13: 14 | I13: 11.5 | K13: =AVERAGE(F13,MAX(G13:H13),MAX(I13:J13)) -> 13.5 | L13: =IF(K13>=10,"TRANSITA","N/TRANSITA") -> TRANSITA | M13: 12 | N13: 13 | P13: 8 | R13: =AVERAGE(M13,MAX(N13:O13),MAX(P13:Q13)) -> 11 | S13: =IF(R13>=10,"TRANSITA","N/TRANSITA") -> TRANSITA | W13: =AVERAGE(T13:U13) -> #DIV/0! | Y13: =AVERAGE(T13,MAX(U13:V13),MAX(W13:X13)) -> #DIV/0! | Z13: =SUM(K13,R13,Y13)/3 -> #DIV/0! | AA13: =Z13*0.4 -> #DIV/0! | AC13: =AB13*0.6 -> 0 | AD13: =AVERAGE(AA13+AC13) -> #DIV/0! | AE13: =IF(AD13>=10,"APROVADO/A","REPROVADO/A") -> #DIV/0!
B14: 5 | C14: Belma Da C. Ngaca Bernardo | F14: 20 | G14: 17 | I14: 11 | K14: =AVERAGE(F14,MAX(G14:H14),MAX(I14:J14)) -> 16 | L14: =IF(K14>=10,"TRANSITA","N/TRANSITA") -> TRANSITA | M14: 20 | N14: 18 | P14: 18 | R14: =AVERAGE(M14,MAX(N14:O14),MAX(P14:Q14)) -> 18.666667 | S14: =IF(R14>=10,"TRANSITA","N/TRANSITA") -> TRANSITA | W14: =AVERAGE(T14:U14) -> #DIV/0! | Y14: =AVERAGE(T14,MAX(U14:V14),MAX(W14:X14)) -> #DIV/0! | Z14: =SUM(K14,R14,Y14)/3 -> #DIV/0! | AA14: =Z14*0.4 -> #DIV/0! | AC14: =AB14*0.6 -> 0 | AD14: =AVERAGE(AA14+AC14) -> #DIV/0! | AE14: =IF(AD14>=10,"APROVADO/A","REPROVADO/A") -> #DIV/0!
B15: 6 | C15: Carolina Teresa Joana Chingui | F15: 14 | G15: 7 | I15: 5 | K15: =AVERAGE(F15,MAX(G15:H15),MAX(I15:J15)) -> 8.6666667 | L15: =IF(K15>=10,"TRANSITA","N/TRANSITA") -> N/TRANSITA | M15: 14 | N15: 10 | P15: 8 | R15: =AVERAGE(M15,MAX(N15:O15),MAX(P15:Q15)) -> 10.666667 | S15: =IF(R15>=10,"TRANSITA","N/TRANSITA") -> TRANSITA | W15: =AVERAGE(T15:U15) -> #DIV/0! | Y15: =AVERAGE(T15,MAX(U15:V15),MAX(W15:X15)) -> #DIV/0! | Z15: =SUM(K15,R15,Y15)/3 -> #DIV/0! | AA15: =Z15*0.4 -> #DIV/0! | AC15: =AB15*0.6 -> 0 | AD15: =AVERAGE(AA15+AC15) -> #DIV/0! | AE15: =IF(AD15>=10,"APROVADO/A","REPROVADO/A") -> #DIV/0!
B16: 7 | C16: Celma Cecília Macaia Gomes | F16: 15 | G16: 14 | I16: 12.5 | K16: =AVERAGE(F16,MAX(G16:H16),MAX(I16:J16)) -> 13.833333 | L16: =IF(K16>=10,"TRANSITA","N/TRANSITA") -> TRANSITA | M16: 15 | N16: 16 | P16: 9 | R16: =AVERAGE(M16,MAX(N16:O16),MAX(P16:Q16)) -> 13.333333 | S16: =IF(R16>=10,"TRANSITA","N/TRANSITA") -> TRANSITA | W16: =AVERAGE(T16:U16) -> #DIV/0! | Y16: =AVERAGE(T16,MAX(U16:V16),MAX(W16:X16)) -> #DIV/0! | Z16: =SUM(K16,R16,Y16)/3 -> #DIV/0! | AA16: =Z16*0.4 -> #DIV/0! | AC16: =AB16*0.6 -> 0 | AD16: =AVERAGE(AA16+AC16) -> #DIV/0! | AE16: =IF(AD16>=10,"APROVADO/A","REPROVADO/A") -> #DIV/0!
B17: 8 | C17: Dádiva Ermelinda Gabriel Barros | F17: 18 | G17: 6 | I17: 10 | K17: =AVERAGE(F17,MAX(G17:H17),MAX(I17:J17)) -> 11.333333 | L17: =IF(K17>=10,"TRANSITA","N/TRANSITA") -> TRANSITA | M17: 10 | N17: 13.5 | P17: 9 | R17: =AVERAGE(M17,MAX(N17:O17),MAX(P17:Q17)) -> 10.833333 | S17: =IF(R17>=10,"TRANSITA","N/TRANSITA") -> TRANSITA | W17: =AVERAGE(T17:U17) -> #DIV/0! | Y17: =AVERAGE(T17,MAX(U17:V17),MAX(W17:X17)) -> #DIV/0! | Z17: =SUM(K17,R17,Y17)/3 -> #DIV/0! | AA17: =Z17*0.4 -> #DIV/0! | AC17: =AB17*0.6 -> 0 | AD17: =AVERAGE(AA17+AC17) -> #DIV/0! | AE17: =IF(AD17>=10,"APROVADO/A","REPROVADO/A") -> #DIV/0!
B18: 9 | C18: Daniel Quendo João | K18: =AVERAGE(F18,MAX(G18:H18),MAX(I18:J18)) -> 0 | L18: =IF(K18>=10,"TRANSITA","N/TRANSITA") -> N/TRANSITA | R18: =AVERAGE(M18,MAX(N18:O18),MAX(P18:Q18)) -> 0 | S18: =IF(R18>=10,"TRANSITA","N/TRANSITA") -> N/TRANSITA | W18: =AVERAGE(T18:U18) -> #DIV/0! | Y18: =AVERAGE(T18,MAX(U18:V18),MAX(W18:X18)) -> #DIV/0! | Z18: =SUM(K18,R18,Y18)/3 -> #DIV/0! | AA18: =Z18*0.4 -> #DIV/0! | AC18: =AB18*0.6 -> 0 | AD18: =AVERAGE(AA18+AC18) -> #DIV/0! | AE18: =IF(AD18>=10,"APROVADO/A","REPROVADO/A") -> #DIV/0!
B19: 10 | C19: Dina De Lourdes Massala | F19: 15 | G19: 7 | I19: 11.5 | K19: =AVERAGE(F19,MAX(G19:H19),MAX(I19:J19)) -> 11.166667 | L19: =IF(K19>=10,"TRANSITA","N/TRANSITA") -> TRANSITA | M19: 18 | N19: 15 | P19: 10 | R19: =AVERAGE(M19,MAX(N19:O19),MAX(P19:Q19)) -> 14.333333 | S19: =IF(R19>=10,"TRANSITA","N/TRANSITA") -> TRANSITA | W19: =AVERAGE(T19:U19) -> #DIV/0! | Y19: =AVERAGE(T19,MAX(U19:V19),MAX(W19:X19)) -> #DIV/0! | Z19: =SUM(K19,R19,Y19)/3 -> #DIV/0! | AA19: =Z19*0.4 -> #DIV/0! | AC19: =AB19*0.6 -> 0 | AD19: =AVERAGE(AA19+AC19) -> #DIV/0! | AE19: =IF(AD19>=10,"APROVADO/A","REPROVADO/A") -> #DIV/0!
B20: 11 | C20: Esperança C. Bumba Mabiala | F20: 18 | G20: 16 | I20: 13.5 | K20: =AVERAGE(F20,MAX(G20:H20),MAX(I20:J20)) -> 15.833333 | L20: =IF(K20>=10,"TRANSITA","N/TRANSITA") -> TRANSITA | M20: 10 | N20: 16.5 | P20: 10 | R20: =AVERAGE(M20,MAX(N20:O20),MAX(P20:Q20)) -> 12.166667 | S20: =IF(R20>=10,"TRANSITA","N/TRANSITA") -> TRANSITA | W20: =AVERAGE(T20:U20) -> #DIV/0! | Y20: =AVERAGE(T20,MAX(U20:V20),MAX(W20:X20)) -> #DIV/0! | Z20: =SUM(K20,R20,Y20)/3 -> #DIV/0! | AA20: =Z20*0.4 -> #DIV/0! | AC20: =AB20*0.6 -> 0 | AD20: =AVERAGE(AA20+AC20) -> #DIV/0! | AE20: =IF(AD20>=10,"APROVADO/A","REPROVADO/A") -> #DIV/0!
B21: 12 | C21: Esperança Lando Liumba | F21: 20 | G21: 16 | I21: 13.5 | K21: =AVERAGE(F21,MAX(G21:H21),MAX(I21:J21)) -> 16.5 | L21: =IF(K21>=10,"TRANSITA","N/TRANSITA") -> TRANSITA | M21: 18 | N21: 10 | P21: 10 | R21: =AVERAGE(M21,MAX(N21:O21),MAX(P21:Q21)) -> 12.666667 | S21: =IF(R21>=10,"TRANSITA","N/TRANSITA") -> TRANSITA | W21: =AVERAGE(T21:U21) -> #DIV/0! | Y21: =AVERAGE(T21,MAX(U21:V21),MAX(W21:X21)) -> #DIV/0! | Z21: =SUM(K21,R21,Y21)/3 -> #DIV/0! | AA21: =Z21*0.4 -> #DIV/0! | AC21: =AB21*0.6 -> 0 | AD21: =AVERAGE(AA21+AC21) -> #DIV/0! | AE21: =IF(AD21>=10,"APROVADO/A","REPROVADO/A") -> #DIV/0!
B22: 13 | C22: Ester Mavungo Fuca | F22: 18 | G22: 13 | I22: 8 | K22: =AVERAGE(F22,MAX(G22:H22),MAX(I22:J22)) -> 13 | L22: =IF(K22>=10,"TRANSITA","N/TRANSITA") -> TRANSITA | M22: 14 | N22: 11 | P22: 10 | R22: =AVERAGE(M22,MAX(N22:O22),MAX(P22:Q22)) -> 11.666667 | S22: =IF(R22>=10,"TRANSITA","N/TRANSITA") -> TRANSITA | W22: =AVERAGE(T22:U22) -> #DIV/0! | Y22: =AVERAGE(T22,MAX(U22:V22),MAX(W22:X22)) -> #DIV/0! | Z22: =SUM(K22,R22,Y22)/3 -> #DIV/0! | AA22: =Z22*0.4 -> #DIV/0! | AC22: =AB22*0.6 -> 0 | AD22: =AVERAGE(AA22+AC22) -> #DIV/0! | AE22: =IF(AD22>=10,"APROVADO/A","REPROVADO/A") -> #DIV/0!
B23: 14 | C23: Eufemia Maria Goma Ventena | F23: 18 | G23: 14 | I23: 12 | K23: =AVERAGE(F23,MAX(G23:H23),MAX(I23:J23)) -> 14.666667 | L23: =IF(K23>=10,"TRANSITA","N/TRANSITA") -> TRANSITA | M23: 14 | N23: 10.5 | P23: 6 | R23: =AVERAGE(M23,MAX(N23:O23),MAX(P23:Q23)) -> 10.166667 | S23: =IF(R23>=10,"TRANSITA","N/TRANSITA") -> TRANSITA | W23: =AVERAGE(T23:U23) -> #DIV/0! | Y23: =AVERAGE(T23,MAX(U23:V23),MAX(W23:X23)) -> #DIV/0! | Z23: =SUM(K23,R23,Y23)/3 -> #DIV/0! | AA23: =Z23*0.4 -> #DIV/0! | AC23: =AB23*0.6 -> 0 | AD23: =AVERAGE(AA23+AC23) -> #DIV/0! | AE23: =IF(AD23>=10,"APROVADO/A","REPROVADO/A") -> #DIV/0!
B24: 15 | C24: Eulália Buanga Bembe Alfredo | F24: 18 | G24: 12 | I24: 9.5 | K24: =AVERAGE(F24,MAX(G24:H24),MAX(I24:J24)) -> 13.166667 | L24: =IF(K24>=10,"TRANSITA","N/TRANSITA") -> TRANSITA | M24: 15 | N24: 12 | P24: 6 | R24: =AVERAGE(M24,MAX(N24:O24),MAX(P24:Q24)) -> 11 | S24: =IF(R24>=10,"TRANSITA","N/TRANSITA") -> TRANSITA | W24: =AVERAGE(T24:U24) -> #DIV/0! | Y24: =AVERAGE(T24,MAX(U24:V24),MAX(W24:X24)) -> #DIV/0! | Z24: =SUM(K24,R24,Y24)/3 -> #DIV/0! | AA24: =Z24*0.4 -> #DIV/0! | AC24: =AB24*0.6 -> 0 | AD24: =AVERAGE(AA24+AC24) -> #DIV/0! | AE24: =IF(AD24>=10,"APROVADO/A","REPROVADO/A") -> #DIV/0!
B25: 16 | C25: Eva De Araújo Mambo | F25: 20 | G25: 13 | I25: 19 | K25: =AVERAGE(F25,MAX(G25:H25),MAX(I25:J25)) -> 17.333333 | L25: =IF(K25>=10,"TRANSITA","N/TRANSITA") -> TRANSITA | M25: 17 | N25: 12 | P25: 10 | R25: =AVERAGE(M25,MAX(N25:O25),MAX(P25:Q25)) -> 13 | S25: =IF(R25>=10,"TRANSITA","N/TRANSITA") -> TRANSITA | W25: =AVERAGE(T25:U25) -> #DIV/0! | Y25: =AVERAGE(T25,MAX(U25:V25),MAX(W25:X25)) -> #DIV/0! | Z25: =SUM(K25,R25,Y25)/3 -> #DIV/0! | AA25: =Z25*0.4 -> #DIV/0! | AC25: =AB25*0.6 -> 0 | AD25: =AVERAGE(AA25+AC25) -> #DIV/0! | AE25: =IF(AD25>=10,"APROVADO/A","REPROVADO/A") -> #DIV/0!
B26: 17 | C26: Fátima B. Puila Cassombe | F26: 20 | G26: 15 | I26: 13.5 | K26: =AVERAGE(F26,MAX(G26:H26),MAX(I26:J26)) -> 16.166667 | L26: =IF(K26>=10,"TRANSITA","N/TRANSITA") -> TRANSITA | M26: 20 | N26: 12 | P26: 11 | R26: =AVERAGE(M26,MAX(N26:O26),MAX(P26:Q26)) -> 14.333333 | S26: =IF(R26>=10,"TRANSITA","N/TRANSITA") -> TRANSITA | W26: =AVERAGE(T26:U26) -> #DIV/0! | Y26: =AVERAGE(T26,MAX(U26:V26),MAX(W26:X26)) -> #DIV/0! | Z26: =SUM(K26,R26,Y26)/3 -> #DIV/0! | AA26: =Z26*0.4 -> #DIV/0! | AC26: =AB26*0.6 -> 0 | AD26: =AVERAGE(AA26+AC26) -> #DIV/0! | AE26: =IF(AD26>=10,"APROVADO/A","REPROVADO/A") -> #DIV/0!
B27: 18 | C27: Filomena Lelo Tembo Chibuango | F27: 20 | G27: 12 | I27: 8 | K27: =AVERAGE(F27,MAX(G27:H27),MAX(I27:J27)) -> 13.333333 | L27: =IF(K27>=10,"TRANSITA","N/TRANSITA") -> TRANSITA | M27: 16 | N27: 13 | P27: 6 | R27: =AVERAGE(M27,MAX(N27:O27),MAX(P27:Q27)) -> 11.666667 | S27: =IF(R27>=10,"TRANSITA","N/TRANSITA") -> TRANSITA | W27: =AVERAGE(T27:U27) -> #DIV/0! | Y27: =AVERAGE(T27,MAX(U27:V27),MAX(W27:X27)) -> #DIV/0! | Z27: =SUM(K27,R27,Y27)/3 -> #DIV/0! | AA27: =Z27*0.4 -> #DIV/0! | AC27: =AB27*0.6 -> 0 | AD27: =AVERAGE(AA27+AC27) -> #DIV/0! | AE27: =IF(AD27>=10,"APROVADO/A","REPROVADO/A") -> #DIV/0!
B28: 19 | C28: Helena Da C. Bumba Bilendo | F28: 15 | G28: 8 | I28: 4 | K28: =AVERAGE(F28,MAX(G28:H28),MAX(I28:J28)) -> 9 | L28: =IF(K28>=10,"TRANSITA","N/TRANSITA") -> N/TRANSITA | M28: 13 | N28: 11.5 | P28: 4 | R28: =AVERAGE(M28,MAX(N28:O28),MAX(P28:Q28)) -> 9.5 | S28: =IF(R28>=10,"TRANSITA","N/TRANSITA") -> N/TRANSITA | W28: =AVERAGE(T28:U28) -> #DIV/0! | Y28: =AVERAGE(T28,MAX(U28:V28),MAX(W28:X28)) -> #DIV/0! | Z28: =SUM(K28,R28,Y28)/3 -> #DIV/0! | AA28: =Z28*0.4 -> #DIV/0! | AC28: =AB28*0.6 -> 0 | AD28: =AVERAGE(AA28+AC28) -> #DIV/0! | AE28: =IF(AD28>=10,"APROVADO/A","REPROVADO/A") -> #DIV/0!
B29: 20 | C29: Helena Nzuzi Lembe Gimbi | F29: 20 | G29: 15 | I29: 4 | K29: =AVERAGE(F29,MAX(G29:H29),MAX(I29:J29)) -> 13 | L29: =IF(K29>=10,"TRANSITA","N/TRANSITA") -> TRANSITA | M29: 14 | N29: 14 | R29: =AVERAGE(M29,MAX(N29:O29),MAX(P29:Q29)) -> 9.3333333 | S29: =IF(R29>=10,"TRANSITA","N/TRANSITA") -> N/TRANSITA | W29: =AVERAGE(T29:U29) -> #DIV/0! | Y29: =AVERAGE(T29,MAX(U29:V29),MAX(W29:X29)) -> #DIV/0! | Z29: =SUM(K29,R29,Y29)/3 -> #DIV/0! | AA29: =Z29*0.4 -> #DIV/0! | AC29: =AB29*0.6 -> 0 | AD29: =AVERAGE(AA29+AC29) -> #DIV/0! | AE29: =IF(AD29>=10,"APROVADO/A","REPROVADO/A") -> #DIV/0!
B30: 21 | C30: Helena Pemba António Brás | F30: 14 | G30: 13 | I30: 7 | K30: =AVERAGE(F30,MAX(G30:H30),MAX(I30:J30)) -> 11.333333 | L30: =IF(K30>=10,"TRANSITA","N/TRANSITA") -> TRANSITA | M30: 15 | N30: 11.5 | P30: 4 | R30: =AVERAGE(M30,MAX(N30:O30),MAX(P30:Q30)) -> 10.166667 | S30: =IF(R30>=10,"TRANSITA","N/TRANSITA") -> TRANSITA | W30: =AVERAGE(T30:U30) -> #DIV/0! | Y30: =AVERAGE(T30,MAX(U30:V30),MAX(W30:X30)) -> #DIV/0! | Z30: =SUM(K30,R30,Y30)/3 -> #DIV/0! | AA30: =Z30*0.4 -> #DIV/0! | AC30: =AB30*0.6 -> 0 | AD30: =AVERAGE(AA30+AC30) -> #DIV/0! | AE30: =IF(AD30>=10,"APROVADO/A","REPROVADO/A") -> #DIV/0!
B31: 22 | C31: Isabel Mariana Miala | F31: 15 | G31: 10 | I31: 12.5 | K31: =AVERAGE(F31,MAX(G31:H31),MAX(I31:J31)) -> 12.5 | L31: =IF(K31>=10,"TRANSITA","N/TRANSITA") -> TRANSITA | M31: 14 | N31: 11 | P31: 10 | R31: =AVERAGE(M31,MAX(N31:O31),MAX(P31:Q31)) -> 11.666667 | S31: =IF(R31>=10,"TRANSITA","N/TRANSITA") -> TRANSITA | W31: =AVERAGE(T31:U31) -> #DIV/0! | Y31: =AVERAGE(T31,MAX(U31:V31),MAX(W31:X31)) -> #DIV/0! | Z31: =SUM(K31,R31,Y31)/3 -> #DIV/0! | AA31: =Z31*0.4 -> #DIV/0! | AC31: =AB31*0.6 -> 0 | AD31: =AVERAGE(AA31+AC31) -> #DIV/0! | AE31: =IF(AD31>=10,"APROVADO/A","REPROVADO/A") -> #DIV/0!
B32: 23 | C32: Isabel Nhongo Luambo Estevão | F32: 18 | G32: 17 | I32: 18.5 | K32: =AVERAGE(F32,MAX(G32:H32),MAX(I32:J32)) -> 17.833333 | L32: =IF(K32>=10,"TRANSITA","N/TRANSITA") -> TRANSITA | M32: 17 | N32: 12 | P32: 5 | R32: =AVERAGE(M32,MAX(N32:O32),MAX(P32:Q32)) -> 11.333333 | S32: =IF(R32>=10,"TRANSITA","N/TRANSITA") -> TRANSITA | W32: =AVERAGE(T32:U32) -> #DIV/0! | Y32: =AVERAGE(T32,MAX(U32:V32),MAX(W32:X32)) -> #DIV/0! | Z32: =SUM(K32,R32,Y32)/3 -> #DIV/0! | AA32: =Z32*0.4 -> #DIV/0! | AC32: =AB32*0.6 -> 0 | AD32: =AVERAGE(AA32+AC32) -> #DIV/0! | AE32: =IF(AD32>=10,"APROVADO/A","REPROVADO/A") -> #DIV/0!
B33: 24 | C33: Jerónimo Yombe Vemba | F33: 4 | G33: 10 | I33: 6 | K33: =AVERAGE(F33,MAX(G33:H33),MAX(I33:J33)) -> 6.6666667 | L33: =IF(K33>=10,"TRANSITA","N/TRANSITA") -> N/TRANSITA | M33: 7 | N33: 0 | P33: 2 | R33: =AVERAGE(M33,MAX(N33:O33),MAX(P33:Q33)) -> 3 | S33: =IF(R33>=10,"TRANSITA","N/TRANSITA") -> N/TRANSITA | W33: =AVERAGE(T33:U33) -> #DIV/0! | Y33: =AVERAGE(T33,MAX(U33:V33),MAX(W33:X33)) -> #DIV/0! | Z33: =SUM(K33,R33,Y33)/3 -> #DIV/0! | AA33: =Z33*0.4 -> #DIV/0! | AC33: =AB33*0.6 -> 0 | AD33: =AVERAGE(AA33+AC33) -> #DIV/0! | AE33: =IF(AD33>=10,"APROVADO/A","REPROVADO/A") -> #DIV/0!
B34: 25 | C34: Joana Dadiva Ndembe Bueia | F34: 20 | G34: 17 | I34: 12 | K34: =AVERAGE(F34,MAX(G34:H34),MAX(I34:J34)) -> 16.333333 | L34: =IF(K34>=10,"TRANSITA","N/TRANSITA") -> TRANSITA | M34: 20 | N34: 18 | P34: 18 | R34: =AVERAGE(M34,MAX(N34:O34),MAX(P34:Q34)) -> 18.666667 | S34: =IF(R34>=10,"TRANSITA","N/TRANSITA") -> TRANSITA | W34: =AVERAGE(T34:U34) -> #DIV/0! | Y34: =AVERAGE(T34,MAX(U34:V34),MAX(W34:X34)) -> #DIV/0! | Z34: =SUM(K34,R34,Y34)/3 -> #DIV/0! | AA34: =Z34*0.4 -> #DIV/0! | AC34: =AB34*0.6 -> 0 | AD34: =AVERAGE(AA34+AC34) -> #DIV/0! | AE34: =IF(AD34>=10,"APROVADO/A","REPROVADO/A") -> #DIV/0!
B35: 26 | C35: João Sidónio António | F35: 15 | G35: 0 | I35: 2 | K35: =AVERAGE(F35,MAX(G35:H35),MAX(I35:J35)) -> 5.6666667 | L35: =IF(K35>=10,"TRANSITA","N/TRANSITA") -> N/TRANSITA | M35: 8 | N35: 0 | P35: 6 | R35: =AVERAGE(M35,MAX(N35:O35),MAX(P35:Q35)) -> 4.6666667 | S35: =IF(R35>=10,"TRANSITA","N/TRANSITA") -> N/TRANSITA | W35: =AVERAGE(T35:U35) -> #DIV/0! | Y35: =AVERAGE(T35,MAX(U35:V35),MAX(W35:X35)) -> #DIV/0! | Z35: =SUM(K35,R35,Y35)/3 -> #DIV/0! | AA35: =Z35*0.4 -> #DIV/0! | AC35: =AB35*0.6 -> 0 | AD35: =AVERAGE(AA35+AC35) -> #DIV/0! | AE35: =IF(AD35>=10,"APROVADO/A","REPROVADO/A") -> #DIV/0!
B36: 27 | C36: Jocelma Badila Da Costa | F36: 14 | G36: 14 | I36: 2 | K36: =AVERAGE(F36,MAX(G36:H36),MAX(I36:J36)) -> 10 | L36: =IF(K36>=10,"TRANSITA","N/TRANSITA") -> TRANSITA | M36: 13 | N36: 13 | P36: 8 | R36: =AVERAGE(M36,MAX(N36:O36),MAX(P36:Q36)) -> 11.333333 | S36: =IF(R36>=10,"TRANSITA","N/TRANSITA") -> TRANSITA | W36: =AVERAGE(T36:U36) -> #DIV/0! | Y36: =AVERAGE(T36,MAX(U36:V36),MAX(W36:X36)) -> #DIV/0! | Z36: =SUM(K36,R36,Y36)/3 -> #DIV/0! | AA36: =Z36*0.4 -> #DIV/0! | AC36: =AB36*0.6 -> 0 | AD36: =AVERAGE(AA36+AC36) -> #DIV/0! | AE36: =IF(AD36>=10,"APROVADO/A","REPROVADO/A") -> #DIV/0!
B37: 28 | C37: José Francisco Malonda Kibodo | F37: 12 | G37: 9 | I37: 10 | K37: =AVERAGE(F37,MAX(G37:H37),MAX(I37:J37)) -> 10.333333 | L37: =IF(K37>=10,"TRANSITA","N/TRANSITA") -> TRANSITA | M37: 8 | N37: 5 | P37: 8 | R37: =AVERAGE(M37,MAX(N37:O37),MAX(P37:Q37)) -> 7 | S37: =IF(R37>=10,"TRANSITA","N/TRANSITA") -> N/TRANSITA | W37: =AVERAGE(T37:U37) -> #DIV/0! | Y37: =AVERAGE(T37,MAX(U37:V37),MAX(W37:X37)) -> #DIV/0! | Z37: =SUM(K37,R37,Y37)/3 -> #DIV/0! | AA37: =Z37*0.4 -> #DIV/0! | AC37: =AB37*0.6 -> 0 | AD37: =AVERAGE(AA37+AC37) -> #DIV/0! | AE37: =IF(AD37>=10,"APROVADO/A","REPROVADO/A") -> #DIV/0!
B38: 29 | C38: José Lourenço Muhongo Cassombe | F38: 4 | G38: 14 | I38: 9 | K38: =AVERAGE(F38,MAX(G38:H38),MAX(I38:J38)) -> 9 | L38: =IF(K38>=10,"TRANSITA","N/TRANSITA") -> N/TRANSITA | M38: 6 | N38: 0 | P38: 2 | R38: =AVERAGE(M38,MAX(N38:O38),MAX(P38:Q38)) -> 2.6666667 | S38: =IF(R38>=10,"TRANSITA","N/TRANSITA") -> N/TRANSITA | W38: =AVERAGE(T38:U38) -> #DIV/0! | Y38: =AVERAGE(T38,MAX(U38:V38),MAX(W38:X38)) -> #DIV/0! | Z38: =SUM(K38,R38,Y38)/3 -> #DIV/0! | AA38: =Z38*0.4 -> #DIV/0! | AC38: =AB38*0.6 -> 0 | AD38: =AVERAGE(AA38+AC38) -> #DIV/0! | AE38: =IF(AD38>=10,"APROVADO/A","REPROVADO/A") -> #DIV/0!
B39: 30 | C39: Leidy Da Graça Tumba Balo | F39: 20 | G39: 19 | I39: 7 | K39: =AVERAGE(F39,MAX(G39:H39),MAX(I39:J39)) -> 15.333333 | L39: =IF(K39>=10,"TRANSITA","N/TRANSITA") -> TRANSITA | M39: 20 | N39: 20 | P39: 13 | R39: =AVERAGE(M39,MAX(N39:O39),MAX(P39:Q39)) -> 17.666667 | S39: =IF(R39>=10,"TRANSITA","N/TRANSITA") -> TRANSITA | W39: =AVERAGE(T39:U39) -> #DIV/0! | Y39: =AVERAGE(T39,MAX(U39:V39),MAX(W39:X39)) -> #DIV/0! | Z39: =SUM(K39,R39,Y39)/3 -> #DIV/0! | AA39: =Z39*0.4 -> #DIV/0! | AC39: =AB39*0.6 -> 0 | AD39: =AVERAGE(AA39+AC39) -> #DIV/0! | AE39: =IF(AD39>=10,"APROVADO/A","REPROVADO/A") -> #DIV/0!
B40: 31 | C40: Lídia Pedro Puna | F40: 13 | G40: 17 | I40: 12.5 | K40: =AVERAGE(F40,MAX(G40:H40),MAX(I40:J40)) -> 14.166667 | L40: =IF(K40>=10,"TRANSITA","N/TRANSITA") -> TRANSITA | M40: 15 | N40: 16 | P40: 13 | R40: =AVERAGE(M40,MAX(N40:O40),MAX(P40:Q40)) -> 14.666667 | S40: =IF(R40>=10,"TRANSITA","N/TRANSITA") -> TRANSITA | W40: =AVERAGE(T40:U40) -> #DIV/0! | Y40: =AVERAGE(T40,MAX(U40:V40),MAX(W40:X40)) -> #DIV/0! | Z40: =SUM(K40,R40,Y40)/3 -> #DIV/0! | AA40: =Z40*0.4 -> #DIV/0! | AC40: =AB40*0.6 -> 0 | AD40: =AVERAGE(AA40+AC40) -> #DIV/0! | AE40: =IF(AD40>=10,"APROVADO/A","REPROVADO/A") -> #DIV/0!
B41: 32 | C41: Lúcia Dicuela Bangala Muanda | F41: 11 | G41: 15 | I41: 9.5 | K41: =AVERAGE(F41,MAX(G41:H41),MAX(I41:J41)) -> 11.833333 | L41: =IF(K41>=10,"TRANSITA","N/TRANSITA") -> TRANSITA | M41: 15 | N41: 12.5 | P41: 13 | R41: =AVERAGE(M41,MAX(N41:O41),MAX(P41:Q41)) -> 13.5 | S41: =IF(R41>=10,"TRANSITA","N/TRANSITA") -> TRANSITA | W41: =AVERAGE(T41:U41) -> #DIV/0! | Y41: =AVERAGE(T41,MAX(U41:V41),MAX(W41:X41)) -> #DIV/0! | Z41: =SUM(K41,R41,Y41)/3 -> #DIV/0! | AA41: =Z41*0.4 -> #DIV/0! | AC41: =AB41*0.6 -> 0 | AD41: =AVERAGE(AA41+AC41) -> #DIV/0!
B42: 33 | C42: Manuela Lopes Moio Capita | F42: 18 | G42: 7 | I42: 19 | K42: =AVERAGE(F42,MAX(G42:H42),MAX(I42:J42)) -> 14.666667 | L42: =IF(K42>=10,"TRANSITA","N/TRANSITA") -> TRANSITA | M42: 17 | N42: 14 | P42: 10 | R42: =AVERAGE(M42,MAX(N42:O42),MAX(P42:Q42)) -> 13.666667 | S42: =IF(R42>=10,"TRANSITA","N/TRANSITA") -> TRANSITA | W42: =AVERAGE(T42:U42) -> #DIV/0! | Y42: =AVERAGE(T42,MAX(U42:V42),MAX(W42:X42)) -> #DIV/0! | Z42: =SUM(K42,R42,Y42)/3 -> #DIV/0! | AA42: =Z42*0.4 -> #DIV/0! | AC42: =AB42*0.6 -> 0 | AD42: =AVERAGE(AA42+AC42) -> #DIV/0! | AE42: =IF(AD42>=10,"APROVADO/A","REPROVADO/A") -> #DIV/0!
B43: 34 | C43: Maria Da Conceição Buca Yoba | F43: 13 | G43: 15 | I43: 12.5 | K43: =AVERAGE(F43,MAX(G43:H43),MAX(I43:J43)) -> 13.5 | L43: =IF(K43>=10,"TRANSITA","N/TRANSITA") -> TRANSITA | M43: 16 | N43: 11.5 | P43: 11 | R43: =AVERAGE(M43,MAX(N43:O43),MAX(P43:Q43)) -> 12.833333 | S43: =IF(R43>=10,"TRANSITA","N/TRANSITA") -> TRANSITA | W43: =AVERAGE(T43:U43) -> #DIV/0! | Y43: =AVERAGE(T43,MAX(U43:V43),MAX(W43:X43)) -> #DIV/0! | Z43: =SUM(K43,R43,Y43)/3 -> #DIV/0! | AA43: =Z43*0.4 -> #DIV/0! | AC43: =AB43*0.6 -> 0 | AD43: =AVERAGE(AA43+AC43) -> #DIV/0! | AE43: =IF(AD43>=10,"APROVADO/A","REPROVADO/A") -> #DIV/0!
B44: 35 | C44: Maria Rosa Brás | F44: 13 | G44: 13 | I44: 6.5 | K44: =AVERAGE(F44,MAX(G44:H44),MAX(I44:J44)) -> 10.833333 | L44: =IF(K44>=10,"TRANSITA","N/TRANSITA") -> TRANSITA | M44: 17 | N44: 16.5 | P44: 6 | R44: =AVERAGE(M44,MAX(N44:O44),MAX(P44:Q44)) -> 13.166667 | S44: =IF(R44>=10,"TRANSITA","N/TRANSITA") -> TRANSITA | W44: =AVERAGE(T44:U44) -> #DIV/0! | Y44: =AVERAGE(T44,MAX(U44:V44),MAX(W44:X44)) -> #DIV/0! | Z44: =SUM(K44,R44,Y44)/3 -> #DIV/0! | AA44: =Z44*0.4 -> #DIV/0! | AC44: =AB44*0.6 -> 0 | AD44: =AVERAGE(AA44+AC44) -> #DIV/0! | AE44: =IF(AD44>=10,"APROVADO/A","REPROVADO/A") -> #DIV/0!
B45: 36 | C45: Marta Gabriel Muela | F45: 18 | G45: 13 | I45: 3 | K45: =AVERAGE(F45,MAX(G45:H45),MAX(I45:J45)) -> 11.333333 | L45: =IF(K45>=10,"TRANSITA","N/TRANSITA") -> TRANSITA | M45: 17 | N45: 11.5 | P45: 11 | R45: =AVERAGE(M45,MAX(N45:O45),MAX(P45:Q45)) -> 13.166667 | S45: =IF(R45>=10,"TRANSITA","N/TRANSITA") -> TRANSITA | W45: =AVERAGE(T45:U45) -> #DIV/0! | Y45: =AVERAGE(T45,MAX(U45:V45),MAX(W45:X45)) -> #DIV/0! | Z45: =SUM(K45,R45,Y45)/3 -> #DIV/0! | AA45: =Z45*0.4 -> #DIV/0! | AC45: =AB45*0.6 -> 0 | AD45: =AVERAGE(AA45+AC45) -> #DIV/0! | AE45: =IF(AD45>=10,"APROVADO/A","REPROVADO/A") -> #DIV/0!
B46: 37 | C46: Martina Cumba Muendo Nvemba | F46: 16 | G46: 12 | I46: 5.5 | K46: =AVERAGE(F46,MAX(G46:H46),MAX(I46:J46)) -> 11.166667 | L46: =IF(K46>=10,"TRANSITA","N/TRANSITA") -> TRANSITA | M46: 17 | N46: 15 | P46: 10 | R46: =AVERAGE(M46,MAX(N46:O46),MAX(P46:Q46)) -> 14 | S46: =IF(R46>=10,"TRANSITA","N/TRANSITA") -> TRANSITA | W46: =AVERAGE(T46:U46) -> #DIV/0! | Y46: =AVERAGE(T46,MAX(U46:V46),MAX(W46:X46)) -> #DIV/0! | Z46: =SUM(K46,R46,Y46)/3 -> #DIV/0! | AA46: =Z46*0.4 -> #DIV/0! | AC46: =AB46*0.6 -> 0 | AD46: =AVERAGE(AA46+AC46) -> #DIV/0! | AE46: =IF(AD46>=10,"APROVADO/A","REPROVADO/A") -> #DIV/0!
B47: 38 | C47: Raimundo Luís Gime Bussaco | F47: 5 | G47: 6 | I47: 2 | K47: =AVERAGE(F47,MAX(G47:H47),MAX(I47:J47)) -> 4.3333333 | L47: =IF(K47>=10,"TRANSITA","N/TRANSITA") -> N/TRANSITA | M47: 1 | N47: 2 | P47: 1 | R47: =AVERAGE(M47,MAX(N47:O47),MAX(P47:Q47)) -> 1.3333333 | S47: =IF(R47>=10,"TRANSITA","N/TRANSITA") -> N/TRANSITA | W47: =AVERAGE(T47:U47) -> #DIV/0! | Y47: =AVERAGE(T47,MAX(U47:V47),MAX(W47:X47)) -> #DIV/0! | Z47: =SUM(K47,R47,Y47)/3 -> #DIV/0! | AA47: =Z47*0.4 -> #DIV/0! | AC47: =AB47*0.6 -> 0 | AD47: =AVERAGE(AA47+AC47) -> #DIV/0! | AE47: =IF(AD47>=10,"APROVADO/A","REPROVADO/A") -> #DIV/0!
B48: 39 | C48: Rosária Domingas Mangovo | F48: 18 | G48: 12 | I48: 3 | K48: =AVERAGE(F48,MAX(G48:H48),MAX(I48:J48)) -> 11 | L48: =IF(K48>=10,"TRANSITA","N/TRANSITA") -> TRANSITA | M48: 15 | N48: 12 | P48: 10 | R48: =AVERAGE(M48,MAX(N48:O48),MAX(P48:Q48)) -> 12.333333 | S48: =IF(R48>=10,"TRANSITA","N/TRANSITA") -> TRANSITA | W48: =AVERAGE(T48:U48) -> #DIV/0! | Y48: =AVERAGE(T48,MAX(U48:V48),MAX(W48:X48)) -> #DIV/0! | Z48: =SUM(K48,R48,Y48)/3 -> #DIV/0! | AA48: =Z48*0.4 -> #DIV/0! | AC48: =AB48*0.6 -> 0 | AD48: =AVERAGE(AA48+AC48) -> #DIV/0! | AE48: =IF(AD48>=10,"APROVADO/A","REPROVADO/A") -> #DIV/0!
B49: 40 | C49: Silvia Amada Castelão Morais | D49: 0 | F49: 20 | G49: 17 | I49: 15.5 | K49: =AVERAGE(F49,MAX(G49:H49),MAX(I49:J49)) -> 17.5 | L49: =IF(K49>=10,"TRANSITA","N/TRANSITA") -> TRANSITA | M49: 20 | N49: 18 | P49: 18 | R49: =AVERAGE(M49,MAX(N49:O49),MAX(P49:Q49)) -> 18.666667 | S49: =IF(R49>=10,"TRANSITA","N/TRANSITA") -> TRANSITA | W49: =AVERAGE(T49:U49) -> #DIV/0! | Y49: =AVERAGE(T49,MAX(U49:V49),MAX(W49:X49)) -> #DIV/0! | Z49: =SUM(K49,R49,Y49)/3 -> #DIV/0! | AA49: =Z49*0.4 -> #DIV/0! | AC49: =AB49*0.6 -> 0 | AD49: =AVERAGE(AA49+AC49) -> #DIV/0! | AE49: =IF(AD49>=10,"APROVADO/A","REPROVADO/A") -> #DIV/0!
B50: 41 | C50: Teresa Gomes Baza | F50: 13 | G50: 7 | I50: 3 | K50: =AVERAGE(F50,MAX(G50:H50),MAX(I50:J50)) -> 7.6666667 | L50: =IF(K50>=10,"TRANSITA","N/TRANSITA") -> N/TRANSITA | M50: 7 | N50: 9 | P50: 10 | R50: =AVERAGE(M50,MAX(N50:O50),MAX(P50:Q50)) -> 8.6666667 | S50: =IF(R50>=10,"TRANSITA","N/TRANSITA") -> N/TRANSITA | W50: =AVERAGE(T50:U50) -> #DIV/0! | Y50: =AVERAGE(T50,MAX(U50:V50),MAX(W50:X50)) -> #DIV/0! | Z50: =SUM(K50,R50,Y50)/3 -> #DIV/0! | AA50: =Z50*0.4 -> #DIV/0! | AC50: =AB50*0.6 -> 0 | AD50: =AVERAGE(AA50+AC50) -> #DIV/0! | AE50: =IF(AD50>=10,"APROVADO/A","REPROVADO/A") -> #DIV/0!
B51: 42 | C51: Zulmira Buanga António | F51: 16 | G51: 7 | I51: 13 | K51: =AVERAGE(F51,MAX(G51:H51),MAX(I51:J51)) -> 12 | L51: =IF(K51>=10,"TRANSITA","N/TRANSITA") -> TRANSITA | M51: 9 | N51: 7 | P51: 9 | R51: =AVERAGE(M51,MAX(N51:O51),MAX(P51:Q51)) -> 8.3333333 | S51: =IF(R51>=10,"TRANSITA","N/TRANSITA") -> N/TRANSITA | W51: =AVERAGE(T51:U51) -> #DIV/0! | Y51: =AVERAGE(T51,MAX(U51:V51),MAX(W51:X51)) -> #DIV/0! | Z51: =SUM(K51,R51,Y51)/3 -> #DIV/0! | AA51: =Z51*0.4 -> #DIV/0! | AC51: =AB51*0.6 -> 0 | AD51: =AVERAGE(AA51+AC51) -> #DIV/0! | AE51: =IF(AD51>=10,"APROVADO/A","REPROVADO/A") -> #DIV/0!
A53: INSTITUTO TÉCNICO PRIVADO DE SAÚDE JOMORAIS, 12 de dezembro de 2025. -
A55: O (A) Professor (a) | R55: O Subdirector Pedagógico
B56: _____________________________
R57: ALBERTO SASSA TATI

Sheet 12EG -A- N.D
A1: INSTITUTO TÉCNICO PRIVADO DE SAÚDE JOMORAIS
B4: Classe: 12ª | L4: Disciplina: Nutrição e Dietética | Y4: Ano Lectivo: 2025/2026
B6: Turno: Vespertino | L6: Turma: A | Y6: Curso:ENFERMAGEM GERAL
B7: MINI-PAUTA - SAÚDE
B8: Nº | C8: Nome do (a) Aluno (a) | D8: FALTAS | F8: Avaliações/I Trimestre | L8: OBS | M8: Avaliações/II Trimestre | S8: OBS | T8: Avaliações/III Trimestre | Z8: MFD | AA8: 40% MFD | AB8: EXAME ESCRITO | AC8: 60% NEE | AD8: MF | AE8: OBS
D9: J | E9: I | F9: MAC | G9: NPP | H9: NPR1 | I9: NPT | J9: NPR2 | K9: MT1 | M9: MAC | N9: NPP | O9: NPR1 | P9: NPT | Q9: NPR2 | R9: MT2 | T9: MAC | U9: NPP | V9: NPR1 | W9: NPT | X9: NPR2 | Y9: MT3
B10: 1 | C10: Alberto Filipe Massiala | F10: 10 | G10: 6 | I10: 10.5 | K10: =AVERAGE(F10,MAX(G10:H10),MAX(I10:J10)) -> 8.8333333 | L10: =IF(K10>=10,"TRANSITA","N/TRANSITA") -> N/TRANSITA | M10: 11.5 | N10: 11.5 | P10: 12.5 | R10: =AVERAGE(M10,MAX(N10:O10),MAX(P10:Q10)) -> 11.833333 | S10: =IF(R10>=10,"TRANSITA","N/TRANSITA") -> TRANSITA | W10: =AVERAGE(T10:U10) -> #DIV/0! | Y10: =AVERAGE(T10,MAX(U10:V10),MAX(W10:X10)) -> #DIV/0! | Z10: =SUM(K10,R10,Y10)/3 -> #DIV/0! | AA10: =Z10*0.4 -> #DIV/0! | AC10: =AB10*0.6 -> 0 | AD10: =AVERAGE(AA10+AC10) -> #DIV/0! | AE10: =IF(AD10>=10,"APROVADO/A","REPROVADO/A") -> #DIV/0!
B11: 2 | C11: Aldina Marta Mavungo Cumbo | F11: 14 | G11: 13.5 | I11: 18.5 | K11: =AVERAGE(F11,MAX(G11:H11),MAX(I11:J11)) -> 15.333333 | L11: =IF(K11>=10,"TRANSITA","N/TRANSITA") -> TRANSITA | M11: 17.5 | N11: 17.5 | P11: 14 | R11: =AVERAGE(M11,MAX(N11:O11),MAX(P11:Q11)) -> 16.333333 | S11: =IF(R11>=10,"TRANSITA","N/TRANSITA") -> TRANSITA | W11: =AVERAGE(T11:U11) -> #DIV/0! | Y11: =AVERAGE(T11,MAX(U11:V11),MAX(W11:X11)) -> #DIV/0! | Z11: =SUM(K11,R11,Y11)/3 -> #DIV/0! | AA11: =Z11*0.4 -> #DIV/0! | AC11: =AB11*0.6 -> 0 | AD11: =AVERAGE(AA11+AC11) -> #DIV/0! | AE11: =IF(AD11>=10,"APROVADO/A","REPROVADO/A") -> #DIV/0!
B12: 3 | C12: Alice Malonda Lubota Macaia | F12: 14 | G12: 12.5 | I12: 18 | K12: =AVERAGE(F12,MAX(G12:H12),MAX(I12:J12)) -> 14.833333 | L12: =IF(K12>=10,"TRANSITA","N/TRANSITA") -> TRANSITA | M12: 17.5 | N12: 17.5 | P12: 15.5 | R12: =AVERAGE(M12,MAX(N12:O12),MAX(P12:Q12)) -> 16.833333 | S12: =IF(R12>=10,"TRANSITA","N/TRANSITA") -> TRANSITA | W12: =AVERAGE(T12:U12) -> #DIV/0! | Y12: =AVERAGE(T12,MAX(U12:V12),MAX(W12:X12)) -> #DIV/0! | Z12: =SUM(K12,R12,Y12)/3 -> #DIV/0! | AA12: =Z12*0.4 -> #DIV/0! | AC12: =AB12*0.6 -> 0 | AD12: =AVERAGE(AA12+AC12) -> #DIV/0! | AE12: =IF(AD12>=10,"APROVADO/A","REPROVADO/A") -> #DIV/0!
B13: 4 | C13: Angelina Kambo Macosso | F13: 18 | G13: 18 | I13: 15 | K13: =AVERAGE(F13,MAX(G13:H13),MAX(I13:J13)) -> 17 | L13: =IF(K13>=10,"TRANSITA","N/TRANSITA") -> TRANSITA | M13: 17 | N13: 17 | P13: 18 | R13: =AVERAGE(M13,MAX(N13:O13),MAX(P13:Q13)) -> 17.333333 | S13: =IF(R13>=10,"TRANSITA","N/TRANSITA") -> TRANSITA | W13: =AVERAGE(T13:U13) -> #DIV/0! | Y13: =AVERAGE(T13,MAX(U13:V13),MAX(W13:X13)) -> #DIV/0! | Z13: =SUM(K13,R13,Y13)/3 -> #DIV/0! | AA13: =Z13*0.4 -> #DIV/0! | AC13: =AB13*0.6 -> 0 | AD13: =AVERAGE(AA13+AC13) -> #DIV/0! | AE13: =IF(AD13>=10,"APROVADO/A","REPROVADO/A") -> #DIV/0!
B14: 5 | C14: Belma Da C. Ngaca Bernardo | F14: 18 | G14: 18.5 | I14: 20 | K14: =AVERAGE(F14,MAX(G14:H14),MAX(I14:J14)) -> 18.833333 | L14: =IF(K14>=10,"TRANSITA","N/TRANSITA") -> TRANSITA | M14: 18.5 | N14: 18.5 | P14: 18.5 | R14: =AVERAGE(M14,MAX(N14:O14),MAX(P14:Q14)) -> 18.5 | S14: =IF(R14>=10,"TRANSITA","N/TRANSITA") -> TRANSITA | W14: =AVERAGE(T14:U14) -> #DIV/0! | Y14: =AVERAGE(T14,MAX(U14:V14),MAX(W14:X14)) -> #DIV/0! | Z14: =SUM(K14,R14,Y14)/3 -> #DIV/0! | AA14: =Z14*0.4 -> #DIV/0! | AC14: =AB14*0.6 -> 0 | AD14: =AVERAGE(AA14+AC14) -> #DIV/0! | AE14: =IF(AD14>=10,"APROVADO/A","REPROVADO/A") -> #DIV/0!
B15: 6 | C15: Carolina Teresa Joana Chingui | K15: =AVERAGE(F15,MAX(G15:H15),MAX(I15:J15)) -> 0 | L15: =IF(K15>=10,"TRANSITA","N/TRANSITA") -> N/TRANSITA | M15: 12 | N15: 12 | P15: 18.5 | R15: =AVERAGE(M15,MAX(N15:O15),MAX(P15:Q15)) -> 14.166667 | S15: =IF(R15>=10,"TRANSITA","N/TRANSITA") -> TRANSITA | W15: =AVERAGE(T15:U15) -> #DIV/0! | Y15: =AVERAGE(T15,MAX(U15:V15),MAX(W15:X15)) -> #DIV/0! | Z15: =SUM(K15,R15,Y15)/3 -> #DIV/0! | AA15: =Z15*0.4 -> #DIV/0! | AC15: =AB15*0.6 -> 0 | AD15: =AVERAGE(AA15+AC15) -> #DIV/0! | AE15: =IF(AD15>=10,"APROVADO/A","REPROVADO/A") -> #DIV/0!
B16: 7 | C16: Celma Cecília Macaia Gomes | F16: 18 | G16: 18.5 | I16: 19 | K16: =AVERAGE(F16,MAX(G16:H16),MAX(I16:J16)) -> 18.5 | L16: =IF(K16>=10,"TRANSITA","N/TRANSITA") -> TRANSITA | M16: 17 | N16: 17 | P16: 15 | R16: =AVERAGE(M16,MAX(N16:O16),MAX(P16:Q16)) -> 16.333333 | S16: =IF(R16>=10,"TRANSITA","N/TRANSITA") -> TRANSITA | W16: =AVERAGE(T16:U16) -> #DIV/0! | Y16: =AVERAGE(T16,MAX(U16:V16),MAX(W16:X16)) -> #DIV/0! | Z16: =SUM(K16,R16,Y16)/3 -> #DIV/0! | AA16: =Z16*0.4 -> #DIV/0! | AC16: =AB16*0.6 -> 0 | AD16: =AVERAGE(AA16+AC16) -> #DIV/0! | AE16: =IF(AD16>=10,"APROVADO/A","REPROVADO/A") -> #DIV/0!
B17: 8 | C17: Dádiva Ermelinda Gabriel Barros | F17: 14 | G17: 10 | I17: 14.5 | K17: =AVERAGE(F17,MAX(G17:H17),MAX(I17:J17)) -> 12.833333 | L17: =IF(K17>=10,"TRANSITA","N/TRANSITA") -> TRANSITA | M17: 12 | N17: 12 | P17: 13.5 | R17: =AVERAGE(M17,MAX(N17:O17),MAX(P17:Q17)) -> 12.5 | S17: =IF(R17>=10,"TRANSITA","N/TRANSITA") -> TRANSITA | W17: =AVERAGE(T17:U17) -> #DIV/0! | Y17: =AVERAGE(T17,MAX(U17:V17),MAX(W17:X17)) -> #DIV/0! | Z17: =SUM(K17,R17,Y17)/3 -> #DIV/0! | AA17: =Z17*0.4 -> #DIV/0! | AC17: =AB17*0.6 -> 0 | AD17: =AVERAGE(AA17+AC17) -> #DIV/0! | AE17: =IF(AD17>=10,"APROVADO/A","REPROVADO/A") -> #DIV/0!
B18: 9 | C18: Daniel Quendo João | K18: =AVERAGE(F18,MAX(G18:H18),MAX(I18:J18)) -> 0 | L18: =IF(K18>=10,"TRANSITA","N/TRANSITA") -> N/TRANSITA | M18: 11.5 | N18: 11.5 | P18: 12.5 | R18: =AVERAGE(M18,MAX(N18:O18),MAX(P18:Q18)) -> 11.833333 | S18: =IF(R18>=10,"TRANSITA","N/TRANSITA") -> TRANSITA | W18: =AVERAGE(T18:U18) -> #DIV/0! | Y18: =AVERAGE(T18,MAX(U18:V18),MAX(W18:X18)) -> #DIV/0! | Z18: =SUM(K18,R18,Y18)/3 -> #DIV/0! | AA18: =Z18*0.4 -> #DIV/0! | AC18: =AB18*0.6 -> 0 | AD18: =AVERAGE(AA18+AC18) -> #DIV/0! | AE18: =IF(AD18>=10,"APROVADO/A","REPROVADO/A") -> #DIV/0!
B19: 10 | C19: Dina De Lourdes Massala | F19: 16 | G19: 15.5 | I19: 19.5 | K19: =AVERAGE(F19,MAX(G19:H19),MAX(I19:J19)) -> 17 | L19: =IF(K19>=10,"TRANSITA","N/TRANSITA") -> TRANSITA | M19: 15 | N19: 15 | P19: 17 | R19: =AVERAGE(M19,MAX(N19:O19),MAX(P19:Q19)) -> 15.666667 | S19: =IF(R19>=10,"TRANSITA","N/TRANSITA") -> TRANSITA | W19: =AVERAGE(T19:U19) -> #DIV/0! | Y19: =AVERAGE(T19,MAX(U19:V19),MAX(W19:X19)) -> #DIV/0! | Z19: =SUM(K19,R19,Y19)/3 -> #DIV/0! | AA19: =Z19*0.4 -> #DIV/0! | AC19: =AB19*0.6 -> 0 | AD19: =AVERAGE(AA19+AC19) -> #DIV/0! | AE19: =IF(AD19>=10,"APROVADO/A","REPROVADO/A") -> #DIV/0!
B20: 11 | C20: Esperança C. Bumba Mabiala | F20: 16 | G20: 16.5 | I20: 20 | K20: =AVERAGE(F20,MAX(G20:H20),MAX(I20:J20)) -> 17.5 | L20: =IF(K20>=10,"TRANSITA","N/TRANSITA") -> TRANSITA | M20: 17.5 | N20: 17.5 | P20: 16.5 | R20: =AVERAGE(M20,MAX(N20:O20),MAX(P20:Q20)) -> 17.166667 | S20: =IF(R20>=10,"TRANSITA","N/TRANSITA") -> TRANSITA | W20: =AVERAGE(T20:U20) -> #DIV/0! | Y20: =AVERAGE(T20,MAX(U20:V20),MAX(W20:X20)) -> #DIV/0! | Z20: =SUM(K20,R20,Y20)/3 -> #DIV/0! | AA20: =Z20*0.4 -> #DIV/0! | AC20: =AB20*0.6 -> 0 | AD20: =AVERAGE(AA20+AC20) -> #DIV/0! | AE20: =IF(AD20>=10,"APROVADO/A","REPROVADO/A") -> #DIV/0!
B21: 12 | C21: Esperança Lando Liumba | F21: 18 | G21: 16.5 | I21: 20 | K21: =AVERAGE(F21,MAX(G21:H21),MAX(I21:J21)) -> 18.166667 | L21: =IF(K21>=10,"TRANSITA","N/TRANSITA") -> TRANSITA | M21: 17 | N21: 17 | P21: 16.5 | R21: =AVERAGE(M21,MAX(N21:O21),MAX(P21:Q21)) -> 16.833333 | S21: =IF(R21>=10,"TRANSITA","N/TRANSITA") -> TRANSITA | W21: =AVERAGE(T21:U21) -> #DIV/0! | Y21: =AVERAGE(T21,MAX(U21:V21),MAX(W21:X21)) -> #DIV/0! | Z21: =SUM(K21,R21,Y21)/3 -> #DIV/0! | AA21: =Z21*0.4 -> #DIV/0! | AC21: =AB21*0.6 -> 0 | AD21: =AVERAGE(AA21+AC21) -> #DIV/0! | AE21: =IF(AD21>=10,"APROVADO/A","REPROVADO/A") -> #DIV/0!
B22: 13 | C22: Ester Mavungo Fuca | F22: 16 | G22: 13.5 | I22: 18.5 | K22: =AVERAGE(F22,MAX(G22:H22),MAX(I22:J22)) -> 16 | L22: =IF(K22>=10,"TRANSITA","N/TRANSITA") -> TRANSITA | M22: 17.5 | N22: 17.5 | P22: 18 | R22: =AVERAGE(M22,MAX(N22:O22),MAX(P22:Q22)) -> 17.666667 | S22: =IF(R22>=10,"TRANSITA","N/TRANSITA") -> TRANSITA | W22: =AVERAGE(T22:U22) -> #DIV/0! | Y22: =AVERAGE(T22,MAX(U22:V22),MAX(W22:X22)) -> #DIV/0! | Z22: =SUM(K22,R22,Y22)/3 -> #DIV/0! | AA22: =Z22*0.4 -> #DIV/0! | AC22: =AB22*0.6 -> 0 | AD22: =AVERAGE(AA22+AC22) -> #DIV/0! | AE22: =IF(AD22>=10,"APROVADO/A","REPROVADO/A") -> #DIV/0!
B23: 14 | C23: Eufemia Maria Goma Ventena | F23: 18 | G23: 17 | I23: 18.5 | K23: =AVERAGE(F23,MAX(G23:H23),MAX(I23:J23)) -> 17.833333 | L23: =IF(K23>=10,"TRANSITA","N/TRANSITA") -> TRANSITA | M23: 15.5 | N23: 15.5 | P23: 13 | R23: =AVERAGE(M23,MAX(N23:O23),MAX(P23:Q23)) -> 14.666667 | S23: =IF(R23>=10,"TRANSITA","N/TRANSITA") -> TRANSITA | W23: =AVERAGE(T23:U23) -> #DIV/0! | Y23: =AVERAGE(T23,MAX(U23:V23),MAX(W23:X23)) -> #DIV/0! | Z23: =SUM(K23,R23,Y23)/3 -> #DIV/0! | AA23: =Z23*0.4 -> #DIV/0! | AC23: =AB23*0.6 -> 0 | AD23: =AVERAGE(AA23+AC23) -> #DIV/0! | AE23: =IF(AD23>=10,"APROVADO/A","REPROVADO/A") -> #DIV/0!
B24: 15 | C24: Eulália Buanga Bembe Alfredo | F24: 18 | G24: 18 | I24: 18.5 | K24: =AVERAGE(F24,MAX(G24:H24),MAX(I24:J24)) -> 18.166667 | L24: =IF(K24>=10,"TRANSITA","N/TRANSITA") -> TRANSITA | M24: 18 | N24: 18 | P24: 15.5 | R24: =AVERAGE(M24,MAX(N24:O24),MAX(P24:Q24)) -> 17.166667 | S24: =IF(R24>=10,"TRANSITA","N/TRANSITA") -> TRANSITA | W24: =AVERAGE(T24:U24) -> #DIV/0! | Y24: =AVERAGE(T24,MAX(U24:V24),MAX(W24:X24)) -> #DIV/0! | Z24: =SUM(K24,R24,Y24)/3 -> #DIV/0! | AA24: =Z24*0.4 -> #DIV/0! | AC24: =AB24*0.6 -> 0 | AD24: =AVERAGE(AA24+AC24) -> #DIV/0! | AE24: =IF(AD24>=10,"APROVADO/A","REPROVADO/A") -> #DIV/0!
B25: 16 | C25: Eva De Araújo Mambo | F25: 14 | G25: 11.5 | I25: 17.5 | K25: =AVERAGE(F25,MAX(G25:H25),MAX(I25:J25)) -> 14.333333 | L25: =IF(K25>=10,"TRANSITA","N/TRANSITA") -> TRANSITA | M25: 14 | N25: 14 | P25: 13 | R25: =AVERAGE(M25,MAX(N25:O25),MAX(P25:Q25)) -> 13.666667 | S25: =IF(R25>=10,"TRANSITA","N/TRANSITA") -> TRANSITA | W25: =AVERAGE(T25:U25) -> #DIV/0! | Y25: =AVERAGE(T25,MAX(U25:V25),MAX(W25:X25)) -> #DIV/0! | Z25: =SUM(K25,R25,Y25)/3 -> #DIV/0! | AA25: =Z25*0.4 -> #DIV/0! | AC25: =AB25*0.6 -> 0 | AD25: =AVERAGE(AA25+AC25) -> #DIV/0! | AE25: =IF(AD25>=10,"APROVADO/A","REPROVADO/A") -> #DIV/0!
B26: 17 | C26: Fátima B. Puila Cassombe | F26: 16 | G26: 11.5 | I26: 19 | K26: =AVERAGE(F26,MAX(G26:H26),MAX(I26:J26)) -> 15.5 | L26: =IF(K26>=10,"TRANSITA","N/TRANSITA") -> TRANSITA | M26: 17.5 | N26: 17.5 | P26: 12.5 | R26: =AVERAGE(M26,MAX(N26:O26),MAX(P26:Q26)) -> 15.833333 | S26: =IF(R26>=10,"TRANSITA","N/TRANSITA") -> TRANSITA | W26: =AVERAGE(T26:U26) -> #DIV/0! | Y26: =AVERAGE(T26,MAX(U26:V26),MAX(W26:X26)) -> #DIV/0! | Z26: =SUM(K26,R26,Y26)/3 -> #DIV/0! | AA26: =Z26*0.4 -> #DIV/0! | AC26: =AB26*0.6 -> 0 | AD26: =AVERAGE(AA26+AC26) -> #DIV/0! | AE26: =IF(AD26>=10,"APROVADO/A","REPROVADO/A") -> #DIV/0!
B27: 18 | C27: Filomena Lelo Tembo Chibuango | F27: 18 | G27: 15 | I27: 18.5 | K27: =AVERAGE(F27,MAX(G27:H27),MAX(I27:J27)) -> 17.166667 | L27: =IF(K27>=10,"TRANSITA","N/TRANSITA") -> TRANSITA | M27: 13.5 | N27: 13.5 | P27: 14.5 | R27: =AVERAGE(M27,MAX(N27:O27),MAX(P27:Q27)) -> 13.833333 | S27: =IF(R27>=10,"TRANSITA","N/TRANSITA") -> TRANSITA | W27: =AVERAGE(T27:U27) -> #DIV/0! | Y27: =AVERAGE(T27,MAX(U27:V27),MAX(W27:X27)) -> #DIV/0! | Z27: =SUM(K27,R27,Y27)/3 -> #DIV/0! | AA27: =Z27*0.4 -> #DIV/0! | AC27: =AB27*0.6 -> 0 | AD27: =AVERAGE(AA27+AC27) -> #DIV/0! | AE27: =IF(AD27>=10,"APROVADO/A","REPROVADO/A") -> #DIV/0!
B28: 19 | C28: Helena Da C. Bumba Bilendo | F28: 18 | G28: 17.5 | I28: 16.5 | K28: =AVERAGE(F28,MAX(G28:H28),MAX(I28:J28)) -> 17.333333 | L28: =IF(K28>=10,"TRANSITA","N/TRANSITA") -> TRANSITA | M28: 15.5 | N28: 15.5 | P28: 17 | R28: =AVERAGE(M28,MAX(N28:O28),MAX(P28:Q28)) -> 16 | S28: =IF(R28>=10,"TRANSITA","N/TRANSITA") -> TRANSITA | W28: =AVERAGE(T28:U28) -> #DIV/0! | Y28: =AVERAGE(T28,MAX(U28:V28),MAX(W28:X28)) -> #DIV/0! | Z28: =SUM(K28,R28,Y28)/3 -> #DIV/0! | AA28: =Z28*0.4 -> #DIV/0! | AC28: =AB28*0.6 -> 0 | AD28: =AVERAGE(AA28+AC28) -> #DIV/0! | AE28: =IF(AD28>=10,"APROVADO/A","REPROVADO/A") -> #DIV/0!
B29: 20 | C29: Helena Nzuzi Lembe Gimbi | F29: 18 | G29: 17 | I29: 15.5 | K29: =AVERAGE(F29,MAX(G29:H29),MAX(I29:J29)) -> 16.833333 | L29: =IF(K29>=10,"TRANSITA","N/TRANSITA") -> TRANSITA | M29: 16.5 | N29: 16.5 | R29: =AVERAGE(M29,MAX(N29:O29),MAX(P29:Q29)) -> 11 | S29: =IF(R29>=10,"TRANSITA","N/TRANSITA") -> TRANSITA | W29: =AVERAGE(T29:U29) -> #DIV/0! | Y29: =AVERAGE(T29,MAX(U29:V29),MAX(W29:X29)) -> #DIV/0! | Z29: =SUM(K29,R29,Y29)/3 -> #DIV/0! | AA29: =Z29*0.4 -> #DIV/0! | AC29: =AB29*0.6 -> 0 | AD29: =AVERAGE(AA29+AC29) -> #DIV/0! | AE29: =IF(AD29>=10,"APROVADO/A","REPROVADO/A") -> #DIV/0!
B30: 21 | C30: Helena Pemba António Brás | F30: 18 | G30: 17 | I30: 18.5 | K30: =AVERAGE(F30,MAX(G30:H30),MAX(I30:J30)) -> 17.833333 | L30: =IF(K30>=10,"TRANSITA","N/TRANSITA") -> TRANSITA | M30: 16 | N30: 16 | P30: 15.5 | R30: =AVERAGE(M30,MAX(N30:O30),MAX(P30:Q30)) -> 15.833333 | S30: =IF(R30>=10,"TRANSITA","N/TRANSITA") -> TRANSITA | W30: =AVERAGE(T30:U30) -> #DIV/0! | Y30: =AVERAGE(T30,MAX(U30:V30),MAX(W30:X30)) -> #DIV/0! | Z30: =SUM(K30,R30,Y30)/3 -> #DIV/0! | AA30: =Z30*0.4 -> #DIV/0! | AC30: =AB30*0.6 -> 0 | AD30: =AVERAGE(AA30+AC30) -> #DIV/0! | AE30: =IF(AD30>=10,"APROVADO/A","REPROVADO/A") -> #DIV/0!
B31: 22 | C31: Isabel Mariana Miala | F31: 14 | G31: 13 | I31: 13.5 | K31: =AVERAGE(F31,MAX(G31:H31),MAX(I31:J31)) -> 13.5 | L31: =IF(K31>=10,"TRANSITA","N/TRANSITA") -> TRANSITA | M31: 13 | N31: 13 | P31: 15 | R31: =AVERAGE(M31,MAX(N31:O31),MAX(P31:Q31)) -> 13.666667 | S31: =IF(R31>=10,"TRANSITA","N/TRANSITA") -> TRANSITA | W31: =AVERAGE(T31:U31) -> #DIV/0! | Y31: =AVERAGE(T31,MAX(U31:V31),MAX(W31:X31)) -> #DIV/0! | Z31: =SUM(K31,R31,Y31)/3 -> #DIV/0! | AA31: =Z31*0.4 -> #DIV/0! | AC31: =AB31*0.6 -> 0 | AD31: =AVERAGE(AA31+AC31) -> #DIV/0! | AE31: =IF(AD31>=10,"APROVADO/A","REPROVADO/A") -> #DIV/0!
B32: 23 | C32: Isabel Nhongo Luambo Estevão | F32: 16 | G32: 14.5 | I32: 19.5 | K32: =AVERAGE(F32,MAX(G32:H32),MAX(I32:J32)) -> 16.666667 | L32: =IF(K32>=10,"TRANSITA","N/TRANSITA") -> TRANSITA | M32: 16.5 | N32: 16.5 | P32: 16.5 | R32: =AVERAGE(M32,MAX(N32:O32),MAX(P32:Q32)) -> 16.5 | S32: =IF(R32>=10,"TRANSITA","N/TRANSITA") -> TRANSITA | W32: =AVERAGE(T32:U32) -> #DIV/0! | Y32: =AVERAGE(T32,MAX(U32:V32),MAX(W32:X32)) -> #DIV/0! | Z32: =SUM(K32,R32,Y32)/3 -> #DIV/0! | AA32: =Z32*0.4 -> #DIV/0! | AC32: =AB32*0.6 -> 0 | AD32: =AVERAGE(AA32+AC32) -> #DIV/0! | AE32: =IF(AD32>=10,"APROVADO/A","REPROVADO/A") -> #DIV/0!
B33: 24 | C33: Jerónimo Yombe Vemba | F33: 12 | G33: 7 | I33: 14.5 | K33: =AVERAGE(F33,MAX(G33:H33),MAX(I33:J33)) -> 11.166667 | L33: =IF(K33>=10,"TRANSITA","N/TRANSITA") -> TRANSITA | M33: 7 | N33: 7 | P33: 12.5 | R33: =AVERAGE(M33,MAX(N33:O33),MAX(P33:Q33)) -> 8.8333333 | S33: =IF(R33>=10,"TRANSITA","N/TRANSITA") -> N/TRANSITA | W33: =AVERAGE(T33:U33) -> #DIV/0! | Y33: =AVERAGE(T33,MAX(U33:V33),MAX(W33:X33)) -> #DIV/0! | Z33: =SUM(K33,R33,Y33)/3 -> #DIV/0! | AA33: =Z33*0.4 -> #DIV/0! | AC33: =AB33*0.6 -> 0 | AD33: =AVERAGE(AA33+AC33) -> #DIV/0! | AE33: =IF(AD33>=10,"APROVADO/A","REPROVADO/A") -> #DIV/0!
B34: 25 | C34: Joana Dadiva Ndembe Bueia | F34: 18 | G34: 19 | I34: 19.5 | K34: =AVERAGE(F34,MAX(G34:H34),MAX(I34:J34)) -> 18.833333 | L34: =IF(K34>=10,"TRANSITA","N/TRANSITA") -> TRANSITA | M34: 19 | N34: 19 | P34: 18.5 | R34: =AVERAGE(M34,MAX(N34:O34),MAX(P34:Q34)) -> 18.833333 | S34: =IF(R34>=10,"TRANSITA","N/TRANSITA") -> TRANSITA | W34: =AVERAGE(T34:U34) -> #DIV/0! | Y34: =AVERAGE(T34,MAX(U34:V34),MAX(W34:X34)) -> #DIV/0! | Z34: =SUM(K34,R34,Y34)/3 -> #DIV/0! | AA34: =Z34*0.4 -> #DIV/0! | AC34: =AB34*0.6 -> 0 | AD34: =AVERAGE(AA34+AC34) -> #DIV/0! | AE34: =IF(AD34>=10,"APROVADO/A","REPROVADO/A") -> #DIV/0!
B35: 26 | C35: João Sidónio António | F35: 14 | G35: 11 | I35: 4 | K35: =AVERAGE(F35,MAX(G35:H35),MAX(I35:J35)) -> 9.6666667 | L35: =IF(K35>=10,"TRANSITA","N/TRANSITA") -> N/TRANSITA | M35: 12.5 | N35: 12.5 | P35: 14 | R35: =AVERAGE(M35,MAX(N35:O35),MAX(P35:Q35)) -> 13 | S35: =IF(R35>=10,"TRANSITA","N/TRANSITA") -> TRANSITA | W35: =AVERAGE(T35:U35) -> #DIV/0! | Y35: =AVERAGE(T35,MAX(U35:V35),MAX(W35:X35)) -> #DIV/0! | Z35: =SUM(K35,R35,Y35)/3 -> #DIV/0! | AA35: =Z35*0.4 -> #DIV/0! | AC35: =AB35*0.6 -> 0 | AD35: =AVERAGE(AA35+AC35) -> #DIV/0! | AE35: =IF(AD35>=10,"APROVADO/A","REPROVADO/A") -> #DIV/0!
B36: 27 | C36: Jocelma Badila Da Costa | F36: 18 | G36: 17 | I36: 19 | K36: =AVERAGE(F36,MAX(G36:H36),MAX(I36:J36)) -> 18 | L36: =IF(K36>=10,"TRANSITA","N/TRANSITA") -> TRANSITA | M36: 16.5 | N36: 16.5 | P36: 13 | R36: =AVERAGE(M36,MAX(N36:O36),MAX(P36:Q36)) -> 15.333333 | S36: =IF(R36>=10,"TRANSITA","N/TRANSITA") -> TRANSITA | W36: =AVERAGE(T36:U36) -> #DIV/0! | Y36: =AVERAGE(T36,MAX(U36:V36),MAX(W36:X36)) -> #DIV/0! | Z36: =SUM(K36,R36,Y36)/3 -> #DIV/0! | AA36: =Z36*0.4 -> #DIV/0! | AC36: =AB36*0.6 -> 0 | AD36: =AVERAGE(AA36+AC36) -> #DIV/0! | AE36: =IF(AD36>=10,"APROVADO/A","REPROVADO/A") -> #DIV/0!
B37: 28 | C37: José Francisco Malonda Kibodo | F37: 16 | G37: 14 | I37: 13 | K37: =AVERAGE(F37,MAX(G37:H37),MAX(I37:J37)) -> 14.333333 | L37: =IF(K37>=10,"TRANSITA","N/TRANSITA") -> TRANSITA | M37: 15.5 | N37: 15.5 | P37: 15.5 | R37: =AVERAGE(M37,MAX(N37:O37),MAX(P37:Q37)) -> 15.5 | S37: =IF(R37>=10,"TRANSITA","N/TRANSITA") -> TRANSITA | W37: =AVERAGE(T37:U37) -> #DIV/0! | Y37: =AVERAGE(T37,MAX(U37:V37),MAX(W37:X37)) -> #DIV/0! | Z37: =SUM(K37,R37,Y37)/3 -> #DIV/0! | AA37: =Z37*0.4 -> #DIV/0! | AC37: =AB37*0.6 -> 0 | AD37: =AVERAGE(AA37+AC37) -> #DIV/0! | AE37: =IF(AD37>=10,"APROVADO/A","REPROVADO/A") -> #DIV/0!
B38: 29 | C38: José Lourenço Muhongo Cassombe | F38: 12 | G38: 8 | I38: 19.5 | K38: =AVERAGE(F38,MAX(G38:H38),MAX(I38:J38)) -> 13.166667 | L38: =IF(K38>=10,"TRANSITA","N/TRANSITA") -> TRANSITA | M38: 10 | P38: 14 | R38: =AVERAGE(M38,MAX(N38:O38),MAX(P38:Q38)) -> 8 | S38: =IF(R38>=10,"TRANSITA","N/TRANSITA") -> N/TRANSITA | W38: =AVERAGE(T38:U38) -> #DIV/0! | Y38: =AVERAGE(T38,MAX(U38:V38),MAX(W38:X38)) -> #DIV/0! | Z38: =SUM(K38,R38,Y38)/3 -> #DIV/0! | AA38: =Z38*0.4 -> #DIV/0! | AC38: =AB38*0.6 -> 0 | AD38: =AVERAGE(AA38+AC38) -> #DIV/0! | AE38: =IF(AD38>=10,"APROVADO/A","REPROVADO/A") -> #DIV/0!
B39: 30 | C39: Leidy Da Graça Tumba Balo | F39: 18 | G39: 19.5 | I39: 20 | K39: =AVERAGE(F39,MAX(G39:H39),MAX(I39:J39)) -> 19.166667 | L39: =IF(K39>=10,"TRANSITA","N/TRANSITA") -> TRANSITA | M39: 19.5 | N39: 19.5 | P39: 12.5 | R39: =AVERAGE(M39,MAX(N39:O39),MAX(P39:Q39)) -> 17.166667 | S39: =IF(R39>=10,"TRANSITA","N/TRANSITA") -> TRANSITA | W39: =AVERAGE(T39:U39) -> #DIV/0! | Y39: =AVERAGE(T39,MAX(U39:V39),MAX(W39:X39)) -> #DIV/0! | Z39: =SUM(K39,R39,Y39)/3 -> #DIV/0! | AA39: =Z39*0.4 -> #DIV/0! | AC39: =AB39*0.6 -> 0 | AD39: =AVERAGE(AA39+AC39) -> #DIV/0! | AE39: =IF(AD39>=10,"APROVADO/A","REPROVADO/A") -> #DIV/0!
B40: 31 | C40: Lídia Pedro Puna | F40: 17 | G40: 13.5 | I40: 19 | K40: =AVERAGE(F40,MAX(G40:H40),MAX(I40:J40)) -> 16.5 | L40: =IF(K40>=10,"TRANSITA","N/TRANSITA") -> TRANSITA | M40: 16.5 | N40: 16.5 | P40: 12.5 | R40: =AVERAGE(M40,MAX(N40:O40),MAX(P40:Q40)) -> 15.166667 | S40: =IF(R40>=10,"TRANSITA","N/TRANSITA") -> TRANSITA | W40: =AVERAGE(T40:U40) -> #DIV/0! | Y40: =AVERAGE(T40,MAX(U40:V40),MAX(W40:X40)) -> #DIV/0! | Z40: =SUM(K40,R40,Y40)/3 -> #DIV/0! | AA40: =Z40*0.4 -> #DIV/0! | AC40: =AB40*0.6 -> 0 | AD40: =AVERAGE(AA40+AC40) -> #DIV/0! | AE40: =IF(AD40>=10,"APROVADO/A","REPROVADO/A") -> #DIV/0!
B41: 32 | C41: Lúcia Dicuela Bangala Muanda | K41: =AVERAGE(F41,MAX(G41:H41),MAX(I41:J41)) -> 0 | L41: =IF(K41>=10,"TRANSITA","N/TRANSITA") -> N/TRANSITA | M41: 17 | N41: 17 | P41: 16 | R41: =AVERAGE(M41,MAX(N41:O41),MAX(P41:Q41)) -> 16.666667 | S41: =IF(R41>=10,"TRANSITA","N/TRANSITA") -> TRANSITA | W41: =AVERAGE(T41:U41) -> #DIV/0! | Y41: =AVERAGE(T41,MAX(U41:V41),MAX(W41:X41)) -> #DIV/0! | Z41: =SUM(K41,R41,Y41)/3 -> #DIV/0! | AA41: =Z41*0.4 -> #DIV/0! | AC41: =AB41*0.6 -> 0 | AD41: =AVERAGE(AA41+AC41) -> #DIV/0!
B42: 33 | C42: Manuela Lopes Moio Capita | F42: 18 | G42: 17.5 | I42: 19.5 | K42: =AVERAGE(F42,MAX(G42:H42),MAX(I42:J42)) -> 18.333333 | L42: =IF(K42>=10,"TRANSITA","N/TRANSITA") -> TRANSITA | M42: 16.5 | N42: 16.5 | P42: 15 | R42: =AVERAGE(M42,MAX(N42:O42),MAX(P42:Q42)) -> 16 | S42: =IF(R42>=10,"TRANSITA","N/TRANSITA") -> TRANSITA | W42: =AVERAGE(T42:U42) -> #DIV/0! | Y42: =AVERAGE(T42,MAX(U42:V42),MAX(W42:X42)) -> #DIV/0! | Z42: =SUM(K42,R42,Y42)/3 -> #DIV/0! | AA42: =Z42*0.4 -> #DIV/0! | AC42: =AB42*0.6 -> 0 | AD42: =AVERAGE(AA42+AC42) -> #DIV/0! | AE42: =IF(AD42>=10,"APROVADO/A","REPROVADO/A") -> #DIV/0!
B43: 34 | C43: Maria Da Conceição Buca Yoba | F43: 18 | G43: 17 | I43: 19 | K43: =AVERAGE(F43,MAX(G43:H43),MAX(I43:J43)) -> 18 | L43: =IF(K43>=10,"TRANSITA","N/TRANSITA") -> TRANSITA | M43: 16 | N43: 16 | P43: 12 | R43: =AVERAGE(M43,MAX(N43:O43),MAX(P43:Q43)) -> 14.666667 | S43: =IF(R43>=10,"TRANSITA","N/TRANSITA") -> TRANSITA | W43: =AVERAGE(T43:U43) -> #DIV/0! | Y43: =AVERAGE(T43,MAX(U43:V43),MAX(W43:X43)) -> #DIV/0! | Z43: =SUM(K43,R43,Y43)/3 -> #DIV/0! | AA43: =Z43*0.4 -> #DIV/0! | AC43: =AB43*0.6 -> 0 | AD43: =AVERAGE(AA43+AC43) -> #DIV/0! | AE43: =IF(AD43>=10,"APROVADO/A","REPROVADO/A") -> #DIV/0!
B44: 35 | C44: Maria Rosa Brás | F44: 15 | G44: 14.5 | I44: 18.5 | K44: =AVERAGE(F44,MAX(G44:H44),MAX(I44:J44)) -> 16 | L44: =IF(K44>=10,"TRANSITA","N/TRANSITA") -> TRANSITA | M44: 17 | N44: 17 | P44: 15 | R44: =AVERAGE(M44,MAX(N44:O44),MAX(P44:Q44)) -> 16.333333 | S44: =IF(R44>=10,"TRANSITA","N/TRANSITA") -> TRANSITA | W44: =AVERAGE(T44:U44) -> #DIV/0! | Y44: =AVERAGE(T44,MAX(U44:V44),MAX(W44:X44)) -> #DIV/0! | Z44: =SUM(K44,R44,Y44)/3 -> #DIV/0! | AA44: =Z44*0.4 -> #DIV/0! | AC44: =AB44*0.6 -> 0 | AD44: =AVERAGE(AA44+AC44) -> #DIV/0! | AE44: =IF(AD44>=10,"APROVADO/A","REPROVADO/A") -> #DIV/0!
B45: 36 | C45: Marta Gabriel Muela | F45: 18 | G45: 17 | I45: 14 | K45: =AVERAGE(F45,MAX(G45:H45),MAX(I45:J45)) -> 16.333333 | L45: =IF(K45>=10,"TRANSITA","N/TRANSITA") -> TRANSITA | M45: 18 | N45: 18 | P45: 16 | R45: =AVERAGE(M45,MAX(N45:O45),MAX(P45:Q45)) -> 17.333333 | S45: =IF(R45>=10,"TRANSITA","N/TRANSITA") -> TRANSITA | W45: =AVERAGE(T45:U45) -> #DIV/0! | Y45: =AVERAGE(T45,MAX(U45:V45),MAX(W45:X45)) -> #DIV/0! | Z45: =SUM(K45,R45,Y45)/3 -> #DIV/0! | AA45: =Z45*0.4 -> #DIV/0! | AC45: =AB45*0.6 -> 0 | AD45: =AVERAGE(AA45+AC45) -> #DIV/0! | AE45: =IF(AD45>=10,"APROVADO/A","REPROVADO/A") -> #DIV/0!
B46: 37 | C46: Martina Cumba Muendo Nvemba | F46: 16 | G46: 15.5 | I46: 18 | K46: =AVERAGE(F46,MAX(G46:H46),MAX(I46:J46)) -> 16.5 | L46: =IF(K46>=10,"TRANSITA","N/TRANSITA") -> TRANSITA | M46: 18 | N46: 18 | P46: 15.5 | R46: =AVERAGE(M46,MAX(N46:O46),MAX(P46:Q46)) -> 17.166667 | S46: =IF(R46>=10,"TRANSITA","N/TRANSITA") -> TRANSITA | W46: =AVERAGE(T46:U46) -> #DIV/0! | Y46: =AVERAGE(T46,MAX(U46:V46),MAX(W46:X46)) -> #DIV/0! | Z46: =SUM(K46,R46,Y46)/3 -> #DIV/0! | AA46: =Z46*0.4 -> #DIV/0! | AC46: =AB46*0.6 -> 0 | AD46: =AVERAGE(AA46+AC46) -> #DIV/0! | AE46: =IF(AD46>=10,"APROVADO/A","REPROVADO/A") -> #DIV/0!
B47: 38 | C47: Raimundo Luís Gime Bussaco | F47: 14 | G47: 11 | I47: 2 | K47: =AVERAGE(F47,MAX(G47:H47),MAX(I47:J47)) -> 9 | L47: =IF(K47>=10,"TRANSITA","N/TRANSITA") -> N/TRANSITA | M47: 8 | N47: 3 | P47: 7 | R47: =AVERAGE(M47,MAX(N47:O47),MAX(P47:Q47)) -> 6 | S47: =IF(R47>=10,"TRANSITA","N/TRANSITA") -> N/TRANSITA | W47: =AVERAGE(T47:U47) -> #DIV/0! | Y47: =AVERAGE(T47,MAX(U47:V47),MAX(W47:X47)) -> #DIV/0! | Z47: =SUM(K47,R47,Y47)/3 -> #DIV/0! | AA47: =Z47*0.4 -> #DIV/0! | AC47: =AB47*0.6 -> 0 | AD47: =AVERAGE(AA47+AC47) -> #DIV/0! | AE47: =IF(AD47>=10,"APROVADO/A","REPROVADO/A") -> #DIV/0!
B48: 39 | C48: Rosária Domingas Mangovo | F48: 14 | G48: 13.5 | I48: 15 | K48: =AVERAGE(F48,MAX(G48:H48),MAX(I48:J48)) -> 14.166667 | L48: =IF(K48>=10,"TRANSITA","N/TRANSITA") -> TRANSITA | M48: 15.5 | N48: 15.5 | P48: 17 | R48: =AVERAGE(M48,MAX(N48:O48),MAX(P48:Q48)) -> 16 | S48: =IF(R48>=10,"TRANSITA","N/TRANSITA") -> TRANSITA | W48: =AVERAGE(T48:U48) -> #DIV/0! | Y48: =AVERAGE(T48,MAX(U48:V48),MAX(W48:X48)) -> #DIV/0! | Z48: =SUM(K48,R48,Y48)/3 -> #DIV/0! | AA48: =Z48*0.4 -> #DIV/0! | AC48: =AB48*0.6 -> 0 | AD48: =AVERAGE(AA48+AC48) -> #DIV/0! | AE48: =IF(AD48>=10,"APROVADO/A","REPROVADO/A") -> #DIV/0!
B49: 40 | C49: Silvia Amada Castelão Morais | D49: 0 | F49: 18 | G49: 18 | I49: 20 | K49: =AVERAGE(F49,MAX(G49:H49),MAX(I49:J49)) -> 18.666667 | L49: =IF(K49>=10,"TRANSITA","N/TRANSITA") -> TRANSITA | M49: 18 | N49: 18 | P49: 18.5 | R49: =AVERAGE(M49,MAX(N49:O49),MAX(P49:Q49)) -> 18.166667 | S49: =IF(R49>=10,"TRANSITA","N/TRANSITA") -> TRANSITA | W49: =AVERAGE(T49:U49) -> #DIV/0! | Y49: =AVERAGE(T49,MAX(U49:V49),MAX(W49:X49)) -> #DIV/0! | Z49: =SUM(K49,R49,Y49)/3 -> #DIV/0! | AA49: =Z49*0.4 -> #DIV/0! | AC49: =AB49*0.6 -> 0 | AD49: =AVERAGE(AA49+AC49) -> #DIV/0! | AE49: =IF(AD49>=10,"APROVADO/A","REPROVADO/A") -> #DIV/0!
B50: 41 | C50: Teresa Gomes Baza | F50: 18 | G50: 16 | I50: 20 | K50: =AVERAGE(F50,MAX(G50:H50),MAX(I50:J50)) -> 18 | L50: =IF(K50>=10,"TRANSITA","N/TRANSITA") -> TRANSITA | M50: 14 | N50: 14 | P50: 16.5 | R50: =AVERAGE(M50,MAX(N50:O50),MAX(P50:Q50)) -> 14.833333 | S50: =IF(R50>=10,"TRANSITA","N/TRANSITA") -> TRANSITA | W50: =AVERAGE(T50:U50) -> #DIV/0! | Y50: =AVERAGE(T50,MAX(U50:V50),MAX(W50:X50)) -> #DIV/0! | Z50: =SUM(K50,R50,Y50)/3 -> #DIV/0! | AA50: =Z50*0.4 -> #DIV/0! | AC50: =AB50*0.6 -> 0 | AD50: =AVERAGE(AA50+AC50) -> #DIV/0! | AE50: =IF(AD50>=10,"APROVADO/A","REPROVADO/A") -> #DIV/0!
B51: 42 | C51: Zulmira Buanga António | F51: 16 | G51: 15.5 | K51: =AVERAGE(F51,MAX(G51:H51),MAX(I51:J51)) -> 10.5 | L51: =IF(K51>=10,"TRANSITA","N/TRANSITA") -> TRANSITA | M51: 14 | N51: 14 | P51: 15.5 | R51: =AVERAGE(M51,MAX(N51:O51),MAX(P51:Q51)) -> 14.5 | S51: =IF(R51>=10,"TRANSITA","N/TRANSITA") -> TRANSITA | W51: =AVERAGE(T51:U51) -> #DIV/0! | Y51: =AVERAGE(T51,MAX(U51:V51),MAX(W51:X51)) -> #DIV/0! | Z51: =SUM(K51,R51,Y51)/3 -> #DIV/0! | AA51: =Z51*0.4 -> #DIV/0! | AC51: =AB51*0.6 -> 0 | AD51: =AVERAGE(AA51+AC51) -> #DIV/0! | AE51: =IF(AD51>=10,"APROVADO/A","REPROVADO/A") -> #DIV/0!
A53: INSTITUTO TÉCNICO PRIVADO DE SAÚDE JOMORAIS, 12 de dezembro de 2025. -
A55: O (A) Professor (a) | R55: O Subdirector Pedagógico
B56: _____________________________
R57: ALBERTO SASSA TATI

Sheet 12EG -A- A.E.P.M.C
A1: INSTITUTO TÉCNICO PRIVADO DE SAÚDE JOMORAIS
B4: Classe: 12ª | L4: Disciplina: A.E.P.M.C | Y4: Ano Lectivo: 2025/2026
B6: Turno: Vespertino | L6: Turma: A | Y6: Curso:ENFERMAGEM GERAL
B7: MINI-PAUTA - SAÚDE
B8: Nº | C8: Nome do (a) Aluno (a) | D8: FALTAS | F8: Avaliações/I Trimestre | L8: OBS | M8: Avaliações/II Trimestre | S8: OBS | T8: Avaliações/III Trimestre | Z8: MFD | AA8: 40% MFD | AB8: EXAME ESCRITO | AC8: 60% NEE | AD8: MF | AE8: OBS
D9: J | E9: I | F9: MAC | G9: NPP | H9: NPR1 | I9: NPT | J9: NPR2 | K9: MT1 | M9: MAC | N9: NPP | O9: NPR1 | P9: NPT | Q9: NPR2 | R9: MT2 | T9: MAC | U9: NPP | V9: NPR1 | W9: NPT | X9: NPR2 | Y9: MT3
B10: 1 | C10: Alberto Filipe Massiala | F10: 12 | G10: 6 | I10: 10 | K10: =AVERAGE(F10,MAX(G10:H10),MAX(I10:J10)) -> 9.3333333 | L10: =IF(K10>=10,"TRANSITA","N/TRANSITA") -> N/TRANSITA | M10: 12 | N10: 12 | P10: 7 | R10: =AVERAGE(M10,MAX(N10:O10),MAX(P10:Q10)) -> 10.333333 | S10: =IF(R10>=10,"TRANSITA","N/TRANSITA") -> TRANSITA | W10: =AVERAGE(T10:U10) -> #DIV/0! | Y10: =AVERAGE(T10,MAX(U10:V10),MAX(W10:X10)) -> #DIV/0! | Z10: =SUM(K10,R10,Y10)/3 -> #DIV/0! | AA10: =Z10*0.4 -> #DIV/0! | AC10: =AB10*0.6 -> 0 | AD10: =AVERAGE(AA10+AC10) -> #DIV/0! | AE10: =IF(AD10>=10,"APROVADO/A","REPROVADO/A") -> #DIV/0!
B11: 2 | C11: Aldina Marta Mavungo Cumbo | F11: 18 | G11: 13 | I11: 13.5 | K11: =AVERAGE(F11,MAX(G11:H11),MAX(I11:J11)) -> 14.833333 | L11: =IF(K11>=10,"TRANSITA","N/TRANSITA") -> TRANSITA | M11: 20 | N11: 20 | P11: 14.5 | R11: =AVERAGE(M11,MAX(N11:O11),MAX(P11:Q11)) -> 18.166667 | S11: =IF(R11>=10,"TRANSITA","N/TRANSITA") -> TRANSITA | W11: =AVERAGE(T11:U11) -> #DIV/0! | Y11: =AVERAGE(T11,MAX(U11:V11),MAX(W11:X11)) -> #DIV/0! | Z11: =SUM(K11,R11,Y11)/3 -> #DIV/0! | AA11: =Z11*0.4 -> #DIV/0! | AC11: =AB11*0.6 -> 0 | AD11: =AVERAGE(AA11+AC11) -> #DIV/0! | AE11: =IF(AD11>=10,"APROVADO/A","REPROVADO/A") -> #DIV/0!
B12: 3 | C12: Alice Malonda Lubota Macaia | F12: 16 | G12: 12.5 | I12: 13 | K12: =AVERAGE(F12,MAX(G12:H12),MAX(I12:J12)) -> 13.833333 | L12: =IF(K12>=10,"TRANSITA","N/TRANSITA") -> TRANSITA | M12: 20 | N12: 20 | P12: 13.5 | R12: =AVERAGE(M12,MAX(N12:O12),MAX(P12:Q12)) -> 17.833333 | S12: =IF(R12>=10,"TRANSITA","N/TRANSITA") -> TRANSITA | W12: =AVERAGE(T12:U12) -> #DIV/0! | Y12: =AVERAGE(T12,MAX(U12:V12),MAX(W12:X12)) -> #DIV/0! | Z12: =SUM(K12,R12,Y12)/3 -> #DIV/0! | AA12: =Z12*0.4 -> #DIV/0! | AC12: =AB12*0.6 -> 0 | AD12: =AVERAGE(AA12+AC12) -> #DIV/0! | AE12: =IF(AD12>=10,"APROVADO/A","REPROVADO/A") -> #DIV/0!
B13: 4 | C13: Angelina Kambo Macosso | F13: 18 | G13: 17.5 | I13: 18.5 | K13: =AVERAGE(F13,MAX(G13:H13),MAX(I13:J13)) -> 18 | L13: =IF(K13>=10,"TRANSITA","N/TRANSITA") -> TRANSITA | M13: 20 | N13: 20 | P13: 13.5 | R13: =AVERAGE(M13,MAX(N13:O13),MAX(P13:Q13)) -> 17.833333 | S13: =IF(R13>=10,"TRANSITA","N/TRANSITA") -> TRANSITA | W13: =AVERAGE(T13:U13) -> #DIV/0! | Y13: =AVERAGE(T13,MAX(U13:V13),MAX(W13:X13)) -> #DIV/0! | Z13: =SUM(K13,R13,Y13)/3 -> #DIV/0! | AA13: =Z13*0.4 -> #DIV/0! | AC13: =AB13*0.6 -> 0 | AD13: =AVERAGE(AA13+AC13) -> #DIV/0! | AE13: =IF(AD13>=10,"APROVADO/A","REPROVADO/A") -> #DIV/0!
B14: 5 | C14: Belma Da C. Ngaca Bernardo | F14: 18 | G14: 20 | I14: 19 | K14: =AVERAGE(F14,MAX(G14:H14),MAX(I14:J14)) -> 19 | L14: =IF(K14>=10,"TRANSITA","N/TRANSITA") -> TRANSITA | M14: 20 | N14: 20 | P14: 19 | R14: =AVERAGE(M14,MAX(N14:O14),MAX(P14:Q14)) -> 19.666667 | S14: =IF(R14>=10,"TRANSITA","N/TRANSITA") -> TRANSITA | W14: =AVERAGE(T14:U14) -> #DIV/0! | Y14: =AVERAGE(T14,MAX(U14:V14),MAX(W14:X14)) -> #DIV/0! | Z14: =SUM(K14,R14,Y14)/3 -> #DIV/0! | AA14: =Z14*0.4 -> #DIV/0! | AC14: =AB14*0.6 -> 0 | AD14: =AVERAGE(AA14+AC14) -> #DIV/0! | AE14: =IF(AD14>=10,"APROVADO/A","REPROVADO/A") -> #DIV/0!
B15: 6 | C15: Carolina Teresa Joana Chingui | K15: =AVERAGE(F15,MAX(G15:H15),MAX(I15:J15)) -> 0 | L15: =IF(K15>=10,"TRANSITA","N/TRANSITA") -> N/TRANSITA | M15: 13.5 | N15: 13.5 | P15: 15.5 | R15: =AVERAGE(M15,MAX(N15:O15),MAX(P15:Q15)) -> 14.166667 | S15: =IF(R15>=10,"TRANSITA","N/TRANSITA") -> TRANSITA | W15: =AVERAGE(T15:U15) -> #DIV/0! | Y15: =AVERAGE(T15,MAX(U15:V15),MAX(W15:X15)) -> #DIV/0! | Z15: =SUM(K15,R15,Y15)/3 -> #DIV/0! | AA15: =Z15*0.4 -> #DIV/0! | AC15: =AB15*0.6 -> 0 | AD15: =AVERAGE(AA15+AC15) -> #DIV/0! | AE15: =IF(AD15>=10,"APROVADO/A","REPROVADO/A") -> #DIV/0!
B16: 7 | C16: Celma Cecília Macaia Gomes | F16: 18 | G16: 14.5 | I16: 15.5 | K16: =AVERAGE(F16,MAX(G16:H16),MAX(I16:J16)) -> 16 | L16: =IF(K16>=10,"TRANSITA","N/TRANSITA") -> TRANSITA | M16: 20 | N16: 20 | P16: 15.5 | R16: =AVERAGE(M16,MAX(N16:O16),MAX(P16:Q16)) -> 18.5 | S16: =IF(R16>=10,"TRANSITA","N/TRANSITA") -> TRANSITA | W16: =AVERAGE(T16:U16) -> #DIV/0! | Y16: =AVERAGE(T16,MAX(U16:V16),MAX(W16:X16)) -> #DIV/0! | Z16: =SUM(K16,R16,Y16)/3 -> #DIV/0! | AA16: =Z16*0.4 -> #DIV/0! | AC16: =AB16*0.6 -> 0 | AD16: =AVERAGE(AA16+AC16) -> #DIV/0! | AE16: =IF(AD16>=10,"APROVADO/A","REPROVADO/A") -> #DIV/0!
B17: 8 | C17: Dádiva Ermelinda Gabriel Barros | F17: 16 | G17: 6 | I17: 12.5 | K17: =AVERAGE(F17,MAX(G17:H17),MAX(I17:J17)) -> 11.5 | L17: =IF(K17>=10,"TRANSITA","N/TRANSITA") -> TRANSITA | M17: 20 | N17: 20 | P17: 9 | R17: =AVERAGE(M17,MAX(N17:O17),MAX(P17:Q17)) -> 16.333333 | S17: =IF(R17>=10,"TRANSITA","N/TRANSITA") -> TRANSITA | W17: =AVERAGE(T17:U17) -> #DIV/0! | Y17: =AVERAGE(T17,MAX(U17:V17),MAX(W17:X17)) -> #DIV/0! | Z17: =SUM(K17,R17,Y17)/3 -> #DIV/0! | AA17: =Z17*0.4 -> #DIV/0! | AC17: =AB17*0.6 -> 0 | AD17: =AVERAGE(AA17+AC17) -> #DIV/0! | AE17: =IF(AD17>=10,"APROVADO/A","REPROVADO/A") -> #DIV/0!
B18: 9 | C18: Daniel Quendo João | K18: =AVERAGE(F18,MAX(G18:H18),MAX(I18:J18)) -> 0 | L18: =IF(K18>=10,"TRANSITA","N/TRANSITA") -> N/TRANSITA | M18: 9 | N18: 9 | P18: 8.5 | R18: =AVERAGE(M18,MAX(N18:O18),MAX(P18:Q18)) -> 8.8333333 | S18: =IF(R18>=10,"TRANSITA","N/TRANSITA") -> N/TRANSITA | W18: =AVERAGE(T18:U18) -> #DIV/0! | Y18: =AVERAGE(T18,MAX(U18:V18),MAX(W18:X18)) -> #DIV/0! | Z18: =SUM(K18,R18,Y18)/3 -> #DIV/0! | AA18: =Z18*0.4 -> #DIV/0! | AC18: =AB18*0.6 -> 0 | AD18: =AVERAGE(AA18+AC18) -> #DIV/0! | AE18: =IF(AD18>=10,"APROVADO/A","REPROVADO/A") -> #DIV/0!
B19: 10 | C19: Dina De Lourdes Massala | F19: 15 | G19: 8 | I19: 18.5 | K19: =AVERAGE(F19,MAX(G19:H19),MAX(I19:J19)) -> 13.833333 | L19: =IF(K19>=10,"TRANSITA","N/TRANSITA") -> TRANSITA | M19: 20 | N19: 20 | P19: 10.5 | R19: =AVERAGE(M19,MAX(N19:O19),MAX(P19:Q19)) -> 16.833333 | S19: =IF(R19>=10,"TRANSITA","N/TRANSITA") -> TRANSITA | W19: =AVERAGE(T19:U19) -> #DIV/0! | Y19: =AVERAGE(T19,MAX(U19:V19),MAX(W19:X19)) -> #DIV/0! | Z19: =SUM(K19,R19,Y19)/3 -> #DIV/0! | AA19: =Z19*0.4 -> #DIV/0! | AC19: =AB19*0.6 -> 0 | AD19: =AVERAGE(AA19+AC19) -> #DIV/0! | AE19: =IF(AD19>=10,"APROVADO/A","REPROVADO/A") -> #DIV/0!
B20: 11 | C20: Esperança C. Bumba Mabiala | F20: 18 | G20: 18 | I20: 19 | K20: =AVERAGE(F20,MAX(G20:H20),MAX(I20:J20)) -> 18.333333 | L20: =IF(K20>=10,"TRANSITA","N/TRANSITA") -> TRANSITA | M20: 20 | N20: 20 | P20: 13 | R20: =AVERAGE(M20,MAX(N20:O20),MAX(P20:Q20)) -> 17.666667 | S20: =IF(R20>=10,"TRANSITA","N/TRANSITA") -> TRANSITA | W20: =AVERAGE(T20:U20) -> #DIV/0! | Y20: =AVERAGE(T20,MAX(U20:V20),MAX(W20:X20)) -> #DIV/0! | Z20: =SUM(K20,R20,Y20)/3 -> #DIV/0! | AA20: =Z20*0.4 -> #DIV/0! | AC20: =AB20*0.6 -> 0 | AD20: =AVERAGE(AA20+AC20) -> #DIV/0! | AE20: =IF(AD20>=10,"APROVADO/A","REPROVADO/A") -> #DIV/0!
B21: 12 | C21: Esperança Lando Liumba | F21: 18 | G21: 16.5 | I21: 19 | K21: =AVERAGE(F21,MAX(G21:H21),MAX(I21:J21)) -> 17.833333 | L21: =IF(K21>=10,"TRANSITA","N/TRANSITA") -> TRANSITA | M21: 20 | N21: 20 | P21: 13.5 | R21: =AVERAGE(M21,MAX(N21:O21),MAX(P21:Q21)) -> 17.833333 | S21: =IF(R21>=10,"TRANSITA","N/TRANSITA") -> TRANSITA | W21: =AVERAGE(T21:U21) -> #DIV/0! | Y21: =AVERAGE(T21,MAX(U21:V21),MAX(W21:X21)) -> #DIV/0! | Z21: =SUM(K21,R21,Y21)/3 -> #DIV/0! | AA21: =Z21*0.4 -> #DIV/0! | AC21: =AB21*0.6 -> 0 | AD21: =AVERAGE(AA21+AC21) -> #DIV/0! | AE21: =IF(AD21>=10,"APROVADO/A","REPROVADO/A") -> #DIV/0!
B22: 13 | C22: Ester Mavungo Fuca | F22: 14 | G22: 10 | I22: 13.5 | K22: =AVERAGE(F22,MAX(G22:H22),MAX(I22:J22)) -> 12.5 | L22: =IF(K22>=10,"TRANSITA","N/TRANSITA") -> TRANSITA | M22: 20 | N22: 20 | P22: 12.5 | R22: =AVERAGE(M22,MAX(N22:O22),MAX(P22:Q22)) -> 17.5 | S22: =IF(R22>=10,"TRANSITA","N/TRANSITA") -> TRANSITA | W22: =AVERAGE(T22:U22) -> #DIV/0! | Y22: =AVERAGE(T22,MAX(U22:V22),MAX(W22:X22)) -> #DIV/0! | Z22: =SUM(K22,R22,Y22)/3 -> #DIV/0! | AA22: =Z22*0.4 -> #DIV/0! | AC22: =AB22*0.6 -> 0 | AD22: =AVERAGE(AA22+AC22) -> #DIV/0! | AE22: =IF(AD22>=10,"APROVADO/A","REPROVADO/A") -> #DIV/0!
B23: 14 | C23: Eufemia Maria Goma Ventena | F23: 18 | G23: 14 | I23: 18 | K23: =AVERAGE(F23,MAX(G23:H23),MAX(I23:J23)) -> 16.666667 | L23: =IF(K23>=10,"TRANSITA","N/TRANSITA") -> TRANSITA | M23: 20 | N23: 20 | P23: 15.5 | R23: =AVERAGE(M23,MAX(N23:O23),MAX(P23:Q23)) -> 18.5 | S23: =IF(R23>=10,"TRANSITA","N/TRANSITA") -> TRANSITA | W23: =AVERAGE(T23:U23) -> #DIV/0! | Y23: =AVERAGE(T23,MAX(U23:V23),MAX(W23:X23)) -> #DIV/0! | Z23: =SUM(K23,R23,Y23)/3 -> #DIV/0! | AA23: =Z23*0.4 -> #DIV/0! | AC23: =AB23*0.6 -> 0 | AD23: =AVERAGE(AA23+AC23) -> #DIV/0! | AE23: =IF(AD23>=10,"APROVADO/A","REPROVADO/A") -> #DIV/0!
B24: 15 | C24: Eulália Buanga Bembe Alfredo | F24: 16 | G24: 14 | I24: 15.5 | K24: =AVERAGE(F24,MAX(G24:H24),MAX(I24:J24)) -> 15.166667 | L24: =IF(K24>=10,"TRANSITA","N/TRANSITA") -> TRANSITA | M24: 20 | N24: 20 | P24: 19 | R24: =AVERAGE(M24,MAX(N24:O24),MAX(P24:Q24)) -> 19.666667 | S24: =IF(R24>=10,"TRANSITA","N/TRANSITA") -> TRANSITA | W24: =AVERAGE(T24:U24) -> #DIV/0! | Y24: =AVERAGE(T24,MAX(U24:V24),MAX(W24:X24)) -> #DIV/0! | Z24: =SUM(K24,R24,Y24)/3 -> #DIV/0! | AA24: =Z24*0.4 -> #DIV/0! | AC24: =AB24*0.6 -> 0 | AD24: =AVERAGE(AA24+AC24) -> #DIV/0! | AE24: =IF(AD24>=10,"APROVADO/A","REPROVADO/A") -> #DIV/0!
B25: 16 | C25: Eva De Araújo Mambo | F25: 18 | G25: 8 | I25: 15.5 | K25: =AVERAGE(F25,MAX(G25:H25),MAX(I25:J25)) -> 13.833333 | L25: =IF(K25>=10,"TRANSITA","N/TRANSITA") -> TRANSITA | M25: 20 | N25: 20 | P25: 12 | R25: =AVERAGE(M25,MAX(N25:O25),MAX(P25:Q25)) -> 17.333333 | S25: =IF(R25>=10,"TRANSITA","N/TRANSITA") -> TRANSITA | W25: =AVERAGE(T25:U25) -> #DIV/0! | Y25: =AVERAGE(T25,MAX(U25:V25),MAX(W25:X25)) -> #DIV/0! | Z25: =SUM(K25,R25,Y25)/3 -> #DIV/0! | AA25: =Z25*0.4 -> #DIV/0! | AC25: =AB25*0.6 -> 0 | AD25: =AVERAGE(AA25+AC25) -> #DIV/0! | AE25: =IF(AD25>=10,"APROVADO/A","REPROVADO/A") -> #DIV/0!
B26: 17 | C26: Fátima B. Puila Cassombe | F26: 18 | G26: 15 | I26: 19 | K26: =AVERAGE(F26,MAX(G26:H26),MAX(I26:J26)) -> 17.333333 | L26: =IF(K26>=10,"TRANSITA","N/TRANSITA") -> TRANSITA | M26: 20 | N26: 20 | P26: 15 | R26: =AVERAGE(M26,MAX(N26:O26),MAX(P26:Q26)) -> 18.333333 | S26: =IF(R26>=10,"TRANSITA","N/TRANSITA") -> TRANSITA | W26: =AVERAGE(T26:U26) -> #DIV/0! | Y26: =AVERAGE(T26,MAX(U26:V26),MAX(W26:X26)) -> #DIV/0! | Z26: =SUM(K26,R26,Y26)/3 -> #DIV/0! | AA26: =Z26*0.4 -> #DIV/0! | AC26: =AB26*0.6 -> 0 | AD26: =AVERAGE(AA26+AC26) -> #DIV/0! | AE26: =IF(AD26>=10,"APROVADO/A","REPROVADO/A") -> #DIV/0!
B27: 18 | C27: Filomena Lelo Tembo Chibuango | F27: 16 | G27: 9.5 | I27: 17.5 | K27: =AVERAGE(F27,MAX(G27:H27),MAX(I27:J27)) -> 14.333333 | L27: =IF(K27>=10,"TRANSITA","N/TRANSITA") -> TRANSITA | M27: 20 | N27: 20 | P27: 10.5 | R27: =AVERAGE(M27,MAX(N27:O27),MAX(P27:Q27)) -> 16.833333 | S27: =IF(R27>=10,"TRANSITA","N/TRANSITA") -> TRANSITA | W27: =AVERAGE(T27:U27) -> #DIV/0! | Y27: =AVERAGE(T27,MAX(U27:V27),MAX(W27:X27)) -> #DIV/0! | Z27: =SUM(K27,R27,Y27)/3 -> #DIV/0! | AA27: =Z27*0.4 -> #DIV/0! | AC27: =AB27*0.6 -> 0 | AD27: =AVERAGE(AA27+AC27) -> #DIV/0! | AE27: =IF(AD27>=10,"APROVADO/A","REPROVADO/A") -> #DIV/0!
B28: 19 | C28: Helena Da C. Bumba Bilendo | F28: 18 | G28: 17.5 | I28: 15.5 | K28: =AVERAGE(F28,MAX(G28:H28),MAX(I28:J28)) -> 17 | L28: =IF(K28>=10,"TRANSITA","N/TRANSITA") -> TRANSITA | M28: 20 | N28: 20 | P28: 13.5 | R28: =AVERAGE(M28,MAX(N28:O28),MAX(P28:Q28)) -> 17.833333 | S28: =IF(R28>=10,"TRANSITA","N/TRANSITA") -> TRANSITA | W28: =AVERAGE(T28:U28) -> #DIV/0! | Y28: =AVERAGE(T28,MAX(U28:V28),MAX(W28:X28)) -> #DIV/0! | Z28: =SUM(K28,R28,Y28)/3 -> #DIV/0! | AA28: =Z28*0.4 -> #DIV/0! | AC28: =AB28*0.6 -> 0 | AD28: =AVERAGE(AA28+AC28) -> #DIV/0! | AE28: =IF(AD28>=10,"APROVADO/A","REPROVADO/A") -> #DIV/0!
B29: 20 | C29: Helena Nzuzi Lembe Gimbi | F29: 18 | G29: 17 | I29: 19 | K29: =AVERAGE(F29,MAX(G29:H29),MAX(I29:J29)) -> 18 | L29: =IF(K29>=10,"TRANSITA","N/TRANSITA") -> TRANSITA | M29: 20 | N29: 20 | R29: =AVERAGE(M29,MAX(N29:O29),MAX(P29:Q29)) -> 13.333333 | S29: =IF(R29>=10,"TRANSITA","N/TRANSITA") -> TRANSITA | W29: =AVERAGE(T29:U29) -> #DIV/0! | Y29: =AVERAGE(T29,MAX(U29:V29),MAX(W29:X29)) -> #DIV/0! | Z29: =SUM(K29,R29,Y29)/3 -> #DIV/0! | AA29: =Z29*0.4 -> #DIV/0! | AC29: =AB29*0.6 -> 0 | AD29: =AVERAGE(AA29+AC29) -> #DIV/0! | AE29: =IF(AD29>=10,"APROVADO/A","REPROVADO/A") -> #DIV/0!
B30: 21 | C30: Helena Pemba António Brás | F30: 18 | G30: 16 | I30: 17.5 | K30: =AVERAGE(F30,MAX(G30:H30),MAX(I30:J30)) -> 17.166667 | L30: =IF(K30>=10,"TRANSITA","N/TRANSITA") -> TRANSITA | M30: 20 | N30: 20 | P30: 17.5 | R30: =AVERAGE(M30,MAX(N30:O30),MAX(P30:Q30)) -> 19.166667 | S30: =IF(R30>=10,"TRANSITA","N/TRANSITA") -> TRANSITA | W30: =AVERAGE(T30:U30) -> #DIV/0! | Y30: =AVERAGE(T30,MAX(U30:V30),MAX(W30:X30)) -> #DIV/0! | Z30: =SUM(K30,R30,Y30)/3 -> #DIV/0! | AA30: =Z30*0.4 -> #DIV/0! | AC30: =AB30*0.6 -> 0 | AD30: =AVERAGE(AA30+AC30) -> #DIV/0! | AE30: =IF(AD30>=10,"APROVADO/A","REPROVADO/A") -> #DIV/0!
B31: 22 | C31: Isabel Mariana Miala | F31: 16 | G31: 11 | I31: 18.5 | K31: =AVERAGE(F31,MAX(G31:H31),MAX(I31:J31)) -> 15.166667 | L31: =IF(K31>=10,"TRANSITA","N/TRANSITA") -> TRANSITA | M31: 13 | N31: 13 | P31: 12 | R31: =AVERAGE(M31,MAX(N31:O31),MAX(P31:Q31)) -> 12.666667 | S31: =IF(R31>=10,"TRANSITA","N/TRANSITA") -> TRANSITA | W31: =AVERAGE(T31:U31) -> #DIV/0! | Y31: =AVERAGE(T31,MAX(U31:V31),MAX(W31:X31)) -> #DIV/0! | Z31: =SUM(K31,R31,Y31)/3 -> #DIV/0! | AA31: =Z31*0.4 -> #DIV/0! | AC31: =AB31*0.6 -> 0 | AD31: =AVERAGE(AA31+AC31) -> #DIV/0! | AE31: =IF(AD31>=10,"APROVADO/A","REPROVADO/A") -> #DIV/0!
B32: 23 | C32: Isabel Nhongo Luambo Estevão | F32: 16 | G32: 14.5 | I32: 18.5 | K32: =AVERAGE(F32,MAX(G32:H32),MAX(I32:J32)) -> 16.333333 | L32: =IF(K32>=10,"TRANSITA","N/TRANSITA") -> TRANSITA | M32: 20 | N32: 20 | P32: 14 | R32: =AVERAGE(M32,MAX(N32:O32),MAX(P32:Q32)) -> 18 | S32: =IF(R32>=10,"TRANSITA","N/TRANSITA") -> TRANSITA | W32: =AVERAGE(T32:U32) -> #DIV/0! | Y32: =AVERAGE(T32,MAX(U32:V32),MAX(W32:X32)) -> #DIV/0! | Z32: =SUM(K32,R32,Y32)/3 -> #DIV/0! | AA32: =Z32*0.4 -> #DIV/0! | AC32: =AB32*0.6 -> 0 | AD32: =AVERAGE(AA32+AC32) -> #DIV/0! | AE32: =IF(AD32>=10,"APROVADO/A","REPROVADO/A") -> #DIV/0!
B33: 24 | C33: Jerónimo Yombe Vemba | F33: 12 | G33: 8.5 | I33: 8 | K33: =AVERAGE(F33,MAX(G33:H33),MAX(I33:J33)) -> 9.5 | L33: =IF(K33>=10,"TRANSITA","N/TRANSITA") -> N/TRANSITA | M33: 10.5 | N33: 10.5 | P33: 9 | R33: =AVERAGE(M33,MAX(N33:O33),MAX(P33:Q33)) -> 10 | S33: =IF(R33>=10,"TRANSITA","N/TRANSITA") -> TRANSITA | W33: =AVERAGE(T33:U33) -> #DIV/0! | Y33: =AVERAGE(T33,MAX(U33:V33),MAX(W33:X33)) -> #DIV/0! | Z33: =SUM(K33,R33,Y33)/3 -> #DIV/0! | AA33: =Z33*0.4 -> #DIV/0! | AC33: =AB33*0.6 -> 0 | AD33: =AVERAGE(AA33+AC33) -> #DIV/0! | AE33: =IF(AD33>=10,"APROVADO/A","REPROVADO/A") -> #DIV/0!
B34: 25 | C34: Joana Dadiva Ndembe Bueia | F34: 18 | G34: 15 | I34: 19 | K34: =AVERAGE(F34,MAX(G34:H34),MAX(I34:J34)) -> 17.333333 | L34: =IF(K34>=10,"TRANSITA","N/TRANSITA") -> TRANSITA | M34: 20 | N34: 20 | P34: 18.5 | R34: =AVERAGE(M34,MAX(N34:O34),MAX(P34:Q34)) -> 19.5 | S34: =IF(R34>=10,"TRANSITA","N/TRANSITA") -> TRANSITA | W34: =AVERAGE(T34:U34) -> #DIV/0! | Y34: =AVERAGE(T34,MAX(U34:V34),MAX(W34:X34)) -> #DIV/0! | Z34: =SUM(K34,R34,Y34)/3 -> #DIV/0! | AA34: =Z34*0.4 -> #DIV/0! | AC34: =AB34*0.6 -> 0 | AD34: =AVERAGE(AA34+AC34) -> #DIV/0! | AE34: =IF(AD34>=10,"APROVADO/A","REPROVADO/A") -> #DIV/0!
B35: 26 | C35: João Sidónio António | F35: 18 | G35: 11.5 | I35: 11.5 | K35: =AVERAGE(F35,MAX(G35:H35),MAX(I35:J35)) -> 13.666667 | L35: =IF(K35>=10,"TRANSITA","N/TRANSITA") -> TRANSITA | M35: 11.5 | N35: 11.5 | P35: 14.5 | R35: =AVERAGE(M35,MAX(N35:O35),MAX(P35:Q35)) -> 12.5 | S35: =IF(R35>=10,"TRANSITA","N/TRANSITA") -> TRANSITA | W35: =AVERAGE(T35:U35) -> #DIV/0! | Y35: =AVERAGE(T35,MAX(U35:V35),MAX(W35:X35)) -> #DIV/0! | Z35: =SUM(K35,R35,Y35)/3 -> #DIV/0! | AA35: =Z35*0.4 -> #DIV/0! | AC35: =AB35*0.6 -> 0 | AD35: =AVERAGE(AA35+AC35) -> #DIV/0! | AE35: =IF(AD35>=10,"APROVADO/A","REPROVADO/A") -> #DIV/0!
B36: 27 | C36: Jocelma Badila Da Costa | F36: 18 | G36: 10 | I36: 15 | K36: =AVERAGE(F36,MAX(G36:H36),MAX(I36:J36)) -> 14.333333 | L36: =IF(K36>=10,"TRANSITA","N/TRANSITA") -> TRANSITA | M36: 20 | N36: 20 | P36: 15 | R36: =AVERAGE(M36,MAX(N36:O36),MAX(P36:Q36)) -> 18.333333 | S36: =IF(R36>=10,"TRANSITA","N/TRANSITA") -> TRANSITA | W36: =AVERAGE(T36:U36) -> #DIV/0! | Y36: =AVERAGE(T36,MAX(U36:V36),MAX(W36:X36)) -> #DIV/0! | Z36: =SUM(K36,R36,Y36)/3 -> #DIV/0! | AA36: =Z36*0.4 -> #DIV/0! | AC36: =AB36*0.6 -> 0 | AD36: =AVERAGE(AA36+AC36) -> #DIV/0! | AE36: =IF(AD36>=10,"APROVADO/A","REPROVADO/A") -> #DIV/0!
B37: 28 | C37: José Francisco Malonda Kibodo | F37: 16 | G37: 14.5 | I37: 11.5 | K37: =AVERAGE(F37,MAX(G37:H37),MAX(I37:J37)) -> 14 | L37: =IF(K37>=10,"TRANSITA","N/TRANSITA") -> TRANSITA | M37: 20 | N37: 20 | P37: 5 | R37: =AVERAGE(M37,MAX(N37:O37),MAX(P37:Q37)) -> 15 | S37: =IF(R37>=10,"TRANSITA","N/TRANSITA") -> TRANSITA | W37: =AVERAGE(T37:U37) -> #DIV/0! | Y37: =AVERAGE(T37,MAX(U37:V37),MAX(W37:X37)) -> #DIV/0! | Z37: =SUM(K37,R37,Y37)/3 -> #DIV/0! | AA37: =Z37*0.4 -> #DIV/0! | AC37: =AB37*0.6 -> 0 | AD37: =AVERAGE(AA37+AC37) -> #DIV/0! | AE37: =IF(AD37>=10,"APROVADO/A","REPROVADO/A") -> #DIV/0!
B38: 29 | C38: José Lourenço Muhongo Cassombe | F38: 10 | G38: 11.5 | I38: 3.5 | K38: =AVERAGE(F38,MAX(G38:H38),MAX(I38:J38)) -> 8.3333333 | L38: =IF(K38>=10,"TRANSITA","N/TRANSITA") -> N/TRANSITA | M38: 8 | P38: 14.5 | R38: =AVERAGE(M38,MAX(N38:O38),MAX(P38:Q38)) -> 7.5 | S38: =IF(R38>=10,"TRANSITA","N/TRANSITA") -> N/TRANSITA | W38: =AVERAGE(T38:U38) -> #DIV/0! | Y38: =AVERAGE(T38,MAX(U38:V38),MAX(W38:X38)) -> #DIV/0! | Z38: =SUM(K38,R38,Y38)/3 -> #DIV/0! | AA38: =Z38*0.4 -> #DIV/0! | AC38: =AB38*0.6 -> 0 | AD38: =AVERAGE(AA38+AC38) -> #DIV/0! | AE38: =IF(AD38>=10,"APROVADO/A","REPROVADO/A") -> #DIV/0!
B39: 30 | C39: Leidy Da Graça Tumba Balo | F39: 10 | G39: 20 | I39: 19 | K39: =AVERAGE(F39,MAX(G39:H39),MAX(I39:J39)) -> 16.333333 | L39: =IF(K39>=10,"TRANSITA","N/TRANSITA") -> TRANSITA | M39: 20 | N39: 20 | P39: 14 | R39: =AVERAGE(M39,MAX(N39:O39),MAX(P39:Q39)) -> 18 | S39: =IF(R39>=10,"TRANSITA","N/TRANSITA") -> TRANSITA | W39: =AVERAGE(T39:U39) -> #DIV/0! | Y39: =AVERAGE(T39,MAX(U39:V39),MAX(W39:X39)) -> #DIV/0! | Z39: =SUM(K39,R39,Y39)/3 -> #DIV/0! | AA39: =Z39*0.4 -> #DIV/0! | AC39: =AB39*0.6 -> 0 | AD39: =AVERAGE(AA39+AC39) -> #DIV/0! | AE39: =IF(AD39>=10,"APROVADO/A","REPROVADO/A") -> #DIV/0!
B40: 31 | C40: Lídia Pedro Puna | F40: 18 | G40: 12 | I40: 15.5 | K40: =AVERAGE(F40,MAX(G40:H40),MAX(I40:J40)) -> 15.166667 | L40: =IF(K40>=10,"TRANSITA","N/TRANSITA") -> TRANSITA | M40: 20 | N40: 20 | P40: 12.5 | R40: =AVERAGE(M40,MAX(N40:O40),MAX(P40:Q40)) -> 17.5 | S40: =IF(R40>=10,"TRANSITA","N/TRANSITA") -> TRANSITA | W40: =AVERAGE(T40:U40) -> #DIV/0! | Y40: =AVERAGE(T40,MAX(U40:V40),MAX(W40:X40)) -> #DIV/0! | Z40: =SUM(K40,R40,Y40)/3 -> #DIV/0! | AA40: =Z40*0.4 -> #DIV/0! | AC40: =AB40*0.6 -> 0 | AD40: =AVERAGE(AA40+AC40) -> #DIV/0! | AE40: =IF(AD40>=10,"APROVADO/A","REPROVADO/A") -> #DIV/0!
B41: 32 | C41: Lúcia Dicuela Bangala Muanda | K41: =AVERAGE(F41,MAX(G41:H41),MAX(I41:J41)) -> 0 | L41: =IF(K41>=10,"TRANSITA","N/TRANSITA") -> N/TRANSITA | M41: 20 | N41: 20 | P41: 16 | R41: =AVERAGE(M41,MAX(N41:O41),MAX(P41:Q41)) -> 18.666667 | S41: =IF(R41>=10,"TRANSITA","N/TRANSITA") -> TRANSITA | W41: =AVERAGE(T41:U41) -> #DIV/0! | Y41: =AVERAGE(T41,MAX(U41:V41),MAX(W41:X41)) -> #DIV/0! | Z41: =SUM(K41,R41,Y41)/3 -> #DIV/0! | AA41: =Z41*0.4 -> #DIV/0! | AC41: =AB41*0.6 -> 0 | AD41: =AVERAGE(AA41+AC41) -> #DIV/0!
B42: 33 | C42: Manuela Lopes Moio Capita | F42: 14 | G42: 6.5 | I42: 14 | K42: =AVERAGE(F42,MAX(G42:H42),MAX(I42:J42)) -> 11.5 | L42: =IF(K42>=10,"TRANSITA","N/TRANSITA") -> TRANSITA | M42: 20 | N42: 20 | P42: 10.5 | R42: =AVERAGE(M42,MAX(N42:O42),MAX(P42:Q42)) -> 16.833333 | S42: =IF(R42>=10,"TRANSITA","N/TRANSITA") -> TRANSITA | W42: =AVERAGE(T42:U42) -> #DIV/0! | Y42: =AVERAGE(T42,MAX(U42:V42),MAX(W42:X42)) -> #DIV/0! | Z42: =SUM(K42,R42,Y42)/3 -> #DIV/0! | AA42: =Z42*0.4 -> #DIV/0! | AC42: =AB42*0.6 -> 0 | AD42: =AVERAGE(AA42+AC42) -> #DIV/0! | AE42: =IF(AD42>=10,"APROVADO/A","REPROVADO/A") -> #DIV/0!
B43: 34 | C43: Maria Da Conceição Buca Yoba | F43: 18 | G43: 12.5 | I43: 18.5 | K43: =AVERAGE(F43,MAX(G43:H43),MAX(I43:J43)) -> 16.333333 | L43: =IF(K43>=10,"TRANSITA","N/TRANSITA") -> TRANSITA | M43: 20 | N43: 20 | P43: 15.5 | R43: =AVERAGE(M43,MAX(N43:O43),MAX(P43:Q43)) -> 18.5 | S43: =IF(R43>=10,"TRANSITA","N/TRANSITA") -> TRANSITA | W43: =AVERAGE(T43:U43) -> #DIV/0! | Y43: =AVERAGE(T43,MAX(U43:V43),MAX(W43:X43)) -> #DIV/0! | Z43: =SUM(K43,R43,Y43)/3 -> #DIV/0! | AA43: =Z43*0.4 -> #DIV/0! | AC43: =AB43*0.6 -> 0 | AD43: =AVERAGE(AA43+AC43) -> #DIV/0! | AE43: =IF(AD43>=10,"APROVADO/A","REPROVADO/A") -> #DIV/0!
B44: 35 | C44: Maria Rosa Brás | F44: 18 | G44: 18 | I44: 18 | K44: =AVERAGE(F44,MAX(G44:H44),MAX(I44:J44)) -> 18 | L44: =IF(K44>=10,"TRANSITA","N/TRANSITA") -> TRANSITA | M44: 20 | N44: 20 | P44: 17 | R44: =AVERAGE(M44,MAX(N44:O44),MAX(P44:Q44)) -> 19 | S44: =IF(R44>=10,"TRANSITA","N/TRANSITA") -> TRANSITA | W44: =AVERAGE(T44:U44) -> #DIV/0! | Y44: =AVERAGE(T44,MAX(U44:V44),MAX(W44:X44)) -> #DIV/0! | Z44: =SUM(K44,R44,Y44)/3 -> #DIV/0! | AA44: =Z44*0.4 -> #DIV/0! | AC44: =AB44*0.6 -> 0 | AD44: =AVERAGE(AA44+AC44) -> #DIV/0! | AE44: =IF(AD44>=10,"APROVADO/A","REPROVADO/A") -> #DIV/0!
B45: 36 | C45: Marta Gabriel Muela | F45: 16 | G45: 16.5 | I45: 16 | K45: =AVERAGE(F45,MAX(G45:H45),MAX(I45:J45)) -> 16.166667 | L45: =IF(K45>=10,"TRANSITA","N/TRANSITA") -> TRANSITA | M45: 20 | N45: 20 | P45: 13.5 | R45: =AVERAGE(M45,MAX(N45:O45),MAX(P45:Q45)) -> 17.833333 | S45: =IF(R45>=10,"TRANSITA","N/TRANSITA") -> TRANSITA | W45: =AVERAGE(T45:U45) -> #DIV/0! | Y45: =AVERAGE(T45,MAX(U45:V45),MAX(W45:X45)) -> #DIV/0! | Z45: =SUM(K45,R45,Y45)/3 -> #DIV/0! | AA45: =Z45*0.4 -> #DIV/0! | AC45: =AB45*0.6 -> 0 | AD45: =AVERAGE(AA45+AC45) -> #DIV/0! | AE45: =IF(AD45>=10,"APROVADO/A","REPROVADO/A") -> #DIV/0!
B46: 37 | C46: Martina Cumba Muendo Nvemba | F46: 17 | G46: 17.5 | I46: 18 | K46: =AVERAGE(F46,MAX(G46:H46),MAX(I46:J46)) -> 17.5 | L46: =IF(K46>=10,"TRANSITA","N/TRANSITA") -> TRANSITA | M46: 20 | N46: 20 | P46: 17 | R46: =AVERAGE(M46,MAX(N46:O46),MAX(P46:Q46)) -> 19 | S46: =IF(R46>=10,"TRANSITA","N/TRANSITA") -> TRANSITA | W46: =AVERAGE(T46:U46) -> #DIV/0! | Y46: =AVERAGE(T46,MAX(U46:V46),MAX(W46:X46)) -> #DIV/0! | Z46: =SUM(K46,R46,Y46)/3 -> #DIV/0! | AA46: =Z46*0.4 -> #DIV/0! | AC46: =AB46*0.6 -> 0 | AD46: =AVERAGE(AA46+AC46) -> #DIV/0! | AE46: =IF(AD46>=10,"APROVADO/A","REPROVADO/A") -> #DIV/0!
B47: 38 | C47: Raimundo Luís Gime Bussaco | F47: 10 | G47: 9.5 | I47: 3.5 | K47: =AVERAGE(F47,MAX(G47:H47),MAX(I47:J47)) -> 7.6666667 | L47: =IF(K47>=10,"TRANSITA","N/TRANSITA") -> N/TRANSITA | M47: 12 | N47: 12 | P47: 10 | R47: =AVERAGE(M47,MAX(N47:O47),MAX(P47:Q47)) -> 11.333333 | S47: =IF(R47>=10,"TRANSITA","N/TRANSITA") -> TRANSITA | W47: =AVERAGE(T47:U47) -> #DIV/0! | Y47: =AVERAGE(T47,MAX(U47:V47),MAX(W47:X47)) -> #DIV/0! | Z47: =SUM(K47,R47,Y47)/3 -> #DIV/0! | AA47: =Z47*0.4 -> #DIV/0! | AC47: =AB47*0.6 -> 0 | AD47: =AVERAGE(AA47+AC47) -> #DIV/0! | AE47: =IF(AD47>=10,"APROVADO/A","REPROVADO/A") -> #DIV/0!
B48: 39 | C48: Rosária Domingas Mangovo | F48: 16 | G48: 15.5 | I48: 16.5 | K48: =AVERAGE(F48,MAX(G48:H48),MAX(I48:J48)) -> 16 | L48: =IF(K48>=10,"TRANSITA","N/TRANSITA") -> TRANSITA | M48: 20 | N48: 20 | P48: 13 | R48: =AVERAGE(M48,MAX(N48:O48),MAX(P48:Q48)) -> 17.666667 | S48: =IF(R48>=10,"TRANSITA","N/TRANSITA") -> TRANSITA | W48: =AVERAGE(T48:U48) -> #DIV/0! | Y48: =AVERAGE(T48,MAX(U48:V48),MAX(W48:X48)) -> #DIV/0! | Z48: =SUM(K48,R48,Y48)/3 -> #DIV/0! | AA48: =Z48*0.4 -> #DIV/0! | AC48: =AB48*0.6 -> 0 | AD48: =AVERAGE(AA48+AC48) -> #DIV/0! | AE48: =IF(AD48>=10,"APROVADO/A","REPROVADO/A") -> #DIV/0!
B49: 40 | C49: Silvia Amada Castelão Morais | D49: 0 | F49: 18 | G49: 15 | I49: 19 | K49: =AVERAGE(F49,MAX(G49:H49),MAX(I49:J49)) -> 17.333333 | L49: =IF(K49>=10,"TRANSITA","N/TRANSITA") -> TRANSITA | M49: 20 | N49: 20 | P49: 19.5 | R49: =AVERAGE(M49,MAX(N49:O49),MAX(P49:Q49)) -> 19.833333 | S49: =IF(R49>=10,"TRANSITA","N/TRANSITA") -> TRANSITA | W49: =AVERAGE(T49:U49) -> #DIV/0! | Y49: =AVERAGE(T49,MAX(U49:V49),MAX(W49:X49)) -> #DIV/0! | Z49: =SUM(K49,R49,Y49)/3 -> #DIV/0! | AA49: =Z49*0.4 -> #DIV/0! | AC49: =AB49*0.6 -> 0 | AD49: =AVERAGE(AA49+AC49) -> #DIV/0! | AE49: =IF(AD49>=10,"APROVADO/A","REPROVADO/A") -> #DIV/0!
B50: 41 | C50: Teresa Gomes Baza | F50: 14 | G50: 11 | I50: 16 | K50: =AVERAGE(F50,MAX(G50:H50),MAX(I50:J50)) -> 13.666667 | L50: =IF(K50>=10,"TRANSITA","N/TRANSITA") -> TRANSITA | M50: 8.5 | N50: 8.5 | P50: 11 | R50: =AVERAGE(M50,MAX(N50:O50),MAX(P50:Q50)) -> 9.3333333 | S50: =IF(R50>=10,"TRANSITA","N/TRANSITA") -> N/TRANSITA | W50: =AVERAGE(T50:U50) -> #DIV/0! | Y50: =AVERAGE(T50,MAX(U50:V50),MAX(W50:X50)) -> #DIV/0! | Z50: =SUM(K50,R50,Y50)/3 -> #DIV/0! | AA50: =Z50*0.4 -> #DIV/0! | AC50: =AB50*0.6 -> 0 | AD50: =AVERAGE(AA50+AC50) -> #DIV/0! | AE50: =IF(AD50>=10,"APROVADO/A","REPROVADO/A") -> #DIV/0!
