Workbook

Sheet 1ºT-11ª-A-PAUTA
A1: INSTITUTO TÉCNICO PRIVADO DE SAÚDE JOMORAIS
B7: PAUTA DE APROVEITAMENTO ESCOLAR
C8: ÁREA DE FORMAÇÃO: SAÚDE
H9: 11ª CLASSE | M9: CURSO: ANÁLISES CLÍNICAS | AE9: PERÍODO: VESPERTINO
B10: O Director do Instituto | AE10: 1º TRIMESTRE | AL10: MF: | AM10: =SUM(AM12,AM11) -> 44
B11: ________________________________________ | H11: TURMA: | J11: A | AL11: M | AM11: =COUNTIF(AS17:AS60,"M") -> 11 | AP11: 46003
B12: GABRIEL PRÓSPERO MABIALA | AD12: ANO LECTIVO: 2025/2026 | AL12: F | AM12: =COUNTIF(AS17:AS60,"F") -> 33
B13: DATA______/______/2025
B14: Nº | C14: Nº PROC | D14: NOME | E14: DISCIPLINA A REPETIR | F14: L. Port. | I14: Mat. | L14: Biol. | O14: Inglês | R14: Qca Org. | U14: Microbiol. | X14: Hemat. | AA14: Imunol. | AD14: Urinol. | AG14: Parasitol. | AJ14: Ed. Física | AM14: A.F.H | AP14: OBS | AQ14: MÉDIA | AR14: Idade | AS14: Género | AT14: DADOS ESTATÍSTICOS
F15: FALTAS | H15: MT1º | I15: FALTAS | K15: MT1º | L15: FALTAS | N15: MT1º | O15: FALTAS | Q15: MT1º | R15: FALTAS | T15: MT1º | U15: FALTAS | W15: MT1º | X15: FALTAS | Z15: MT1º | AA15: FALTAS | AC15: MT1º | AD15: FALTAS | AF15: MT1º | AG15: FALTAS | AI15: MT1º | AJ15: FALTAS | AL15: MT1º | AM15: FALTAS | AO15: MT1º | AT15: MATRICULADOS | AV15: TRANSITA | AX15: N/TRANSITA | AZ15: Desistido/a
F16: J | G16: I | I16: J | J16: I | L16: J | M16: I | O16: J | P16: I | R16: J | S16: I | U16: J | V16: I | X16: J | Y16: I | AA16: J | AB16: I | AD16: J | AE16: I | AG16: J | AH16: I | AJ16: J | AK16: I | AM16: J | AN16: I | AT16: M | AU16: F | AV16: M | AW16: F | AX16: M | AY16: F | AZ16: M | BA16: F
B17: 1 | C17: 4121 | D17: Abrão Gomes | H17: =SUM('11CL-AC-A-L PORT'!J9) -> 13.333333 | K17: =SUM('11CL-AC-A-MAT'!J9) -> 10.333333 | N17: =SUM('11CL-AC-A-BIOL'!J9) -> 12.666667 | Q17: =SUM('11CL-AC-A-INGLES'!J9) -> 13.333333 | T17: =SUM('11CL-AC-A-QCA ORG.'!J9) -> 11.333333 | W17: =SUM('11CL-AC-A-MICROBIOL'!J9) -> 12.166667 | Z17: =SUM('11CL-AC-A-HEMAT I'!J9) -> 11.333333 | AC17: =SUM('11CL-AC-A-IMUNOL.'!J9) -> 16.166667 | AF17: =SUM('11CL-AC-A-URINOL.'!J9) -> 12.166667 | AI17: =SUM('11CL-AC-A-PRASITOL.'!J9) -> 10.666667 | AL17: =SUM('11CL-AC-A-ED. FIS'!J9) -> 14 | AO17: =SUM('11CL-AC-A-AFH'!J9) -> 13.666667 | AP17: N/TRANSITA | AQ17: =AVERAGE(H17:AO17) -> 12.597222 | AR17: 17 | AS17: M | AT17: =COUNTIF(AS17:AS60,"M") -> 11 | AU17: =COUNTIF(AS17:AS60,"F") -> 33 | AV17: =COUNTIFS(AP17:AP60,"Transita",AS17:AS60,"M") -> 4 | AW17: =COUNTIFS(AP17:AP60,"Transita",AS17:AS60,"F") -> 5 | AX17: =COUNTIFS(AP17:AP60,"N/Transita",AS17:AS60,"M") -> 7 | AY17: =COUNTIFS(AP17:AP60,"N/Transita",AS17:AS60,"F") -> 27 | AZ17: =COUNTIFS(AP17:AP60,"DESISTIDO",AS17:AS60,"M") -> 0 | BA17: =COUNTIFS(AP17:AP60,"DESISTIDA",AS17:AS60,"F") -> 1
B18: 2 | C18: 2862 | D18: Agostinho Mbaki Baza | H18: =SUM('11CL-AC-A-L PORT'!J10) -> 15.166667 | K18: =SUM('11CL-AC-A-MAT'!J10) -> 19.333333 | N18: =SUM('11CL-AC-A-BIOL'!J10) -> 16.333333 | Q18: =SUM('11CL-AC-A-INGLES'!J10) -> 19 | T18: =SUM('11CL-AC-A-QCA ORG.'!J10) -> 17.333333 | W18: =SUM('11CL-AC-A-MICROBIOL'!J10) -> 14 | Z18: =SUM('11CL-AC-A-HEMAT I'!J10) -> 16.5 | AC18: =SUM('11CL-AC-A-IMUNOL.'!J10) -> 18.333333 | AF18: =SUM('11CL-AC-A-URINOL.'!J10) -> 16.5 | AI18: =SUM('11CL-AC-A-PRASITOL.'!J10) -> 17.333333 | AL18: =SUM('11CL-AC-A-ED. FIS'!J10) -> 13 | AO18: =SUM('11CL-AC-A-AFH'!J10) -> 15.666667 | AP18: TRANSITA | AQ18: =AVERAGE(H18:AO18) -> 16.541667 | AR18: 16 | AS18: M | AT18: =SUM(AT17:AU17) -> 44 | AV18: =SUM(AV16:AW17) -> 9 | AX18: =SUM(AX16:AY17) -> 34 | AZ18: =SUM(AZ16:BA17) -> 1
B19: 3 | C19: 3183 | D19: Albertina Vumbi Bazunga | H19: =SUM('11CL-AC-A-L PORT'!J11) -> 9.6666667 | K19: =SUM('11CL-AC-A-MAT'!J11) -> 11.666667 | N19: =SUM('11CL-AC-A-BIOL'!J11) -> 11.333333 | Q19: =SUM('11CL-AC-A-INGLES'!J11) -> 15.333333 | T19: =SUM('11CL-AC-A-QCA ORG.'!J11) -> 12.333333 | W19: =SUM('11CL-AC-A-MICROBIOL'!J11) -> 14.166667 | Z19: =SUM('11CL-AC-A-HEMAT I'!J11) -> 14 | AC19: =SUM('11CL-AC-A-IMUNOL.'!J11) -> 14.916667 | AF19: =SUM('11CL-AC-A-URINOL.'!J11) -> 13.5 | AI19: =SUM('11CL-AC-A-PRASITOL.'!J11) -> 13 | AL19: =SUM('11CL-AC-A-ED. FIS'!J11) -> 12 | AO19: =SUM('11CL-AC-A-AFH'!J11) -> 11.166667 | AP19: N/TRANSITA | AQ19: =AVERAGE(H19:AO19) -> 12.756944 | AR19: 17 | AS19: F
B20: 4 | C20: 2921 | D20: Alberto Mambo Simba | H20: =SUM('11CL-AC-A-L PORT'!J12) -> 14 | K20: =SUM('11CL-AC-A-MAT'!J12) -> 15.333333 | N20: =SUM('11CL-AC-A-BIOL'!J12) -> 15.666667 | Q20: =SUM('11CL-AC-A-INGLES'!J12) -> 16 | T20: =SUM('11CL-AC-A-QCA ORG.'!J12) -> 15.166667 | W20: =SUM('11CL-AC-A-MICROBIOL'!J12) -> 13.833333 | Z20: =SUM('11CL-AC-A-HEMAT I'!J12) -> 14.666667 | AC20: =SUM('11CL-AC-A-IMUNOL.'!J12) -> 17.416667 | AF20: =SUM('11CL-AC-A-URINOL.'!J12) -> 16.666667 | AI20: =SUM('11CL-AC-A-PRASITOL.'!J12) -> 14 | AL20: =SUM('11CL-AC-A-ED. FIS'!J12) -> 15 | AO20: =SUM('11CL-AC-A-AFH'!J12) -> 13.333333 | AP20: TRANSITA | AQ20: =AVERAGE(H20:AO20) -> 15.090278 | AR20: 17 | AS20: M
B21: 5 | C21: 3551 | D21: Alda Catarina Mamata Balou | H21: =SUM('11CL-AC-A-L PORT'!J13) -> 12.333333 | K21: =SUM('11CL-AC-A-MAT'!J13) -> 10 | N21: =SUM('11CL-AC-A-BIOL'!J13) -> 10 | Q21: =SUM('11CL-AC-A-INGLES'!J13) -> 12.333333 | T21: =SUM('11CL-AC-A-QCA ORG.'!J13) -> 5 | W21: =SUM('11CL-AC-A-MICROBIOL'!J13) -> 11.833333 | Z21: =SUM('11CL-AC-A-HEMAT I'!J13) -> 10.666667 | AC21: =SUM('11CL-AC-A-IMUNOL.'!J13) -> 13 | AF21: =SUM('11CL-AC-A-URINOL.'!J13) -> 13.666667 | AI21: =SUM('11CL-AC-A-PRASITOL.'!J13) -> 11.166667 | AL21: =SUM('11CL-AC-A-ED. FIS'!J13) -> 10 | AO21: =SUM('11CL-AC-A-AFH'!J13) -> 10 | AP21: N/TRANSITA | AQ21: =AVERAGE(H21:AO21) -> 10.833333 | AR21: 16 | AS21: F
B22: 6 | C22: 3070 | D22: Alice Bitumba Mavungo | H22: =SUM('11CL-AC-A-L PORT'!J14) -> 9.8333333 | K22: =SUM('11CL-AC-A-MAT'!J14) -> 10.666667 | N22: =SUM('11CL-AC-A-BIOL'!J14) -> 10.333333 | Q22: =SUM('11CL-AC-A-INGLES'!J14) -> 13 | T22: =SUM('11CL-AC-A-QCA ORG.'!J14) -> 10.166667 | W22: =SUM('11CL-AC-A-MICROBIOL'!J14) -> 13.833333 | Z22: =SUM('11CL-AC-A-HEMAT I'!J14) -> 12 | AC22: =SUM('11CL-AC-A-IMUNOL.'!J14) -> 15.166667 | AF22: =SUM('11CL-AC-A-URINOL.'!J14) -> 14.25 | AI22: =SUM('11CL-AC-A-PRASITOL.'!J14) -> 10.666667 | AL22: =SUM('11CL-AC-A-ED. FIS'!J14) -> 13 | AO22: =SUM('11CL-AC-A-AFH'!J14) -> 8.5 | AP22: N/TRANSITA | AQ22: =AVERAGE(H22:AO22) -> 11.784722 | AR22: 17 | AS22: F
B23: 7 | C23: 2939 | D23: Amélia Chibamba Chiama | H23: =SUM('11CL-AC-A-L PORT'!J15) -> 10.833333 | K23: =SUM('11CL-AC-A-MAT'!J15) -> 10 | N23: =SUM('11CL-AC-A-BIOL'!J15) -> 13.666667 | Q23: =SUM('11CL-AC-A-INGLES'!J15) -> 13 | T23: =SUM('11CL-AC-A-QCA ORG.'!J15) -> 15.666667 | W23: =SUM('11CL-AC-A-MICROBIOL'!J15) -> 15.166667 | Z23: =SUM('11CL-AC-A-HEMAT I'!J15) -> 10.833333 | AC23: =SUM('11CL-AC-A-IMUNOL.'!J15) -> 14 | AF23: =SUM('11CL-AC-A-URINOL.'!J15) -> 15.5 | AI23: =SUM('11CL-AC-A-PRASITOL.'!J15) -> 12.666667 | AL23: =SUM('11CL-AC-A-ED. FIS'!J15) -> 14 | AO23: =SUM('11CL-AC-A-AFH'!J15) -> 12.833333 | AP23: N/TRANSITA | AQ23: =AVERAGE(H23:AO23) -> 13.180556 | AR23: 14 | AS23: F | AU23: MÁXIMA | AV23: =MAX(AQ17:AQ60) -> 17.451389
B24: 8 | C24: 2833 | D24: Ana De Jesus Custódio Sambo | H24: =SUM('11CL-AC-A-L PORT'!J16) -> 13.166667 | K24: =SUM('11CL-AC-A-MAT'!J16) -> 11.666667 | N24: =SUM('11CL-AC-A-BIOL'!J16) -> 10 | Q24: =SUM('11CL-AC-A-INGLES'!J16) -> 18 | T24: =SUM('11CL-AC-A-QCA ORG.'!J16) -> 17.333333 | W24: =SUM('11CL-AC-A-MICROBIOL'!J16) -> 12.5 | Z24: =SUM('11CL-AC-A-HEMAT I'!J16) -> 12.666667 | AC24: =SUM('11CL-AC-A-IMUNOL.'!J16) -> 13.833333 | AF24: =SUM('11CL-AC-A-URINOL.'!J16) -> 13.666667 | AI24: =SUM('11CL-AC-A-PRASITOL.'!J16) -> 9.6666667 | AL24: =SUM('11CL-AC-A-ED. FIS'!J16) -> 12 | AO24: =SUM('11CL-AC-A-AFH'!J16) -> 10.666667 | AP24: N/TRANSITA | AQ24: =AVERAGE(H24:AO24) -> 12.930556 | AR24: 16 | AS24: F
B25: 9 | C25: 3750 | D25: Ana Soca Deca Luba | H25: =SUM('11CL-AC-A-L PORT'!J17) -> 10.5 | K25: =SUM('11CL-AC-A-MAT'!J17) -> 4.3333333 | N25: =SUM('11CL-AC-A-BIOL'!J17) -> 7.6666667 | Q25: =SUM('11CL-AC-A-INGLES'!J17) -> 14.666667 | T25: =SUM('11CL-AC-A-QCA ORG.'!J17) -> 5.8333333 | W25: =SUM('11CL-AC-A-MICROBIOL'!J17) -> 12.166667 | Z25: =SUM('11CL-AC-A-HEMAT I'!J17) -> 9.6666667 | AC25: =SUM('11CL-AC-A-IMUNOL.'!J17) -> 13.666667 | AF25: =SUM('11CL-AC-A-URINOL.'!J17) -> 4 | AI25: =SUM('11CL-AC-A-PRASITOL.'!J17) -> 11.5 | AL25: =SUM('11CL-AC-A-ED. FIS'!J17) -> 14 | AO25: =SUM('11CL-AC-A-AFH'!J17) -> 10.666667 | AP25: N/TRANSITA | AQ25: =AVERAGE(H25:AO25) -> 9.8888889 | AR25: 17 | AS25: F | AU25: NOME DO/A ALUNO/A | AX25: Joana Bundo Fernandes
B26: 10 | C26: 3013 | D26: Angelina Buanga Poba | H26: =SUM('11CL-AC-A-L PORT'!J18) -> 12.333333 | K26: =SUM('11CL-AC-A-MAT'!J18) -> 5.6666667 | N26: =SUM('11CL-AC-A-BIOL'!J18) -> 8.3333333 | Q26: =SUM('11CL-AC-A-INGLES'!J18) -> 15.333333 | T26: =SUM('11CL-AC-A-QCA ORG.'!J18) -> 2.6666667 | W26: =SUM('11CL-AC-A-MICROBIOL'!J18) -> 11.5 | Z26: =SUM('11CL-AC-A-HEMAT I'!J18) -> 15.333333 | AC26: =SUM('11CL-AC-A-IMUNOL.'!J18) -> 12.333333 | AF26: =SUM('11CL-AC-A-URINOL.'!J18) -> 12.666667 | AI26: =SUM('11CL-AC-A-PRASITOL.'!J18) -> 10.166667 | AL26: =SUM('11CL-AC-A-ED. FIS'!J18) -> 12 | AO26: =SUM('11CL-AC-A-AFH'!J18) -> 12.5 | AP26: N/TRANSITA | AQ26: =AVERAGE(H26:AO26) -> 10.902778 | AR26: 16 | AS26: M | AU26: IDADE: | AV26: 16
B27: 11 | C27: 3036 | D27: Antoaneta Menga Futi Gime | H27: =SUM('11CL-AC-A-L PORT'!J19) -> 12.333333 | K27: =SUM('11CL-AC-A-MAT'!J19) -> 10.333333 | N27: =SUM('11CL-AC-A-BIOL'!J19) -> 14.666667 | Q27: =SUM('11CL-AC-A-INGLES'!J19) -> 16.333333 | T27: =SUM('11CL-AC-A-QCA ORG.'!J19) -> 12 | W27: =SUM('11CL-AC-A-MICROBIOL'!J19) -> 15 | Z27: =SUM('11CL-AC-A-HEMAT I'!J19) -> 13 | AC27: =SUM('11CL-AC-A-IMUNOL.'!J19) -> 15.083333 | AF27: =SUM('11CL-AC-A-URINOL.'!J19) -> 15.666667 | AI27: =SUM('11CL-AC-A-PRASITOL.'!J19) -> 12.333333 | AL27: =SUM('11CL-AC-A-ED. FIS'!J19) -> 13.333333 | AO27: =SUM('11CL-AC-A-AFH'!J19) -> 9.3333333 | AP27: N/TRANSITA | AQ27: =AVERAGE(H27:AO27) -> 13.284722 | AR27: 17 | AS27: F
B28: 12 | C28: 4217 | D28: Arinalda De Canatividade Prata Bungo | H28: =SUM('11CL-AC-A-L PORT'!J20) -> 13.833333 | K28: =SUM('11CL-AC-A-MAT'!J20) -> 16.333333 | N28: =SUM('11CL-AC-A-BIOL'!J20) -> 15.666667 | Q28: =SUM('11CL-AC-A-INGLES'!J20) -> 16.666667 | T28: =SUM('11CL-AC-A-QCA ORG.'!J20) -> 14 | W28: =SUM('11CL-AC-A-MICROBIOL'!J20) -> 15.333333 | Z28: =SUM('11CL-AC-A-HEMAT I'!J20) -> 15 | AC28: =SUM('11CL-AC-A-IMUNOL.'!J20) -> 17.416667 | AF28: =SUM('11CL-AC-A-URINOL.'!J20) -> 16.333333 | AI28: =SUM('11CL-AC-A-PRASITOL.'!J20) -> 13.5 | AL28: =SUM('11CL-AC-A-ED. FIS'!J20) -> 13 | AO28: =SUM('11CL-AC-A-AFH'!J20) -> 13.166667 | AP28: TRANSITA | AQ28: =AVERAGE(H28:AO28) -> 15.020833 | AR28: 17 | AS28: F
B29: 13 | C29: 3063 | D29: Basílio Araújo Simba Mabiala | H29: =SUM('11CL-AC-A-L PORT'!J21) -> 14.166667 | K29: =SUM('11CL-AC-A-MAT'!J21) -> 17 | N29: =SUM('11CL-AC-A-BIOL'!J21) -> 0 | Q29: =SUM('11CL-AC-A-INGLES'!J21) -> 16.333333 | T29: =SUM('11CL-AC-A-QCA ORG.'!J21) -> 15 | W29: =SUM('11CL-AC-A-MICROBIOL'!J21) -> 16.5 | Z29: =SUM('11CL-AC-A-HEMAT I'!J21) -> 14.166667 | AC29: =SUM('11CL-AC-A-IMUNOL.'!J21) -> 16 | AF29: =SUM('11CL-AC-A-URINOL.'!J21) -> 14.833333 | AI29: =SUM('11CL-AC-A-PRASITOL.'!J21) -> 15.333333 | AL29: =SUM('11CL-AC-A-ED. FIS'!J21) -> 16 | AO29: =SUM('11CL-AC-A-AFH'!J21) -> 15.333333 | AP29: N/TRANSITA | AQ29: =AVERAGE(H29:AO29) -> 14.222222 | AR29: 17 | AS29: M
B30: 14 | C30: 3606 | D30: Carlota Mbungo Conde | H30: =SUM('11CL-AC-A-L PORT'!J22) -> 9.8333333 | K30: =SUM('11CL-AC-A-MAT'!J22) -> 5 | N30: =SUM('11CL-AC-A-BIOL'!J22) -> 10 | Q30: =SUM('11CL-AC-A-INGLES'!J22) -> 10 | T30: =SUM('11CL-AC-A-QCA ORG.'!J22) -> 2.1666667 | W30: =SUM('11CL-AC-A-MICROBIOL'!J22) -> 12.5 | Z30: =SUM('11CL-AC-A-HEMAT I'!J22) -> 11.333333 | AC30: =SUM('11CL-AC-A-IMUNOL.'!J22) -> 11.833333 | AF30: =SUM('11CL-AC-A-URINOL.'!J22) -> 12 | AI30: =SUM('11CL-AC-A-PRASITOL.'!J22) -> 9 | AL30: =SUM('11CL-AC-A-ED. FIS'!J22) -> 11 | AO30: =SUM('11CL-AC-A-AFH'!J22) -> 9.6666667 | AP30: N/TRANSITA | AQ30: =AVERAGE(H30:AO30) -> 9.5277778 | AR30: 17 | AS30: F
B31: 15 | C31: 2798 | D31: Catarina Luemba Makuama | H31: =SUM('11CL-AC-A-L PORT'!J23) -> 10.166667 | K31: =SUM('11CL-AC-A-MAT'!J23) -> 4.6666667 | N31: =SUM('11CL-AC-A-BIOL'!J23) -> 6 | Q31: =SUM('11CL-AC-A-INGLES'!J23) -> 9.6666667 | T31: =SUM('11CL-AC-A-QCA ORG.'!J23) -> 7.6666667 | W31: =SUM('11CL-AC-A-MICROBIOL'!J23) -> 12.666667 | Z31: =SUM('11CL-AC-A-HEMAT I'!J23) -> 9.8333333 | AC31: =SUM('11CL-AC-A-IMUNOL.'!J23) -> 11.5 | AF31: =SUM('11CL-AC-A-URINOL.'!J23) -> 8.5 | AI31: =SUM('11CL-AC-A-PRASITOL.'!J23) -> 4.6666667 | AL31: =SUM('11CL-AC-A-ED. FIS'!J23) -> 13.333333 | AO31: =SUM('11CL-AC-A-AFH'!J23) -> 6 | AP31: N/TRANSITA | AQ31: =AVERAGE(H31:AO31) -> 8.7222222 | AR31: 17 | AS31: M
B32: 16 | C32: 4210 | D32: Cristina Conde Sassi | H32: =SUM('11CL-AC-A-L PORT'!J24) -> 10.833333 | K32: =SUM('11CL-AC-A-MAT'!J24) -> 12 | N32: =SUM('11CL-AC-A-BIOL'!J24) -> 12 | Q32: =SUM('11CL-AC-A-INGLES'!J24) -> 13.666667 | T32: =SUM('11CL-AC-A-QCA ORG.'!J24) -> 8.3333333 | W32: =SUM('11CL-AC-A-MICROBIOL'!J24) -> 12 | Z32: =SUM('11CL-AC-A-HEMAT I'!J24) -> 12.166667 | AC32: =SUM('11CL-AC-A-IMUNOL.'!J24) -> 11.833333 | AF32: =SUM('11CL-AC-A-URINOL.'!J24) -> 12.75 | AI32: =SUM('11CL-AC-A-PRASITOL.'!J24) -> 11 | AL32: =SUM('11CL-AC-A-ED. FIS'!J24) -> 12 | AO32: =SUM('11CL-AC-A-AFH'!J24) -> 8.6666667 | AP32: N/TRANSITA | AQ32: =AVERAGE(H32:AO32) -> 11.4375 | AR32: 14 | AS32: F
B33: 17 | C33: 3422 | D33: Dorcas Milando Dembi | H33: =SUM('11CL-AC-A-L PORT'!J25) -> 12.566667 | K33: =SUM('11CL-AC-A-MAT'!J25) -> 10.333333 | N33: =SUM('11CL-AC-A-BIOL'!J25) -> 11.666667 | Q33: =SUM('11CL-AC-A-INGLES'!J25) -> 16 | T33: =SUM('11CL-AC-A-QCA ORG.'!J25) -> 15.666667 | W33: =SUM('11CL-AC-A-MICROBIOL'!J25) -> 14.333333 | Z33: =SUM('11CL-AC-A-HEMAT I'!J25) -> 11.666667 | AC33: =SUM('11CL-AC-A-IMUNOL.'!J25) -> 13.166667 | AF33: =SUM('11CL-AC-A-URINOL.'!J25) -> 11.166667 | AI33: =SUM('11CL-AC-A-PRASITOL.'!J25) -> 12.833333 | AL33: =SUM('11CL-AC-A-ED. FIS'!J25) -> 14 | AO33: =SUM('11CL-AC-A-AFH'!J25) -> 9.3333333 | AP33: N/TRANSITA | AQ33: =AVERAGE(H33:AO33) -> 12.727778 | AR33: 17 | AS33: F
B34: 18 | C34: 3300 | D34: Elisa Zuzi Bumba Da Silva | H34: =SUM('11CL-AC-A-L PORT'!J26) -> 13.5 | K34: =SUM('11CL-AC-A-MAT'!J26) -> 6.3333333 | N34: =SUM('11CL-AC-A-BIOL'!J26) -> 13.333333 | Q34: =SUM('11CL-AC-A-INGLES'!J26) -> 18.333333 | T34: =SUM('11CL-AC-A-QCA ORG.'!J26) -> 12.5 | W34: =SUM('11CL-AC-A-MICROBIOL'!J26) -> 13.5 | Z34: =SUM('11CL-AC-A-HEMAT I'!J26) -> 11.833333 | AC34: =SUM('11CL-AC-A-IMUNOL.'!J26) -> 12 | AF34: =SUM('11CL-AC-A-URINOL.'!J26) -> 15.666667 | AI34: =SUM('11CL-AC-A-PRASITOL.'!J26) -> 12.166667 | AL34: =SUM('11CL-AC-A-ED. FIS'!J26) -> 14 | AO34: =SUM('11CL-AC-A-AFH'!J26) -> 12.5 | AP34: N/TRANSITA | AQ34: =AVERAGE(H34:AO34) -> 12.972222 | AR34: 17 | AS34: F
B35: 19 | C35: 2224 | D35: Felicidade Muanda Bititi | H35: =SUM('11CL-AC-A-L PORT'!J27) -> 0 | K35: =SUM('11CL-AC-A-MAT'!J27) -> 0 | N35: =SUM('11CL-AC-A-BIOL'!J27) -> 0 | Q35: =SUM('11CL-AC-A-INGLES'!J27) -> 0 | T35: =SUM('11CL-AC-A-QCA ORG.'!J27) -> 0 | W35: =SUM('11CL-AC-A-MICROBIOL'!J27) -> 0 | Z35: =SUM('11CL-AC-A-HEMAT I'!J27) -> 0 | AC35: =SUM('11CL-AC-A-IMUNOL.'!J27) -> 0 | AF35: =SUM('11CL-AC-A-URINOL.'!J27) -> 0 | AI35: =SUM('11CL-AC-A-PRASITOL.'!J27) -> 0 | AL35: =SUM('11CL-AC-A-ED. FIS'!J27) -> 0 | AO35: =SUM('11CL-AC-A-AFH'!J27) -> 11.333333 | AP35: DESISTIDA | AQ35: =AVERAGE(H35:AO35) -> 0.94444444 | AR35: 17 | AS35: F
B36: 20 | C36: 4097 | D36: Fernanda Pedro Tavares | H36: =SUM('11CL-AC-A-L PORT'!J28) -> 12.166667 | K36: =SUM('11CL-AC-A-MAT'!J28) -> 9 | N36: =SUM('11CL-AC-A-BIOL'!J28) -> 12.333333 | Q36: =SUM('11CL-AC-A-INGLES'!J28) -> 15.666667 | T36: =SUM('11CL-AC-A-QCA ORG.'!J28) -> 6 | W36: =SUM('11CL-AC-A-MICROBIOL'!J28) -> 13.833333 | Z36: =SUM('11CL-AC-A-HEMAT I'!J28) -> 7.3333333 | AC36: =SUM('11CL-AC-A-IMUNOL.'!J28) -> 11.833333 | AF36: =SUM('11CL-AC-A-URINOL.'!J28) -> 7.75 | AI36: =SUM('11CL-AC-A-PRASITOL.'!J28) -> 8.3333333 | AL36: =SUM('11CL-AC-A-ED. FIS'!J28) -> 11 | AO36: =SUM('11CL-AC-A-AFH'!J28) -> 8.6666667 | AP36: N/TRANSITA | AQ36: =AVERAGE(H36:AO36) -> 10.326389 | AR36: 17 | AS36: F
B37: 21 | C37: 2806 | D37: Gertrudes Buanga Zuzi | H37: =SUM('11CL-AC-A-L PORT'!J29) -> 10.666667 | K37: =SUM('11CL-AC-A-MAT'!J29) -> 5.6666667 | N37: =SUM('11CL-AC-A-BIOL'!J29) -> 8 | Q37: =SUM('11CL-AC-A-INGLES'!J29) -> 10 | T37: =SUM('11CL-AC-A-QCA ORG.'!J29) -> 4.5 | W37: =SUM('11CL-AC-A-MICROBIOL'!J29) -> 11.833333 | Z37: =SUM('11CL-AC-A-HEMAT I'!J29) -> 10 | AC37: =SUM('11CL-AC-A-IMUNOL.'!J29) -> 9.3333333 | AF37: =SUM('11CL-AC-A-URINOL.'!J29) -> 14.5 | AI37: =SUM('11CL-AC-A-PRASITOL.'!J29) -> 10.833333 | AL37: =SUM('11CL-AC-A-ED. FIS'!J29) -> 0 | AO37: =SUM('11CL-AC-A-AFH'!J29) -> 10 | AP37: N/TRANSITA | AQ37: =AVERAGE(H37:AO37) -> 8.7777778 | AR37: 18 | AS37: M
B38: 22 | C38: 2923 | D38: Helena Kalembela Miguel | H38: =SUM('11CL-AC-A-L PORT'!J30) -> 13 | K38: =SUM('11CL-AC-A-MAT'!J30) -> 15.666667 | N38: =SUM('11CL-AC-A-BIOL'!J30) -> 11 | Q38: =SUM('11CL-AC-A-INGLES'!J30) -> 14 | T38: =SUM('11CL-AC-A-QCA ORG.'!J30) -> 14.333333 | W38: =SUM('11CL-AC-A-MICROBIOL'!J30) -> 13.333333 | Z38: =SUM('11CL-AC-A-HEMAT I'!J30) -> 13 | AC38: =SUM('11CL-AC-A-IMUNOL.'!J30) -> 16.5 | AF38: =SUM('11CL-AC-A-URINOL.'!J30) -> 15.333333 | AI38: =SUM('11CL-AC-A-PRASITOL.'!J30) -> 11.666667 | AL38: =SUM('11CL-AC-A-ED. FIS'!J30) -> 11 | AO38: =SUM('11CL-AC-A-AFH'!J30) -> 6.5 | AP38: N/TRANSITA | AQ38: =AVERAGE(H38:AO38) -> 12.944444 | AR38: 16 | AS38: F
... B60: 44 | C60: 3628 | D60: Teresa Gertrudes Luzia Tati | H60: =SUM('11CL-AC-A-L PORT'!J52) -> 11.566667 | K60: =SUM('11CL-AC-A-MAT'!J52) -> 6.3333333 | N60: =SUM('11CL-AC-A-BIOL'!J52) -> 10 | Q60: =SUM('11CL-AC-A-INGLES'!J52) -> 13 | T60: =SUM('11CL-AC-A-QCA ORG.'!J52) -> 14 | W60: =SUM('11CL-AC-A-MICROBIOL'!J52) -> 12.833333 | Z60: =SUM('11CL-AC-A-HEMAT I'!J52) -> 9.8333333 | AC60: =SUM('11CL-AC-A-IMUNOL.'!J52) -> 15.333333 | AF60: =SUM('11CL-AC-A-URINOL.'!J52) -> 10.333333 | AI60: =SUM('11CL-AC-A-PRASITOL.'!J52) -> 8.5 | AL60: =SUM('11CL-AC-A-ED. FIS'!J52) -> 11 | AO60: =SUM('11CL-AC-A-AFH'!J52) -> 10 | AP60: N/TRANSITA | AQ60: =AVERAGE(H60:AO60) -> 11.061111 | AR60: 16 | AS60: F
B61: DATA DO CONSELHO DE TURMA______/______/2025
B64: A Directora de Turma | AA64: O Sibdirector Pedagógico
B65: _____________________________________
B66: RUTH DEMBI QUIFOCO ZEMBO | AA66: ALBERTO SASSA TATI

Sheet 2ºT-11ª-A-PAUTA
A1: INSTITUTO TÉCNICO PRIVADO DE SAÚDE JOMORAIS
B7: PAUTA DE APROVEITAMENTO ESCOLAR
C8: ÁREA DE FORMAÇÃO: SAÚDE
H9: 11ª CLASSE | M9: CURSO: ANÁLISES CLÍNICAS | AE9: PERÍODO: VESPERTINO
B10: O Director do Instituto | AE10: 2º TRIMESTRE | AL10: MF: | AM10: =SUM(AM12,AM11) -> 44
B11: ________________________________________ | H11: TURMA: | J11: A | AL11: M | AM11: =COUNTIF(AS17:AS60,"M") -> 11 | AP11: 46118
B12: GABRIEL PRÓSPERO MABIALA | AD12: ANO LECTIVO: 2025/2026 | AL12: F | AM12: =COUNTIF(AS17:AS60,"F") -> 33
B13: DATA______/______/2026
B14: Nº | C14: Nº PROC | D14: NOME | E14: DISCIPLINA A REPETIR | F14: L. Port. | I14: Mat. | L14: Biol. | O14: Inglês | R14: Qca Org. | U14: Microbiol. | X14: Hemat. | AA14: Imunol. | AD14: Urinol. | AG14: Parasitol. | AJ14: Ed. Física | AM14: A.F.H | AP14: OBS | AQ14: MÉDIA | AR14: Idade | AS14: Género | AT14: DADOS ESTATÍSTICOS
F15: FALTAS | H15: MT2º | I15: FALTAS | K15: MT2º | L15: FALTAS | N15: MT2º | O15: FALTAS | Q15: MT2º | R15: FALTAS | T15: MT2º | U15: FALTAS | W15: MT2º | X15: FALTAS | Z15: MT2º | AA15: FALTAS | AC15: MT2º | AD15: FALTAS | AF15: MT2º | AG15: FALTAS | AI15: MT2º | AJ15: FALTAS | AL15: MT2º | AM15: FALTAS | AO15: MT2º | AT15: MATRICULADOS | AV15: TRANSITA | AX15: N/TRANSITA | AZ15: Desistido/a
F16: J | G16: I | I16: J | J16: I | L16: J | M16: I | O16: J | P16: I | R16: J | S16: I | U16: J | V16: I | X16: J | Y16: I | AA16: J | AB16: I | AD16: J | AE16: I | AG16: J | AH16: I | AJ16: J | AK16: I | AM16: J | AN16: I | AT16: M | AU16: F | AV16: M | AW16: F | AX16: M | AY16: F | AZ16: M | BA16: F
B17: 1 | C17: 4121 | D17: Abrão Gomes | H17: =SUM('11CL-AC-A-L PORT'!Q9) -> 11 | K17: =SUM('11CL-AC-A-MAT'!Q9) -> 16.666667 | N17: =SUM('11CL-AC-A-BIOL'!Q9) -> 11.333333 | Q17: =SUM('11CL-AC-A-INGLES'!Q9) -> 13 | T17: =SUM('11CL-AC-A-QCA ORG.'!Q9) -> 10.666667 | W17: =SUM('11CL-AC-A-MICROBIOL'!Q9) -> 13.5 | Z17: =SUM('11CL-AC-A-HEMAT I'!Q9) -> 13.666667 | AC17: =SUM('11CL-AC-A-IMUNOL.'!Q9) -> 16.666667 | AF17: =SUM('11CL-AC-A-URINOL.'!Q9) -> 12.833333 | AI17: =SUM('11CL-AC-A-PRASITOL.'!Q9) -> 13.333333 | AL17: =SUM('11CL-AC-A-ED. FIS'!Q9) -> 15.333333 | AO17: =SUM('11CL-AC-A-AFH'!Q9) -> 13.666667 | AP17: TRANSITA | AQ17: =AVERAGE(H17:AO17) -> 13.472222 | AR17: 17 | AS17: M | AT17: =COUNTIF(AS17:AS60,"M") -> 11 | AU17: =COUNTIF(AS17:AS60,"F") -> 33 | AV17: =COUNTIFS(AP17:AP60,"Transita",AS17:AS60,"M") -> 5 | AW17: =COUNTIFS(AP17:AP60,"Transita",AS17:AS60,"F") -> 14 | AX17: =COUNTIFS(AP17:AP60,"N/Transita",AS17:AS60,"M") -> 6 | AY17: =COUNTIFS(AP17:AP60,"N/Transita",AS17:AS60,"F") -> 17 | AZ17: =COUNTIFS(AP17:AP60,"DESISTIDO",AS17:AS60,"M") -> 0 | BA17: =COUNTIFS(AP17:AP60,"DESISTIDA",AS17:AS60,"F") -> 2
B18: 2 | C18: 2862 | D18: Agostinho Mbaki Baza | H18: =SUM('11CL-AC-A-L PORT'!Q10) -> 15 | K18: =SUM('11CL-AC-A-MAT'!Q10) -> 19.666667 | N18: =SUM('11CL-AC-A-BIOL'!Q10) -> 14.333333 | Q18: =SUM('11CL-AC-A-INGLES'!Q10) -> 20 | T18: =SUM('11CL-AC-A-QCA ORG.'!Q10) -> 18 | W18: =SUM('11CL-AC-A-MICROBIOL'!Q10) -> 14 | Z18: =SUM('11CL-AC-A-HEMAT I'!Q10) -> 18.5 | AC18: =SUM('11CL-AC-A-IMUNOL.'!Q10) -> 18.666667 | AF18: =SUM('11CL-AC-A-URINOL.'!Q10) -> 16.166667 | AI18: =SUM('11CL-AC-A-PRASITOL.'!Q10) -> 18.333333 | AL18: =SUM('11CL-AC-A-ED. FIS'!Q10) -> 14 | AO18: =SUM('11CL-AC-A-AFH'!Q10) -> 12.666667 | AP18: TRANSITA | AQ18: =AVERAGE(H18:AO18) -> 16.611111 | AR18: 16 | AS18: M | AT18: =SUM(AT17:AU17) -> 44 | AV18: =SUM(AV16:AW17) -> 19 | AX18: =SUM(AX16:AY17) -> 23 | AZ18: =SUM(AZ16:BA17) -> 2
B19: 3 | C19: 3183 | D19: Albertina Vumbi Bazunga | H19: =SUM('11CL-AC-A-L PORT'!Q11) -> 11.333333 | K19: =SUM('11CL-AC-A-MAT'!Q11) -> 16.333333 | N19: =SUM('11CL-AC-A-BIOL'!Q11) -> 13.666667 | Q19: =SUM('11CL-AC-A-INGLES'!Q11) -> 17.333333 | T19: =SUM('11CL-AC-A-QCA ORG.'!Q11) -> 9.6666667 | W19: =SUM('11CL-AC-A-MICROBIOL'!Q11) -> 14.5 | Z19: =SUM('11CL-AC-A-HEMAT I'!Q11) -> 12.333333 | AC19: =SUM('11CL-AC-A-IMUNOL.'!Q11) -> 13.833333 | AF19: =SUM('11CL-AC-A-URINOL.'!Q11) -> 11.333333 | AI19: =SUM('11CL-AC-A-PRASITOL.'!Q11) -> 14.833333 | AL19: =SUM('11CL-AC-A-ED. FIS'!Q11) -> 8.6666667 | AO19: =SUM('11CL-AC-A-AFH'!Q11) -> 11 | AP19: N/TRANSITA | AQ19: =AVERAGE(H19:AO19) -> 12.902778 | AR19: 17 | AS19: F
B20: 4 | C20: 2921 | D20: Alberto Mambo Simba | H20: =SUM('11CL-AC-A-L PORT'!Q12) -> 15.166667 | K20: =SUM('11CL-AC-A-MAT'!Q12) -> 19.666667 | N20: =SUM('11CL-AC-A-BIOL'!Q12) -> 15.333333 | Q20: =SUM('11CL-AC-A-INGLES'!Q12) -> 17.666667 | T20: =SUM('11CL-AC-A-QCA ORG.'!Q12) -> 13.666667 | W20: =SUM('11CL-AC-A-MICROBIOL'!Q12) -> 14.166667 | Z20: =SUM('11CL-AC-A-HEMAT I'!Q12) -> 16.333333 | AC20: =SUM('11CL-AC-A-IMUNOL.'!Q12) -> 16 | AF20: =SUM('11CL-AC-A-URINOL.'!Q12) -> 12.666667 | AI20: =SUM('11CL-AC-A-PRASITOL.'!Q12) -> 17.166667 | AL20: =SUM('11CL-AC-A-ED. FIS'!Q12) -> 15 | AO20: =SUM('11CL-AC-A-AFH'!Q12) -> 16.333333 | AP20: TRANSITA | AQ20: =AVERAGE(H20:AO20) -> 15.763889 | AR20: 17 | AS20: M
B21: 5 | C21: 3551 | D21: Alda Catarina Mamata Balou | H21: =SUM('11CL-AC-A-L PORT'!Q13) -> 12 | K21: =SUM('11CL-AC-A-MAT'!Q13) -> 8.6666667 | N21: =SUM('11CL-AC-A-BIOL'!Q13) -> 10.333333 | Q21: =SUM('11CL-AC-A-INGLES'!Q13) -> 16.333333 | T21: =SUM('11CL-AC-A-QCA ORG.'!Q13) -> 10.666667 | W21: =SUM('11CL-AC-A-MICROBIOL'!Q13) -> 12.666667 | Z21: =SUM('11CL-AC-A-HEMAT I'!Q13) -> 12.833333 | AC21: =SUM('11CL-AC-A-IMUNOL.'!Q13) -> 13.333333 | AF21: =SUM('11CL-AC-A-URINOL.'!Q13) -> 10 | AI21: =SUM('11CL-AC-A-PRASITOL.'!Q13) -> 16.833333 | AL21: =SUM('11CL-AC-A-ED. FIS'!Q13) -> 10 | AO21: =SUM('11CL-AC-A-AFH'!Q13) -> 11 | AP21: N/TRANSITA | AQ21: =AVERAGE(H21:AO21) -> 12.055556 | AR21: 16 | AS21: F
B22: 6 | C22: 3070 | D22: Alice Bitumba Mavungo | H22: =SUM('11CL-AC-A-L PORT'!Q14) -> 10.333333 | K22: =SUM('11CL-AC-A-MAT'!Q14) -> 13.666667 | N22: =SUM('11CL-AC-A-BIOL'!Q14) -> 11 | Q22: =SUM('11CL-AC-A-INGLES'!Q14) -> 16.666667 | T22: =SUM('11CL-AC-A-QCA ORG.'!Q14) -> 9.3333333 | W22: =SUM('11CL-AC-A-MICROBIOL'!Q14) -> 13.666667 | Z22: =SUM('11CL-AC-A-HEMAT I'!Q14) -> 11.833333 | AC22: =SUM('11CL-AC-A-IMUNOL.'!Q14) -> 16.333333 | AF22: =SUM('11CL-AC-A-URINOL.'!Q14) -> 12.166667 | AI22: =SUM('11CL-AC-A-PRASITOL.'!Q14) -> 15.833333 | AL22: =SUM('11CL-AC-A-ED. FIS'!Q14) -> 15 | AO22: =SUM('11CL-AC-A-AFH'!Q14) -> 10.333333 | AP22: N/TRANSITA | AQ22: =AVERAGE(H22:AO22) -> 13.013889 | AR22: 17 | AS22: F
B23: 7 | C23: 2939 | D23: Amélia Chibamba Chiama | H23: =SUM('11CL-AC-A-L PORT'!Q15) -> 10.5 | K23: =SUM('11CL-AC-A-MAT'!Q15) -> 13.666667 | N23: =SUM('11CL-AC-A-BIOL'!Q15) -> 14.666667 | Q23: =SUM('11CL-AC-A-INGLES'!Q15) -> 18.666667 | T23: =SUM('11CL-AC-A-QCA ORG.'!Q15) -> 16.666667 | W23: =SUM('11CL-AC-A-MICROBIOL'!Q15) -> 14.166667 | Z23: =SUM('11CL-AC-A-HEMAT I'!Q15) -> 13.333333 | AC23: =SUM('11CL-AC-A-IMUNOL.'!Q15) -> 12.666667 | AF23: =SUM('11CL-AC-A-URINOL.'!Q15) -> 12.166667 | AI23: =SUM('11CL-AC-A-PRASITOL.'!Q15) -> 17 | AL23: =SUM('11CL-AC-A-ED. FIS'!Q15) -> 16.333333 | AO23: =SUM('11CL-AC-A-AFH'!Q15) -> 12 | AP23: TRANSITA | AQ23: =AVERAGE(H23:AO23) -> 14.319444 | AR23: 14 | AS23: F | AU23: MÁXIMA | AV23: =MAX(AQ17:AQ60) -> 16.958333
B24: 8 | C24: 2833 | D24: Ana De Jesus Custódio Sambo | H24: =SUM('11CL-AC-A-L PORT'!Q16) -> 11.833333 | K24: =SUM('11CL-AC-A-MAT'!Q16) -> 13 | N24: =SUM('11CL-AC-A-BIOL'!Q16) -> 12 | Q24: =SUM('11CL-AC-A-INGLES'!Q16) -> 16 | T24: =SUM('11CL-AC-A-QCA ORG.'!Q16) -> 11.333333 | W24: =SUM('11CL-AC-A-MICROBIOL'!Q16) -> 11 | Z24: =SUM('11CL-AC-A-HEMAT I'!Q16) -> 14.166667 | AC24: =SUM('11CL-AC-A-IMUNOL.'!Q16) -> 15.333333 | AF24: =SUM('11CL-AC-A-URINOL.'!Q16) -> 11.166667 | AI24: =SUM('11CL-AC-A-PRASITOL.'!Q16) -> 16.333333 | AL24: =SUM('11CL-AC-A-ED. FIS'!Q16) -> 14 | AO24: =SUM('11CL-AC-A-AFH'!Q16) -> 10 | AP24: TRANSITA | AQ24: =AVERAGE(H24:AO24) -> 13.013889 | AR24: 16 | AS24: F
B25: 9 | C25: 3750 | D25: Ana Soca Deca Luba | H25: =SUM('11CL-AC-A-L PORT'!Q17) -> 9 | K25: =SUM('11CL-AC-A-MAT'!Q17) -> 10.666667 | N25: =SUM('11CL-AC-A-BIOL'!Q17) -> 9.3333333 | Q25: =SUM('11CL-AC-A-INGLES'!Q17) -> 13 | T25: =SUM('11CL-AC-A-QCA ORG.'!Q17) -> 6.6666667 | W25: =SUM('11CL-AC-A-MICROBIOL'!Q17) -> 10.166667 | Z25: =SUM('11CL-AC-A-HEMAT I'!Q17) -> 9.8333333 | AC25: =SUM('11CL-AC-A-IMUNOL.'!Q17) -> 10.833333 | AF25: =SUM('11CL-AC-A-URINOL.'!Q17) -> 10.666667 | AI25: =SUM('11CL-AC-A-PRASITOL.'!Q17) -> 16.333333 | AL25: =SUM('11CL-AC-A-ED. FIS'!Q17) -> 14 | AO25: =SUM('11CL-AC-A-AFH'!Q17) -> 9.3333333 | AP25: N/TRANSITA | AQ25: =AVERAGE(H25:AO25) -> 10.819444 | AR25: 17 | AS25: F | AU25: NOME DO/A ALUNO/A | AX25: Joana Bundo Fernandes
B26: 10 | C26: 3013 | D26: Angelina Buanga Poba | H26: =SUM('11CL-AC-A-L PORT'!Q18) -> 11.333333 | K26: =SUM('11CL-AC-A-MAT'!Q18) -> 14.666667 | N26: =SUM('11CL-AC-A-BIOL'!Q18) -> 13 | Q26: =SUM('11CL-AC-A-INGLES'!Q18) -> 13.333333 | T26: =SUM('11CL-AC-A-QCA ORG.'!Q18) -> 10 | W26: =SUM('11CL-AC-A-MICROBIOL'!Q18) -> 12.333333 | Z26: =SUM('11CL-AC-A-HEMAT I'!Q18) -> 10.833333 | AC26: =SUM('11CL-AC-A-IMUNOL.'!Q18) -> 11.333333 | AF26: =SUM('11CL-AC-A-URINOL.'!Q18) -> 11.666667 | AI26: =SUM('11CL-AC-A-PRASITOL.'!Q18) -> 16.5 | AL26: =SUM('11CL-AC-A-ED. FIS'!Q18) -> 7 | AO26: =SUM('11CL-AC-A-AFH'!Q18) -> 10 | AP26: N/TRANSITA | AQ26: =AVERAGE(H26:AO26) -> 11.833333 | AR26: 16 | AS26: M | AU26: IDADE: | AV26: 16
B27: 11 | C27: 3036 | D27: Antoaneta Menga Futi Gime | H27: =SUM('11CL-AC-A-L PORT'!Q19) -> 12.5 | K27: =SUM('11CL-AC-A-MAT'!Q19) -> 17.333333 | N27: =SUM('11CL-AC-A-BIOL'!Q19) -> 16 | Q27: =SUM('11CL-AC-A-INGLES'!Q19) -> 18.333333 | T27: =SUM('11CL-AC-A-QCA ORG.'!Q19) -> 13.333333 | W27: =SUM('11CL-AC-A-MICROBIOL'!Q19) -> 12.666667 | Z27: =SUM('11CL-AC-A-HEMAT I'!Q19) -> 14.333333 | AC27: =SUM('11CL-AC-A-IMUNOL.'!Q19) -> 18.333333 | AF27: =SUM('11CL-AC-A-URINOL.'!Q19) -> 10.333333 | AI27: =SUM('11CL-AC-A-PRASITOL.'!Q19) -> 15.833333 | AL27: =SUM('11CL-AC-A-ED. FIS'!Q19) -> 16 | AO27: =SUM('11CL-AC-A-AFH'!Q19) -> 12 | AP27: TRANSITA | AQ27: =AVERAGE(H27:AO27) -> 14.75 | AR27: 17 | AS27: F
B28: 12 | C28: 4217 | D28: Arinalda De Canatividade Prata Bungo | H28: =SUM('11CL-AC-A-L PORT'!Q20) -> 13.166667 | K28: =SUM('11CL-AC-A-MAT'!Q20) -> 19.333333 | N28: =SUM('11CL-AC-A-BIOL'!Q20) -> 13 | Q28: =SUM('11CL-AC-A-INGLES'!Q20) -> 14.666667 | T28: =SUM('11CL-AC-A-QCA ORG.'!Q20) -> 14.333333 | W28: =SUM('11CL-AC-A-MICROBIOL'!Q20) -> 14.5 | Z28: =SUM('11CL-AC-A-HEMAT I'!Q20) -> 13.5 | AC28: =SUM('11CL-AC-A-IMUNOL.'!Q20) -> 16.833333 | AF28: =SUM('11CL-AC-A-URINOL.'!Q20) -> 12 | AI28: =SUM('11CL-AC-A-PRASITOL.'!Q20) -> 16.5 | AL28: =SUM('11CL-AC-A-ED. FIS'!Q20) -> 14 | AO28: =SUM('11CL-AC-A-AFH'!Q20) -> 15.666667 | AP28: TRANSITA | AQ28: =AVERAGE(H28:AO28) -> 14.791667 | AR28: 17 | AS28: F
B29: 13 | C29: 3063 | D29: Basílio Araújo Simba Mabiala | H29: =SUM('11CL-AC-A-L PORT'!Q21) -> 14.5 | K29: =SUM('11CL-AC-A-MAT'!Q21) -> 19.333333 | N29: =SUM('11CL-AC-A-BIOL'!Q21) -> 0 | Q29: =SUM('11CL-AC-A-INGLES'!Q21) -> 18 | T29: =SUM('11CL-AC-A-QCA ORG.'!Q21) -> 17 | W29: =SUM('11CL-AC-A-MICROBIOL'!Q21) -> 13.666667 | Z29: =SUM('11CL-AC-A-HEMAT I'!Q21) -> 11 | AC29: =SUM('11CL-AC-A-IMUNOL.'!Q21) -> 18.333333 | AF29: =SUM('11CL-AC-A-URINOL.'!Q21) -> 12.166667 | AI29: =SUM('11CL-AC-A-PRASITOL.'!Q21) -> 17.166667 | AL29: =SUM('11CL-AC-A-ED. FIS'!Q21) -> 16 | AO29: =SUM('11CL-AC-A-AFH'!Q21) -> 12.666667 | AP29: N/TRANSITA | AQ29: =AVERAGE(H29:AO29) -> 14.152778 | AR29: 17 | AS29: M
B30: 14 | C30: 3606 | D30: Carlota Mbungo Conde | H30: =SUM('11CL-AC-A-L PORT'!Q22) -> 8.8333333 | K30: =SUM('11CL-AC-A-MAT'!Q22) -> 12 | N30: =SUM('11CL-AC-A-BIOL'!Q22) -> 10 | Q30: =SUM('11CL-AC-A-INGLES'!Q22) -> 16.666667 | T30: =SUM('11CL-AC-A-QCA ORG.'!Q22) -> 8 | W30: =SUM('11CL-AC-A-MICROBIOL'!Q22) -> 12.833333 | Z30: =SUM('11CL-AC-A-HEMAT I'!Q22) -> 11.166667 | AC30: =SUM('11CL-AC-A-IMUNOL.'!Q22) -> 8.3333333 | AF30: =SUM('11CL-AC-A-URINOL.'!Q22) -> 10 | AI30: =SUM('11CL-AC-A-PRASITOL.'!Q22) -> 13 | AL30: =SUM('11CL-AC-A-ED. FIS'!Q22) -> 15 | AO30: =SUM('11CL-AC-A-AFH'!Q22) -> 10 | AP30: N/TRANSITA | AQ30: =AVERAGE(H30:AO30) -> 11.319444 | AR30: 17 | AS30: F
B31: 15 | C31: 2798 | D31: Catarina Luemba Makuama | H31: =SUM('11CL-AC-A-L PORT'!Q23) -> 8.6666667 | K31: =SUM('11CL-AC-A-MAT'!Q23) -> 14 | N31: =SUM('11CL-AC-A-BIOL'!Q23) -> 11 | Q31: =SUM('11CL-AC-A-INGLES'!Q23) -> 15.666667 | T31: =SUM('11CL-AC-A-QCA ORG.'!Q23) -> 6.6666667 | W31: =SUM('11CL-AC-A-MICROBIOL'!Q23) -> 11.833333 | Z31: =SUM('11CL-AC-A-HEMAT I'!Q23) -> 10.5 | AC31: =SUM('11CL-AC-A-IMUNOL.'!Q23) -> 11 | AF31: =SUM('11CL-AC-A-URINOL.'!Q23) -> 8 | AI31: =SUM('11CL-AC-A-PRASITOL.'!Q23) -> 13.833333 | AL31: =SUM('11CL-AC-A-ED. FIS'!Q23) -> 15 | AO31: =SUM('11CL-AC-A-AFH'!Q23) -> 9.3333333 | AP31: N/TRANSITA | AQ31: =AVERAGE(H31:AO31) -> 11.291667 | AR31: 17 | AS31: M
B32: 16 | C32: 4210 | D32: Cristina Conde Sassi | H32: =SUM('11CL-AC-A-L PORT'!Q24) -> 8.1666667 | K32: =SUM('11CL-AC-A-MAT'!Q24) -> 14.666667 | N32: =SUM('11CL-AC-A-BIOL'!Q24) -> 12.333333 | Q32: =SUM('11CL-AC-A-INGLES'!Q24) -> 16.333333 | T32: =SUM('11CL-AC-A-QCA ORG.'!Q24) -> 8.6666667 | W32: =SUM('11CL-AC-A-MICROBIOL'!Q24) -> 12.666667 | Z32: =SUM('11CL-AC-A-HEMAT I'!Q24) -> 11 | AC32: =SUM('11CL-AC-A-IMUNOL.'!Q24) -> 11.5 | AF32: =SUM('11CL-AC-A-URINOL.'!Q24) -> 12.666667 | AI32: =SUM('11CL-AC-A-PRASITOL.'!Q24) -> 15.166667 | AL32: =SUM('11CL-AC-A-ED. FIS'!Q24) -> 7.6666667 | AO32: =SUM('11CL-AC-A-AFH'!Q24) -> 11 | AP32: N/TRANSITA | AQ32: =AVERAGE(H32:AO32) -> 11.819444 | AR32: 14 | AS32: F
B33: 17 | C33: 3422 | D33: Dorcas Milando Dembi | H33: =SUM('11CL-AC-A-L PORT'!Q25) -> 12.666667 | K33: =SUM('11CL-AC-A-MAT'!Q25) -> 14 | N33: =SUM('11CL-AC-A-BIOL'!Q25) -> 13 | Q33: =SUM('11CL-AC-A-INGLES'!Q25) -> 14.333333 | T33: =SUM('11CL-AC-A-QCA ORG.'!Q25) -> 16.666667 | W33: =SUM('11CL-AC-A-MICROBIOL'!Q25) -> 11.833333 | Z33: =SUM('11CL-AC-A-HEMAT I'!Q25) -> 13.166667 | AC33: =SUM('11CL-AC-A-IMUNOL.'!Q25) -> 10.666667 | AF33: =SUM('11CL-AC-A-URINOL.'!Q25) -> 14.666667 | AI33: =SUM('11CL-AC-A-PRASITOL.'!Q25) -> 16.166667 | AL33: =SUM('11CL-AC-A-ED. FIS'!Q25) -> 15 | AO33: =SUM('11CL-AC-A-AFH'!Q25) -> 12.333333 | AP33: TRANSITA | AQ33: =AVERAGE(H33:AO33) -> 13.708333 | AR33: 17 | AS33: F
B34: 18 | C34: 3300 | D34: Elisa Zuzi Bumba Da Silva | H34: =SUM('11CL-AC-A-L PORT'!Q26) -> 12.666667 | K34: =SUM('11CL-AC-A-MAT'!Q26) -> 14.333333 | N34: =SUM('11CL-AC-A-BIOL'!Q26) -> 13.666667 | Q34: =SUM('11CL-AC-A-INGLES'!Q26) -> 17 | T34: =SUM('11CL-AC-A-QCA ORG.'!Q26) -> 10 | W34: =SUM('11CL-AC-A-MICROBIOL'!Q26) -> 13 | Z34: =SUM('11CL-AC-A-HEMAT I'!Q26) -> 11 | AC34: =SUM('11CL-AC-A-IMUNOL.'!Q26) -> 15.166667 | AF34: =SUM('11CL-AC-A-URINOL.'!Q26) -> 12.833333 | AI34: =SUM('11CL-AC-A-PRASITOL.'!Q26) -> 16.666667 | AL34: =SUM('11CL-AC-A-ED. FIS'!Q26) -> 15 | AO34: =SUM('11CL-AC-A-AFH'!Q26) -> 11 | AP34: TRANSITA | AQ34: =AVERAGE(H34:AO34) -> 13.527778 | AR34: 17 | AS34: F
B35: 19 | C35: 2224 | D35: Felicidade Muanda Bititi | H35: =SUM('11CL-AC-A-L PORT'!Q27) -> 0 | K35: =SUM('11CL-AC-A-MAT'!Q27) -> 0 | N35: =SUM('11CL-AC-A-BIOL'!Q27) -> 0 | Q35: =SUM('11CL-AC-A-INGLES'!Q27) -> 0 | T35: =SUM('11CL-AC-A-QCA ORG.'!Q27) -> 0 | W35: =SUM('11CL-AC-A-MICROBIOL'!Q27) -> 0 | Z35: =SUM('11CL-AC-A-HEMAT I'!Q27) -> 0 | AC35: =SUM('11CL-AC-A-IMUNOL.'!Q27) -> 0 | AF35: =SUM('11CL-AC-A-URINOL.'!Q27) -> 0 | AI35: =SUM('11CL-AC-A-PRASITOL.'!Q27) -> 0 | AL35: =SUM('11CL-AC-A-ED. FIS'!Q27) -> 0 | AO35: =SUM('11CL-AC-A-AFH'!Q27) -> 10 | AP35: DESISTIDA | AQ35: =AVERAGE(H35:AO35) -> 0.83333333 | AR35: 17 | AS35: F
B36: 20 | C36: 4097 | D36: Fernanda Pedro Tavares | H36: =SUM('11CL-AC-A-L PORT'!Q28) -> 0 | K36: =SUM('11CL-AC-A-MAT'!Q28) -> 0 | N36: =SUM('11CL-AC-A-BIOL'!Q28) -> 0 | Q36: =SUM('11CL-AC-A-INGLES'!Q28) -> 0 | T36: =SUM('11CL-AC-A-QCA ORG.'!Q28) -> 0 | W36: =SUM('11CL-AC-A-MICROBIOL'!Q28) -> 0 | Z36: =SUM('11CL-AC-A-HEMAT I'!Q28) -> 0 | AC36: =SUM('11CL-AC-A-IMUNOL.'!Q28) -> 0 | AF36: =SUM('11CL-AC-A-URINOL.'!Q28) -> 0 | AI36: =SUM('11CL-AC-A-PRASITOL.'!Q28) -> 0 | AL36: =SUM('11CL-AC-A-ED. FIS'!Q28) -> 14 | AO36: =SUM('11CL-AC-A-AFH'!Q28) -> 0 | AP36: DESISTIDA | AQ36: =AVERAGE(H36:AO36) -> 1.1666667 | AR36: 17 | AS36: F
B37: 21 | C37: 2806 | D37: Gertrudes Buanga Zuzi | H37: =SUM('11CL-AC-A-L PORT'!Q29) -> 9 | K37: =SUM('11CL-AC-A-MAT'!Q29) -> 16.666667 | N37: =SUM('11CL-AC-A-BIOL'!Q29) -> 8.3333333 | Q37: =SUM('11CL-AC-A-INGLES'!Q29) -> 9 | T37: =SUM('11CL-AC-A-QCA ORG.'!Q29) -> 6.6666667 | W37: =SUM('11CL-AC-A-MICROBIOL'!Q29) -> 11.166667 | Z37: =SUM('11CL-AC-A-HEMAT I'!Q29) -> 5.8333333 | AC37: =SUM('11CL-AC-A-IMUNOL.'!Q29) -> 12.166667 | AF37: =SUM('11CL-AC-A-URINOL.'!Q29) -> 9.5 | AI37: =SUM('11CL-AC-A-PRASITOL.'!Q29) -> 12.5 | AL37: =SUM('11CL-AC-A-ED. FIS'!Q29) -> 8.3333333 | AO37: =SUM('11CL-AC-A-AFH'!Q29) -> 4.5 | AP37: N/TRANSITA | AQ37: =AVERAGE(H37:AO37) -> 9.4722222 | AR37: 18 | AS37: M
B38: 22 | C38: 2923 | D38: Helena Kalembela Miguel | H38: =SUM('11CL-AC-A-L PORT'!Q30) -> 10.166667 | K38: =SUM('11CL-AC-A-MAT'!Q30) -> 18 | N38: =SUM('11CL-AC-A-BIOL'!Q30) -> 12.333333 | Q38: =SUM('11CL-AC-A-INGLES'!Q30) -> 16.666667 | T38: =SUM('11CL-AC-A-QCA ORG.'!Q30) -> 11.333333 | W38: =SUM('11CL-AC-A-MICROBIOL'!Q30) -> 14.166667 | Z38: =SUM('11CL-AC-A-HEMAT I'!Q30) -> 12.666667 | AC38: =SUM('11CL-AC-A-IMUNOL.'!Q30) -> 16.833333 | AF38: =SUM('11CL-AC-A-URINOL.'!Q30) -> 14 | AI38: =SUM('11CL-AC-A-PRASITOL.'!Q30) -> 15.166667 | AL38: =SUM('11CL-AC-A-ED. FIS'!Q30) -> 15 | AO38: =SUM('11CL-AC-A-AFH'!Q30) -> 10 | AP38: TRANSITA | AQ38: =AVERAGE(H38:AO38) -> 13.861111 | AR38: 16 | AS38: F
... B60: 44 | C60: 3628 | D60: Teresa Gertrudes Luzia Tati | H60: =SUM('11CL-AC-A-L PORT'!Q52) -> 11 | K60: =SUM('11CL-AC-A-MAT'!Q52) -> 13.333333 | N60: =SUM('11CL-AC-A-BIOL'!Q52) -> 11 | Q60: =SUM('11CL-AC-A-INGLES'!Q52) -> 15.333333 | T60: =SUM('11CL-AC-A-QCA ORG.'!Q52) -> 15.333333 | W60: =SUM('11CL-AC-A-MICROBIOL'!Q52) -> 12 | Z60: =SUM('11CL-AC-A-HEMAT I'!Q52) -> 12.833333 | AC60: =SUM('11CL-AC-A-IMUNOL.'!Q52) -> 9.6666667 | AF60: =SUM('11CL-AC-A-URINOL.'!Q52) -> 14.5 | AI60: =SUM('11CL-AC-A-PRASITOL.'!Q52) -> 16.333333 | AL60: =SUM('11CL-AC-A-ED. FIS'!Q52) -> 14 | AO60: =SUM('11CL-AC-A-AFH'!Q52) -> 10.333333 | AP60: N/TRANSITA | AQ60: =AVERAGE(H60:AO60) -> 12.972222 | AR60: 16 | AS60: F
B61: DATA DO CONSELHO DE TURMA______/______/2026
B64: A Directora de Turma | AA64: O Sibdirector Pedagógico
B65: _____________________________________
B66: RUTH DEMBI QUIFOCO ZEMBO | AA66: ALBERTO SASSA TATI

Sheet 11CL-AC-A-L PORT
A1: INSTITUTO TÉCNICO PRIVADO DE SAÚDE JOMORAIS
I3: DATA: 12/12/2025
B4: Classe: 11ª | I4: Disciplina: Língua Portuguesa | V4: Ano Lectivo:2025/2026
B5: Período: Vespertino | E5: Turma: A | V5: Curso: ANÁLISES CLÍNICAS
B6: MINI-PAUTA - TÉCNICO DE SAÚDE
B7: Nº | C7: Nome do (a) Aluno (a) | D7: FALTAS | E7: Avaliações/I Trimestre | K7: OBS | L7: Avaliações/II Trimestre | R7: OBS | S7: Avaliações/IIITrimestre | Y7: MFD | Z7: OBS | AA7: M | AB7: F | AC7: TRANSITA | AD7: N/TRANSITA | AE7: E.E.F
D8: J/I | E8: MAC | F8: NPP | G8: NPR1 | H8: NPT | I8: NPR2 | J8: MT1 | L8: MAC | M8: NPP | N8: NPR1 | O8: NPT | P8: NPR2 | Q8: MT2 | S8: MAC | T8: NPP | U8: NPR1 | V8: NPT | W8: NPR2 | X8: MT3 | AA8: =COUNTIF(Z9:Z58,"M") -> 0 | AB8: =COUNTIF(Z9:Z58,"F") -> 0 | AC8: =COUNTIF(Z9:Z58,"TRANSITA") -> 1 | AD8: =COUNTIF(Z9:Z58,"N/TRANSITA") -> 43 | AE8: =COUNTIF(Z9:Z58,"E.E.F") -> 0
B9: 1 | C9: Abrão Gomes | E9: 12 | F9: 13 | H9: 15 | J9: =AVERAGE(E9,MAX(F9:G9),MAX(H9:I9)) -> 13.333333 | K9: =IF(J9>=10,"TRANSITA","N/TRANSITA") -> TRANSITA | L9: 13 | M9: 12 | O9: 8 | Q9: =AVERAGE(L9,MAX(M9:N9),MAX(O9:P9)) -> 11 | R9: =IF(Q9>=10,"TRANSITA","N/TRANSITA") -> TRANSITA | X9: =AVERAGE(S9,MAX(T9:U9),MAX(V9:W9)) -> 0 | Y9: =SUM(J9,Q9,X9)/3 -> 8.1111111 | Z9: =IF(Y9>=10,"TRANSITA","N/TRANSITA") -> N/TRANSITA
B10: 2 | C10: Agostinho Mbaki Baza | E10: 14 | F10: 17 | H10: 14.5 | J10: =AVERAGE(E10,MAX(F10:G10),MAX(H10:I10)) -> 15.166667 | K10: =IF(J10>=10,"TRANSITA","N/TRANSITA") -> TRANSITA | L10: 14 | M10: 18 | O10: 13 | Q10: =AVERAGE(L10,MAX(M10:N10),MAX(O10:P10)) -> 15 | R10: =IF(Q10>=10,"TRANSITA","N/TRANSITA") -> TRANSITA | X10: =AVERAGE(S10,MAX(T10:U10),MAX(V10:W10)) -> 0 | Y10: =SUM(J10,Q10,X10)/3 -> 10.055556 | Z10: =IF(Y10>=10,"TRANSITA","N/TRANSITA") -> TRANSITA | AA10: =SUM(AA8:AB9) -> 0
B11: 3 | C11: Albertina Vumbi Bazunga | E11: 10 | F11: 13 | H11: 6 | J11: =AVERAGE(E11,MAX(F11:G11),MAX(H11:I11)) -> 9.6666667 | K11: =IF(J11>=10,"TRANSITA","N/TRANSITA") -> N/TRANSITA | L11: 13 | M11: 12.5 | O11: 8.5 | Q11: =AVERAGE(L11,MAX(M11:N11),MAX(O11:P11)) -> 11.333333 | R11: =IF(Q11>=10,"TRANSITA","N/TRANSITA") -> TRANSITA | X11: =AVERAGE(S11,MAX(T11:U11),MAX(V11:W11)) -> 0 | Y11: =SUM(J11,Q11,X11)/3 -> 7 | Z11: =IF(Y11>=10,"TRANSITA","N/TRANSITA") -> N/TRANSITA
B12: 4 | C12: Alberto Mambo Simba | E12: 15 | F12: 14 | H12: 13 | J12: =AVERAGE(E12,MAX(F12:G12),MAX(H12:I12)) -> 14 | K12: =IF(J12>=10,"TRANSITA","N/TRANSITA") -> TRANSITA | L12: 15 | M12: 17.5 | O12: 13 | Q12: =AVERAGE(L12,MAX(M12:N12),MAX(O12:P12)) -> 15.166667 | R12: =IF(Q12>=10,"TRANSITA","N/TRANSITA") -> TRANSITA | X12: =AVERAGE(S12,MAX(T12:U12),MAX(V12:W12)) -> 0 | Y12: =SUM(J12,Q12,X12)/3 -> 9.7222222 | Z12: =IF(Y12>=10,"TRANSITA","N/TRANSITA") -> N/TRANSITA
B13: 5 | C13: Alda Catarina Mamata Balou | E13: 12 | F13: 13 | H13: 12 | J13: =AVERAGE(E13,MAX(F13:G13),MAX(H13:I13)) -> 12.333333 | K13: =IF(J13>=10,"TRANSITA","N/TRANSITA") -> TRANSITA | L13: 12 | M13: 14.5 | O13: 9.5 | Q13: =AVERAGE(L13,MAX(M13:N13),MAX(O13:P13)) -> 12 | R13: =IF(Q13>=10,"TRANSITA","N/TRANSITA") -> TRANSITA | X13: =AVERAGE(S13,MAX(T13:U13),MAX(V13:W13)) -> 0 | Y13: =SUM(J13,Q13,X13)/3 -> 8.1111111 | Z13: =IF(Y13>=10,"TRANSITA","N/TRANSITA") -> N/TRANSITA
B14: 6 | C14: Alice Bitumba Mavungo | E14: 10 | F14: 6 | H14: 13.5 | J14: =AVERAGE(E14,MAX(F14:G14),MAX(H14:I14)) -> 9.8333333 | K14: =IF(J14>=10,"TRANSITA","N/TRANSITA") -> N/TRANSITA | L14: 11 | M14: 10 | O14: 10 | Q14: =AVERAGE(L14,MAX(M14:N14),MAX(O14:P14)) -> 10.333333 | R14: =IF(Q14>=10,"TRANSITA","N/TRANSITA") -> TRANSITA | X14: =AVERAGE(S14,MAX(T14:U14),MAX(V14:W14)) -> 0 | Y14: =SUM(J14,Q14,X14)/3 -> 6.7222222 | Z14: =IF(Y14>=10,"TRANSITA","N/TRANSITA") -> N/TRANSITA
B15: 7 | C15: Amélia Chibamba Chiama | E15: 10 | F15: 10 | H15: 12.5 | J15: =AVERAGE(E15,MAX(F15:G15),MAX(H15:I15)) -> 10.833333 | K15: =IF(J15>=10,"TRANSITA","N/TRANSITA") -> TRANSITA | L15: 11 | M15: 11 | O15: 9.5 | Q15: =AVERAGE(L15,MAX(M15:N15),MAX(O15:P15)) -> 10.5 | R15: =IF(Q15>=10,"TRANSITA","N/TRANSITA") -> TRANSITA | X15: =AVERAGE(S15,MAX(T15:U15),MAX(V15:W15)) -> 0 | Y15: =SUM(J15,Q15,X15)/3 -> 7.1111111 | Z15: =IF(Y15>=10,"TRANSITA","N/TRANSITA") -> N/TRANSITA
B16: 8 | C16: Ana De Jesus Custódio Sambo | E16: 12 | F16: 14 | H16: 13.5 | J16: =AVERAGE(E16,MAX(F16:G16),MAX(H16:I16)) -> 13.166667 | K16: =IF(J16>=10,"TRANSITA","N/TRANSITA") -> TRANSITA | L16: 13 | M16: 11.5 | O16: 11 | Q16: =AVERAGE(L16,MAX(M16:N16),MAX(O16:P16)) -> 11.833333 | R16: =IF(Q16>=10,"TRANSITA","N/TRANSITA") -> TRANSITA | X16: =AVERAGE(S16,MAX(T16:U16),MAX(V16:W16)) -> 0 | Y16: =SUM(J16,Q16,X16)/3 -> 8.3333333 | Z16: =IF(Y16>=10,"TRANSITA","N/TRANSITA") -> N/TRANSITA
B17: 9 | C17: Ana Soca Deca Luba | E17: 10 | F17: 11 | H17: 10.5 | J17: =AVERAGE(E17,MAX(F17:G17),MAX(H17:I17)) -> 10.5 | K17: =IF(J17>=10,"TRANSITA","N/TRANSITA") -> TRANSITA | L17: 10 | M17: 9.5 | O17: 7.5 | Q17: =AVERAGE(L17,MAX(M17:N17),MAX(O17:P17)) -> 9 | R17: =IF(Q17>=10,"TRANSITA","N/TRANSITA") -> N/TRANSITA | X17: =AVERAGE(S17,MAX(T17:U17),MAX(V17:W17)) -> 0 | Y17: =SUM(J17,Q17,X17)/3 -> 6.5 | Z17: =IF(Y17>=10,"TRANSITA","N/TRANSITA") -> N/TRANSITA
B18: 10 | C18: Angelina Buanga Poba | E18: 11 | F18: 13 | H18: 13 | J18: =AVERAGE(E18,MAX(F18:G18),MAX(H18:I18)) -> 12.333333 | K18: =IF(J18>=10,"TRANSITA","N/TRANSITA") -> TRANSITA | L18: 12 | M18: 13 | O18: 9 | Q18: =AVERAGE(L18,MAX(M18:N18),MAX(O18:P18)) -> 11.333333 | R18: =IF(Q18>=10,"TRANSITA","N/TRANSITA") -> TRANSITA | X18: =AVERAGE(S18,MAX(T18:U18),MAX(V18:W18)) -> 0 | Y18: =SUM(J18,Q18,X18)/3 -> 7.8888889 | Z18: =IF(Y18>=10,"TRANSITA","N/TRANSITA") -> N/TRANSITA
B19: 11 | C19: Antoaneta Menga Futi Gime | E19: 11 | F19: 12 | H19: 14 | J19: =AVERAGE(E19,MAX(F19:G19),MAX(H19:I19)) -> 12.333333 | K19: =IF(J19>=10,"TRANSITA","N/TRANSITA") -> TRANSITA | L19: 13 | M19: 15 | O19: 9.5 | Q19: =AVERAGE(L19,MAX(M19:N19),MAX(O19:P19)) -> 12.5 | R19: =IF(Q19>=10,"TRANSITA","N/TRANSITA") -> TRANSITA | X19: =AVERAGE(S19,MAX(T19:U19),MAX(V19:W19)) -> 0 | Y19: =SUM(J19,Q19,X19)/3 -> 8.2777778 | Z19: =IF(Y19>=10,"TRANSITA","N/TRANSITA") -> N/TRANSITA
B20: 12 | C20: Arinalda De Canatividade Prata Bungo | E20: 13 | F20: 14 | H20: 14.5 | J20: =AVERAGE(E20,MAX(F20:G20),MAX(H20:I20)) -> 13.833333 | K20: =IF(J20>=10,"TRANSITA","N/TRANSITA") -> TRANSITA | L20: 13 | M20: 17 | O20: 9.5 | Q20: =AVERAGE(L20,MAX(M20:N20),MAX(O20:P20)) -> 13.166667 | R20: =IF(Q20>=10,"TRANSITA","N/TRANSITA") -> TRANSITA | X20: =AVERAGE(S20,MAX(T20:U20),MAX(V20:W20)) -> 0 | Y20: =SUM(J20,Q20,X20)/3 -> 9 | Z20: =IF(Y20>=10,"TRANSITA","N/TRANSITA") -> N/TRANSITA
B21: 13 | C21: Basílio Araújo Simba Mabiala | E21: 14 | F21: 14 | H21: 14.5 | J21: =AVERAGE(E21,MAX(F21:G21),MAX(H21:I21)) -> 14.166667 | K21: =IF(J21>=10,"TRANSITA","N/TRANSITA") -> TRANSITA | L21: 14 | M21: 17.5 | O21: 12 | Q21: =AVERAGE(L21,MAX(M21:N21),MAX(O21:P21)) -> 14.5 | R21: =IF(Q21>=10,"TRANSITA","N/TRANSITA") -> TRANSITA | X21: =AVERAGE(S21,MAX(T21:U21),MAX(V21:W21)) -> 0 | Y21: =SUM(J21,Q21,X21)/3 -> 9.5555556 | Z21: =IF(Y21>=10,"TRANSITA","N/TRANSITA") -> N/TRANSITA
B22: 14 | C22: Carlota Mbungo Conde | E22: 11 | F22: 8 | H22: 10.5 | J22: =AVERAGE(E22,MAX(F22:G22),MAX(H22:I22)) -> 9.8333333 | K22: =IF(J22>=10,"TRANSITA","N/TRANSITA") -> N/TRANSITA | L22: 11 | M22: 8.5 | O22: 7 | Q22: =AVERAGE(L22,MAX(M22:N22),MAX(O22:P22)) -> 8.8333333 | R22: =IF(Q22>=10,"TRANSITA","N/TRANSITA") -> N/TRANSITA | X22: =AVERAGE(S22,MAX(T22:U22),MAX(V22:W22)) -> 0 | Y22: =SUM(J22,Q22,X22)/3 -> 6.2222222 | Z22: =IF(Y22>=10,"TRANSITA","N/TRANSITA") -> N/TRANSITA
... B26: 18 | C26: Elisa Zuzi Bumba Da Silva | E26: 12 | F26: 16 | H26: 12.5 | J26: =AVERAGE(E26,MAX(F26:G26),MAX(H26:I26)) -> 13.5 | K26: =IF(J26>=10,"TRANSITA","N/TRANSITA") -> TRANSITA | L26: 13 | M26: 16 | O26: 9 | Q26: =AVERAGE(L26,MAX(M26:N26),MAX(O26:P26)) -> 12.666667 | R26: =IF(Q26>=10,"TRANSITA","N/TRANSITA") -> TRANSITA | X26: =AVERAGE(S26,MAX(T26:U26),MAX(V26:W26)) -> 0 | Y26: =SUM(J26,Q26,X26)/3 -> 8.7222222 | Z26: =IF(Y26>=10,"TRANSITA","N/TRANSITA") -> N/TRANSITA
B27: 19 | C27: Felicidade Muanda Bititi | J27: =AVERAGE(E27,MAX(F27:G27),MAX(H27:I27)) -> 0 | K27: =IF(J27>=10,"TRANSITA","N/TRANSITA") -> N/TRANSITA | Q27: =AVERAGE(L27,MAX(M27:N27),MAX(O27:P27)) -> 0 | R27: =IF(Q27>=10,"TRANSITA","N/TRANSITA") -> N/TRANSITA | X27: =AVERAGE(S27,MAX(T27:U27),MAX(V27:W27)) -> 0 | Y27: =SUM(J27,Q27,X27)/3 -> 0 | Z27: =IF(Y27>=10,"TRANSITA","N/TRANSITA") -> N/TRANSITA
B28: 20 | C28: Fernanda Pedro Tavares | E28: 12 | F28: 12 | H28: 12.5 | J28: =AVERAGE(E28,MAX(F28:G28),MAX(H28:I28)) -> 12.166667 | K28: =IF(J28>=10,"TRANSITA","N/TRANSITA") -> TRANSITA | Q28: =AVERAGE(L28,MAX(M28:N28),MAX(O28:P28)) -> 0 | R28: =IF(Q28>=10,"TRANSITA","N/TRANSITA") -> N/TRANSITA | X28: =AVERAGE(S28,MAX(T28:U28),MAX(V28:W28)) -> 0 | Y28: =SUM(J28,Q28,X28)/3 -> 4.0555556 | Z28: =IF(Y28>=10,"TRANSITA","N/TRANSITA") -> N/TRANSITA
B29: 21 | C29: Gertrudes Buanga Zuzi | E29: 11 | F29: 10 | H29: 11 | J29: =AVERAGE(E29,MAX(F29:G29),MAX(H29:I29)) -> 10.666667 | K29: =IF(J29>=10,"TRANSITA","N/TRANSITA") -> TRANSITA | L29: 11 | M29: 12 | O29: 4 | Q29: =AVERAGE(L29,MAX(M29:N29),MAX(O29:P29)) -> 9 | R29: =IF(Q29>=10,"TRANSITA","N/TRANSITA") -> N/TRANSITA | X29: =AVERAGE(S29,MAX(T29:U29),MAX(V29:W29)) -> 0 | Y29: =SUM(J29,Q29,X29)/3 -> 6.5555556 | Z29: =IF(Y29>=10,"TRANSITA","N/TRANSITA") -> N/TRANSITA
B30: 22 | C30: Helena Kalembela Miguel | E30: 12 | F30: 14 | H30: 13 | J30: =AVERAGE(E30,MAX(F30:G30),MAX(H30:I30)) -> 13 | K30: =IF(J30>=10,"TRANSITA","N/TRANSITA") -> TRANSITA | L30: 11 | M30: 9 | O30: 10.5 | Q30: =AVERAGE(L30,MAX(M30:N30),MAX(O30:P30)) -> 10.166667 | R30: =IF(Q30>=10,"TRANSITA","N/TRANSITA") -> TRANSITA | X30: =AVERAGE(S30,MAX(T30:U30),MAX(V30:W30)) -> 0 | Y30: =SUM(J30,Q30,X30)/3 -> 7.7222222 | Z30: =IF(Y30>=10,"TRANSITA","N/TRANSITA") -> N/TRANSITA
B31: 23 | C31: Helena Maravilha Zinga Sumbo | E31: 11 | F31: 14 | H31: 13.5 | J31: =AVERAGE(E31,MAX(F31:G31),MAX(H31:I31)) -> 12.833333 | K31: =IF(J31>=10,"TRANSITA","N/TRANSITA") -> TRANSITA | L31: 12 | M31: 15.5 | O31: 11 | Q31: =AVERAGE(L31,MAX(M31:N31),MAX(O31:P31)) -> 12.833333 | R31: =IF(Q31>=10,"TRANSITA","N/TRANSITA") -> TRANSITA | X31: =AVERAGE(S31,MAX(T31:U31),MAX(V31:W31)) -> 0 | Y31: =SUM(J31,Q31,X31)/3 -> 8.5555556 | Z31: =IF(Y31>=10,"TRANSITA","N/TRANSITA") -> N/TRANSITA
B32: 24 | C32: Inês Filomena Muanda Baiona | E32: 8 | F32: 0 | H32: 11.5 | J32: =AVERAGE(E32,MAX(F32:G32),MAX(H32:I32)) -> 6.5 | K32: =IF(J32>=10,"TRANSITA","N/TRANSITA") -> N/TRANSITA | L32: 9 | M32: 10 | O32: 7 | Q32: =AVERAGE(L32,MAX(M32:N32),MAX(O32:P32)) -> 8.6666667 | R32: =IF(Q32>=10,"TRANSITA","N/TRANSITA") -> N/TRANSITA | X32: =AVERAGE(S32,MAX(T32:U32),MAX(V32:W32)) -> 0 | Y32: =SUM(J32,Q32,X32)/3 -> 5.0555556 | Z32: =IF(Y32>=10,"TRANSITA","N/TRANSITA") -> N/TRANSITA
B33: 25 | C33: Isabel Ndaia Muanda | E33: 10 | F33: 11 | H33: 10 | J33: =AVERAGE(E33,MAX(F33:G33),MAX(H33:I33)) -> 10.333333 | K33: =IF(J33>=10,"TRANSITA","N/TRANSITA") -> TRANSITA | L33: 10 | M33: 9.5 | O33: 8 | Q33: =AVERAGE(L33,MAX(M33:N33),MAX(O33:P33)) -> 9.1666667 | R33: =IF(Q33>=10,"TRANSITA","N/TRANSITA") -> N/TRANSITA | X33: =AVERAGE(S33,MAX(T33:U33),MAX(V33:W33)) -> 0 | Y33: =SUM(J33,Q33,X33)/3 -> 6.5 | Z33: =IF(Y33>=10,"TRANSITA","N/TRANSITA") -> N/TRANSITA
B34: 26 | C34: Janete Malonda Cunha | E34: 13 | F34: 12 | H34: 15 | J34: =AVERAGE(E34,MAX(F34:G34),MAX(H34:I34)) -> 13.333333 | K34: =IF(J34>=10,"TRANSITA","N/TRANSITA") -> TRANSITA | L34: 13 | M34: 17 | O34: 10 | Q34: =AVERAGE(L34,MAX(M34:N34),MAX(O34:P34)) -> 13.333333 | R34: =IF(Q34>=10,"TRANSITA","N/TRANSITA") -> TRANSITA | X34: =AVERAGE(S34,MAX(T34:U34),MAX(V34:W34)) -> 0 | Y34: =SUM(J34,Q34,X34)/3 -> 8.8888889 | Z34: =IF(Y34>=10,"TRANSITA","N/TRANSITA") -> N/TRANSITA
B35: 27 | C35: Joana Albertina Mango | E35: 11 | F35: 14 | H35: 11.7 | J35: =AVERAGE(E35,MAX(F35:G35),MAX(H35:I35)) -> 12.233333 | K35: =IF(J35>=10,"TRANSITA","N/TRANSITA") -> TRANSITA | L35: 10 | M35: 9 | O35: 8 | Q35: =AVERAGE(L35,MAX(M35:N35),MAX(O35:P35)) -> 9 | R35: =IF(Q35>=10,"TRANSITA","N/TRANSITA") -> N/TRANSITA | X35: =AVERAGE(S35,MAX(T35:U35),MAX(V35:W35)) -> 0 | Y35: =SUM(J35,Q35,X35)/3 -> 7.0777778 | Z35: =IF(Y35>=10,"TRANSITA","N/TRANSITA") -> N/TRANSITA
B36: 28 | C36: Joana Laura Futi Muana | E36: 10 | F36: 12 | H36: 8.5 | J36: =AVERAGE(E36,MAX(F36:G36),MAX(H36:I36)) -> 10.166667 | K36: =IF(J36>=10,"TRANSITA","N/TRANSITA") -> TRANSITA | L36: 11 | M36: 8 | O36: 11.5 | Q36: =AVERAGE(L36,MAX(M36:N36),MAX(O36:P36)) -> 10.166667 | R36: =IF(Q36>=10,"TRANSITA","N/TRANSITA") -> TRANSITA | X36: =AVERAGE(S36,MAX(T36:U36),MAX(V36:W36)) -> 0 | Y36: =SUM(J36,Q36,X36)/3 -> 6.7777778 | Z36: =IF(Y36>=10,"TRANSITA","N/TRANSITA") -> N/TRANSITA
B37: 29 | C37: Josefina Massanga Vumbi Goma | E37: 13 | F37: 16 | H37: 13.7 | J37: =AVERAGE(E37,MAX(F37:G37),MAX(H37:I37)) -> 14.233333 | K37: =IF(J37>=10,"TRANSITA","N/TRANSITA") -> TRANSITA | L37: 14 | M37: 17 | O37: 12 | Q37: =AVERAGE(L37,MAX(M37:N37),MAX(O37:P37)) -> 14.333333 | R37: =IF(Q37>=10,"TRANSITA","N/TRANSITA") -> TRANSITA | X37: =AVERAGE(S37,MAX(T37:U37),MAX(V37:W37)) -> 0 | Y37: =SUM(J37,Q37,X37)/3 -> 9.5222222 | Z37: =IF(Y37>=10,"TRANSITA","N/TRANSITA") -> N/TRANSITA
B38: 30 | C38: Jurema Bernadete Nsunda | E38: 12 | F38: 15 | H38: 14.5 | J38: =AVERAGE(E38,MAX(F38:G38),MAX(H38:I38)) -> 13.833333 | K38: =IF(J38>=10,"TRANSITA","N/TRANSITA") -> TRANSITA | L38: 13 | M38: 16.5 | O38: 10.5 | Q38: =AVERAGE(L38,MAX(M38:N38),MAX(O38:P38)) -> 13.333333 | R38: =IF(Q38>=10,"TRANSITA","N/TRANSITA") -> TRANSITA | X38: =AVERAGE(S38,MAX(T38:U38),MAX(V38:W38)) -> 0 | Y38: =SUM(J38,Q38,X38)/3 -> 9.0555556 | Z38: =IF(Y38>=10,"TRANSITA","N/TRANSITA") -> N/TRANSITA
B39: 31 | C39: Madalena Lando António | E39: 11 | F39: 11 | H39: 11 | J39: =AVERAGE(E39,MAX(F39:G39),MAX(H39:I39)) -> 11 | K39: =IF(J39>=10,"TRANSITA","N/TRANSITA") -> TRANSITA | L39: 12 | M39: 14 | O39: 8.5 | Q39: =AVERAGE(L39,MAX(M39:N39),MAX(O39:P39)) -> 11.5 | R39: =IF(Q39>=10,"TRANSITA","N/TRANSITA") -> TRANSITA | X39: =AVERAGE(S39,MAX(T39:U39),MAX(V39:W39)) -> 0 | Y39: =SUM(J39,Q39,X39)/3 -> 7.5 | Z39: =IF(Y39>=10,"TRANSITA","N/TRANSITA") -> N/TRANSITA
B40: 32 | C40: Marcos Nduli Sechie Gouveia | E40: 14 | F40: 15 | H40: 16.5 | J40: =AVERAGE(E40,MAX(F40:G40),MAX(H40:I40)) -> 15.166667 | K40: =IF(J40>=10,"TRANSITA","N/TRANSITA") -> TRANSITA | L40: 14 | M40: 17.5 | O40: 12 | Q40: =AVERAGE(L40,MAX(M40:N40),MAX(O40:P40)) -> 14.5 | R40: =IF(Q40>=10,"TRANSITA","N/TRANSITA") -> TRANSITA | X40: =AVERAGE(S40,MAX(T40:U40),MAX(V40:W40)) -> 0 | Y40: =SUM(J40,Q40,X40)/3 -> 9.8888889 | Z40: =IF(Y40>=10,"TRANSITA","N/TRANSITA") -> N/TRANSITA
... B52: 44 | C52: Teresa Gertrudes Luzia Tati | E52: 10 | F52: 12 | H52: 12.7 | J52: =AVERAGE(E52,MAX(F52:G52),MAX(H52:I52)) -> 11.566667 | K52: =IF(J52>=10,"TRANSITA","N/TRANSITA") -> TRANSITA | L52: 12 | M52: 12 | O52: 9 | Q52: =AVERAGE(L52,MAX(M52:N52),MAX(O52:P52)) -> 11 | R52: =IF(Q52>=10,"TRANSITA","N/TRANSITA") -> TRANSITA | X52: =AVERAGE(S52,MAX(T52:U52),MAX(V52:W52)) -> 0 | Y52: =SUM(J52,Q52,X52)/3 -> 7.5222222 | Z52: =IF(Y52>=10,"TRANSITA","N/TRANSITA") -> N/TRANSITA
A55: O (A) Professor (a) | S55: O Subdirector Pedagógico
A56: _______________________________ | S56: ___________________________
S57: ALBERTO SASSA TATI

Sheet 11CL-AC-A-MAT
A1: INSTITUTO TÉCNICO PRIVADO DE SAÚDE JOMORAIS
I3: DATA: 12/12/2025
B4: Classe: 11ª | I4: Disciplina: Matemática | V4: Ano Lectivo:2025/2026
B5: Período: Vespertino | E5: Turma: A | V5: Curso: ANÁLISES CLÍNICAS
B6: MINI-PAUTA - TÉCNICO DE SAÚDE
B7: Nº | C7: Nome do (a) Aluno (a) | D7: FALTAS | E7: Avaliações/I Trimestre | K7: OBS | L7: Avaliações/II Trimestre | R7: OBS | S7: Avaliações/IIITrimestre | Y7: MFD | Z7: OBS | AA7: M | AB7: F | AC7: TRANSITA | AD7: N/TRANSITA | AE7: E.E.F
D8: J/I | E8: MAC | F8: NPP | G8: NPR1 | H8: NPT | I8: NPR2 | J8: MT1 | L8: MAC | M8: NPP | N8: NPR1 | O8: NPT | P8: NPR2 | Q8: MT2 | S8: MAC | T8: NPP | U8: NPR1 | V8: NPT | W8: NPR2 | X8: MT3 | AA8: =COUNTIF(Z9:Z58,"M") -> 0 | AB8: =COUNTIF(Z9:Z58,"F") -> 0 | AC8: =COUNTIF(Z9:Z58,"TRANSITA") -> 12 | AD8: =COUNTIF(Z9:Z58,"N/TRANSITA") -> 32 | AE8: =COUNTIF(Z9:Z58,"E.E.F") -> 0
B9: 1 | C9: Abrão Gomes | E9: 11 | F9: 16 | H9: 4 | J9: =AVERAGE(E9,MAX(F9:G9),MAX(H9:I9)) -> 10.333333 | K9: =IF(J9>=10,"TRANSITA","N/TRANSITA") -> TRANSITA | L9: 20 | M9: 20 | O9: 10 | Q9: =AVERAGE(L9,MAX(M9:N9),MAX(O9:P9)) -> 16.666667 | R9: =IF(Q9>=10,"TRANSITA","N/TRANSITA") -> TRANSITA | X9: =AVERAGE(S9,MAX(T9:U9),MAX(V9:W9)) -> 0 | Y9: =SUM(J9,Q9,X9)/3 -> 9 | Z9: =IF(Y9>=10,"TRANSITA","N/TRANSITA") -> N/TRANSITA
B10: 2 | C10: Agostinho Mbaki Baza | E10: 18 | F10: 20 | H10: 20 | J10: =AVERAGE(E10,MAX(F10:G10),MAX(H10:I10)) -> 19.333333 | K10: =IF(J10>=10,"TRANSITA","N/TRANSITA") -> TRANSITA | L10: 20 | M10: 20 | O10: 19 | Q10: =AVERAGE(L10,MAX(M10:N10),MAX(O10:P10)) -> 19.666667 | R10: =IF(Q10>=10,"TRANSITA","N/TRANSITA") -> TRANSITA | X10: =AVERAGE(S10,MAX(T10:U10),MAX(V10:W10)) -> 0 | Y10: =SUM(J10,Q10,X10)/3 -> 13 | Z10: =IF(Y10>=10,"TRANSITA","N/TRANSITA") -> TRANSITA | AA10: =SUM(AA8:AB9) -> 0
B11: 3 | C11: Albertina Vumbi Bazunga | E11: 11 | F11: 19 | H11: 5 | J11: =AVERAGE(E11,MAX(F11:G11),MAX(H11:I11)) -> 11.666667 | K11: =IF(J11>=10,"TRANSITA","N/TRANSITA") -> TRANSITA | L11: 20 | M11: 20 | O11: 9 | Q11: =AVERAGE(L11,MAX(M11:N11),MAX(O11:P11)) -> 16.333333 | R11: =IF(Q11>=10,"TRANSITA","N/TRANSITA") -> TRANSITA | X11: =AVERAGE(S11,MAX(T11:U11),MAX(V11:W11)) -> 0 | Y11: =SUM(J11,Q11,X11)/3 -> 9.3333333 | Z11: =IF(Y11>=10,"TRANSITA","N/TRANSITA") -> N/TRANSITA
B12: 4 | C12: Alberto Mambo Simba | E12: 14 | F12: 20 | H12: 12 | J12: =AVERAGE(E12,MAX(F12:G12),MAX(H12:I12)) -> 15.333333 | K12: =IF(J12>=10,"TRANSITA","N/TRANSITA") -> TRANSITA | L12: 20 | M12: 20 | O12: 19 | Q12: =AVERAGE(L12,MAX(M12:N12),MAX(O12:P12)) -> 19.666667 | R12: =IF(Q12>=10,"TRANSITA","N/TRANSITA") -> TRANSITA | X12: =AVERAGE(S12,MAX(T12:U12),MAX(V12:W12)) -> 0 | Y12: =SUM(J12,Q12,X12)/3 -> 11.666667 | Z12: =IF(Y12>=10,"TRANSITA","N/TRANSITA") -> TRANSITA
B13: 5 | C13: Alda Catarina Mamata Balou | E13: 10 | F13: 11 | H13: 9 | J13: =AVERAGE(E13,MAX(F13:G13),MAX(H13:I13)) -> 10 | K13: =IF(J13>=10,"TRANSITA","N/TRANSITA") -> TRANSITA | L13: 20 | M13: 2 | O13: 4 | Q13: =AVERAGE(L13,MAX(M13:N13),MAX(O13:P13)) -> 8.6666667 | R13: =IF(Q13>=10,"TRANSITA","N/TRANSITA") -> N/TRANSITA | X13: =AVERAGE(S13,MAX(T13:U13),MAX(V13:W13)) -> 0 | Y13: =SUM(J13,Q13,X13)/3 -> 6.2222222 | Z13: =IF(Y13>=10,"TRANSITA","N/TRANSITA") -> N/TRANSITA
B14: 6 | C14: Alice Bitumba Mavungo | E14: 6 | F14: 16 | H14: 10 | J14: =AVERAGE(E14,MAX(F14:G14),MAX(H14:I14)) -> 10.666667 | K14: =IF(J14>=10,"TRANSITA","N/TRANSITA") -> TRANSITA | L14: 10 | M14: 20 | O14: 11 | Q14: =AVERAGE(L14,MAX(M14:N14),MAX(O14:P14)) -> 13.666667 | R14: =IF(Q14>=10,"TRANSITA","N/TRANSITA") -> TRANSITA | X14: =AVERAGE(S14,MAX(T14:U14),MAX(V14:W14)) -> 0 | Y14: =SUM(J14,Q14,X14)/3 -> 8.1111111 | Z14: =IF(Y14>=10,"TRANSITA","N/TRANSITA") -> N/TRANSITA
B15: 7 | C15: Amélia Chibamba Chiama | E15: 11 | F15: 12 | H15: 7 | J15: =AVERAGE(E15,MAX(F15:G15),MAX(H15:I15)) -> 10 | K15: =IF(J15>=10,"TRANSITA","N/TRANSITA") -> TRANSITA | L15: 11 | M15: 17 | O15: 13 | Q15: =AVERAGE(L15,MAX(M15:N15),MAX(O15:P15)) -> 13.666667 | R15: =IF(Q15>=10,"TRANSITA","N/TRANSITA") -> TRANSITA | X15: =AVERAGE(S15,MAX(T15:U15),MAX(V15:W15)) -> 0 | Y15: =SUM(J15,Q15,X15)/3 -> 7.8888889 | Z15: =IF(Y15>=10,"TRANSITA","N/TRANSITA") -> N/TRANSITA
B16: 8 | C16: Ana De Jesus Custódio Sambo | E16: 12 | F16: 18 | H16: 5 | J16: =AVERAGE(E16,MAX(F16:G16),MAX(H16:I16)) -> 11.666667 | K16: =IF(J16>=10,"TRANSITA","N/TRANSITA") -> TRANSITA | L16: 10 | M16: 20 | O16: 9 | Q16: =AVERAGE(L16,MAX(M16:N16),MAX(O16:P16)) -> 13 | R16: =IF(Q16>=10,"TRANSITA","N/TRANSITA") -> TRANSITA | X16: =AVERAGE(S16,MAX(T16:U16),MAX(V16:W16)) -> 0 | Y16: =SUM(J16,Q16,X16)/3 -> 8.2222222 | Z16: =IF(Y16>=10,"TRANSITA","N/TRANSITA") -> N/TRANSITA
B17: 9 | C17: Ana Soca Deca Luba | E17: 5 | F17: 8 | H17: 0 | J17: =AVERAGE(E17,MAX(F17:G17),MAX(H17:I17)) -> 4.3333333 | K17: =IF(J17>=10,"TRANSITA","N/TRANSITA") -> N/TRANSITA | L17: 10 | M17: 20 | O17: 2 | Q17: =AVERAGE(L17,MAX(M17:N17),MAX(O17:P17)) -> 10.666667 | R17: =IF(Q17>=10,"TRANSITA","N/TRANSITA") -> TRANSITA | X17: =AVERAGE(S17,MAX(T17:U17),MAX(V17:W17)) -> 0 | Y17: =SUM(J17,Q17,X17)/3 -> 5 | Z17: =IF(Y17>=10,"TRANSITA","N/TRANSITA") -> N/TRANSITA
B18: 10 | C18: Angelina Buanga Poba | E18: 7 | F18: 6 | H18: 4 | J18: =AVERAGE(E18,MAX(F18:G18),MAX(H18:I18)) -> 5.6666667 | K18: =IF(J18>=10,"TRANSITA","N/TRANSITA") -> N/TRANSITA | L18: 20 | M18: 20 | O18: 4 | Q18: =AVERAGE(L18,MAX(M18:N18),MAX(O18:P18)) -> 14.666667 | R18: =IF(Q18>=10,"TRANSITA","N/TRANSITA") -> TRANSITA | X18: =AVERAGE(S18,MAX(T18:U18),MAX(V18:W18)) -> 0 | Y18: =SUM(J18,Q18,X18)/3 -> 6.7777778 | Z18: =IF(Y18>=10,"TRANSITA","N/TRANSITA") -> N/TRANSITA
B19: 11 | C19: Antoaneta Menga Futi Gime | E19: 11 | F19: 13 | H19: 7 | J19: =AVERAGE(E19,MAX(F19:G19),MAX(H19:I19)) -> 10.333333 | K19: =IF(J19>=10,"TRANSITA","N/TRANSITA") -> TRANSITA | L19: 20 | M19: 20 | O19: 12 | Q19: =AVERAGE(L19,MAX(M19:N19),MAX(O19:P19)) -> 17.333333 | R19: =IF(Q19>=10,"TRANSITA","N/TRANSITA") -> TRANSITA | X19: =AVERAGE(S19,MAX(T19:U19),MAX(V19:W19)) -> 0 | Y19: =SUM(J19,Q19,X19)/3 -> 9.2222222 | Z19: =IF(Y19>=10,"TRANSITA","N/TRANSITA") -> N/TRANSITA
B20: 12 | C20: Arinalda De Canatividade Prata Bungo | E20: 14 | F20: 20 | H20: 15 | J20: =AVERAGE(E20,MAX(F20:G20),MAX(H20:I20)) -> 16.333333 | K20: =IF(J20>=10,"TRANSITA","N/TRANSITA") -> TRANSITA | L20: 20 | M20: 20 | O20: 18 | Q20: =AVERAGE(L20,MAX(M20:N20),MAX(O20:P20)) -> 19.333333 | R20: =IF(Q20>=10,"TRANSITA","N/TRANSITA") -> TRANSITA | X20: =AVERAGE(S20,MAX(T20:U20),MAX(V20:W20)) -> 0 | Y20: =SUM(J20,Q20,X20)/3 -> 11.888889 | Z20: =IF(Y20>=10,"TRANSITA","N/TRANSITA") -> TRANSITA
B21: 13 | C21: Basílio Araújo Simba Mabiala | E21: 14 | F21: 19 | H21: 18 | J21: =AVERAGE(E21,MAX(F21:G21),MAX(H21:I21)) -> 17 | K21: =IF(J21>=10,"TRANSITA","N/TRANSITA") -> TRANSITA | L21: 20 | M21: 20 | O21: 18 | Q21: =AVERAGE(L21,MAX(M21:N21),MAX(O21:P21)) -> 19.333333 | R21: =IF(Q21>=10,"TRANSITA","N/TRANSITA") -> TRANSITA | X21: =AVERAGE(S21,MAX(T21:U21),MAX(V21:W21)) -> 0 | Y21: =SUM(J21,Q21,X21)/3 -> 12.111111 | Z21: =IF(Y21>=10,"TRANSITA","N/TRANSITA") -> TRANSITA
B22: 14 | C22: Carlota Mbungo Conde | E22: 6 | F22: 4 | H22: 5 | J22: =AVERAGE(E22,MAX(F22:G22),MAX(H22:I22)) -> 5 | K22: =IF(J22>=10,"TRANSITA","N/TRANSITA") -> N/TRANSITA | L22: 10 | M22: 20 | O22: 6 | Q22: =AVERAGE(L22,MAX(M22:N22),MAX(O22:P22)) -> 12 | R22: =IF(Q22>=10,"TRANSITA","N/TRANSITA") -> TRANSITA | X22: =AVERAGE(S22,MAX(T22:U22),MAX(V22:W22)) -> 0 | Y22: =SUM(J22,Q22,X22)/3 -> 5.6666667 | Z22: =IF(Y22>=10,"TRANSITA","N/TRANSITA") -> N/TRANSITA
... B26: 18 | C26: Elisa Zuzi Bumba Da Silva | E26: 8 | F26: 6 | H26: 5 | J26: =AVERAGE(E26,MAX(F26:G26),MAX(H26:I26)) -> 6.3333333 | K26: =IF(J26>=10,"TRANSITA","N/TRANSITA") -> N/TRANSITA | L26: 20 | M26: 20 | O26: 3 | Q26: =AVERAGE(L26,MAX(M26:N26),MAX(O26:P26)) -> 14.333333 | R26: =IF(Q26>=10,"TRANSITA","N/TRANSITA") -> TRANSITA | X26: =AVERAGE(S26,MAX(T26:U26),MAX(V26:W26)) -> 0 | Y26: =SUM(J26,Q26,X26)/3 -> 6.8888889 | Z26: =IF(Y26>=10,"TRANSITA","N/TRANSITA") -> N/TRANSITA
B27: 19 | C27: Felicidade Muanda Bititi | J27: =AVERAGE(E27,MAX(F27:G27),MAX(H27:I27)) -> 0 | K27: =IF(J27>=10,"TRANSITA","N/TRANSITA") -> N/TRANSITA | Q27: =AVERAGE(L27,MAX(M27:N27),MAX(O27:P27)) -> 0 | R27: =IF(Q27>=10,"TRANSITA","N/TRANSITA") -> N/TRANSITA | X27: =AVERAGE(S27,MAX(T27:U27),MAX(V27:W27)) -> 0 | Y27: =SUM(J27,Q27,X27)/3 -> 0 | Z27: =IF(Y27>=10,"TRANSITA","N/TRANSITA") -> N/TRANSITA
B28: 20 | C28: Fernanda Pedro Tavares | E28: 8 | F28: 19 | J28: =AVERAGE(E28,MAX(F28:G28),MAX(H28:I28)) -> 9 | K28: =IF(J28>=10,"TRANSITA","N/TRANSITA") -> N/TRANSITA | Q28: =AVERAGE(L28,MAX(M28:N28),MAX(O28:P28)) -> 0 | R28: =IF(Q28>=10,"TRANSITA","N/TRANSITA") -> N/TRANSITA | X28: =AVERAGE(S28,MAX(T28:U28),MAX(V28:W28)) -> 0 | Y28: =SUM(J28,Q28,X28)/3 -> 3 | Z28: =IF(Y28>=10,"TRANSITA","N/TRANSITA") -> N/TRANSITA
B29: 21 | C29: Gertrudes Buanga Zuzi | E29: 6 | F29: 8 | H29: 3 | J29: =AVERAGE(E29,MAX(F29:G29),MAX(H29:I29)) -> 5.6666667 | K29: =IF(J29>=10,"TRANSITA","N/TRANSITA") -> N/TRANSITA | L29: 20 | M29: 20 | O29: 10 | Q29: =AVERAGE(L29,MAX(M29:N29),MAX(O29:P29)) -> 16.666667 | R29: =IF(Q29>=10,"TRANSITA","N/TRANSITA") -> TRANSITA | X29: =AVERAGE(S29,MAX(T29:U29),MAX(V29:W29)) -> 0 | Y29: =SUM(J29,Q29,X29)/3 -> 7.4444444 | Z29: =IF(Y29>=10,"TRANSITA","N/TRANSITA") -> N/TRANSITA
B30: 22 | C30: Helena Kalembela Miguel | E30: 10 | F30: 19 | H30: 18 | J30: =AVERAGE(E30,MAX(F30:G30),MAX(H30:I30)) -> 15.666667 | K30: =IF(J30>=10,"TRANSITA","N/TRANSITA") -> TRANSITA | L30: 20 | M30: 20 | O30: 14 | Q30: =AVERAGE(L30,MAX(M30:N30),MAX(O30:P30)) -> 18 | R30: =IF(Q30>=10,"TRANSITA","N/TRANSITA") -> TRANSITA | X30: =AVERAGE(S30,MAX(T30:U30),MAX(V30:W30)) -> 0 | Y30: =SUM(J30,Q30,X30)/3 -> 11.222222 | Z30: =IF(Y30>=10,"TRANSITA","N/TRANSITA") -> TRANSITA
B31: 23 | C31: Helena Maravilha Zinga Sumbo | E31: 12 | F31: 13 | H31: 5 | J31: =AVERAGE(E31,MAX(F31:G31),MAX(H31:I31)) -> 10 | K31: =IF(J31>=10,"TRANSITA","N/TRANSITA") -> TRANSITA | L31: 11 | M31: 20 | O31: 11 | Q31: =AVERAGE(L31,MAX(M31:N31),MAX(O31:P31)) -> 14 | R31: =IF(Q31>=10,"TRANSITA","N/TRANSITA") -> TRANSITA | X31: =AVERAGE(S31,MAX(T31:U31),MAX(V31:W31)) -> 0 | Y31: =SUM(J31,Q31,X31)/3 -> 8 | Z31: =IF(Y31>=10,"TRANSITA","N/TRANSITA") -> N/TRANSITA
B32: 24 | C32: Inês Filomena Muanda Baiona | E32: 6 | F32: 12 | H32: 12 | J32: =AVERAGE(E32,MAX(F32:G32),MAX(H32:I32)) -> 10 | K32: =IF(J32>=10,"TRANSITA","N/TRANSITA") -> TRANSITA | L32: 12 | M32: 20 | O32: 1 | Q32: =AVERAGE(L32,MAX(M32:N32),MAX(O32:P32)) -> 11 | R32: =IF(Q32>=10,"TRANSITA","N/TRANSITA") -> TRANSITA | X32: =AVERAGE(S32,MAX(T32:U32),MAX(V32:W32)) -> 0 | Y32: =SUM(J32,Q32,X32)/3 -> 7 | Z32: =IF(Y32>=10,"TRANSITA","N/TRANSITA") -> N/TRANSITA
B33: 25 | C33: Isabel Ndaia Muanda | E33: 16 | F33: 15 | H33: 15 | J33: =AVERAGE(E33,MAX(F33:G33),MAX(H33:I33)) -> 15.333333 | K33: =IF(J33>=10,"TRANSITA","N/TRANSITA") -> TRANSITA | L33: 20 | M33: 20 | O33: 12 | Q33: =AVERAGE(L33,MAX(M33:N33),MAX(O33:P33)) -> 17.333333 | R33: =IF(Q33>=10,"TRANSITA","N/TRANSITA") -> TRANSITA | X33: =AVERAGE(S33,MAX(T33:U33),MAX(V33:W33)) -> 0 | Y33: =SUM(J33,Q33,X33)/3 -> 10.888889 | Z33: =IF(Y33>=10,"TRANSITA","N/TRANSITA") -> TRANSITA
B34: 26 | C34: Janete Malonda Cunha | E34: 10 | F34: 11 | H34: 9 | J34: =AVERAGE(E34,MAX(F34:G34),MAX(H34:I34)) -> 10 | K34: =IF(J34>=10,"TRANSITA","N/TRANSITA") -> TRANSITA | L34: 20 | M34: 17 | O34: 1 | Q34: =AVERAGE(L34,MAX(M34:N34),MAX(O34:P34)) -> 12.666667 | R34: =IF(Q34>=10,"TRANSITA","N/TRANSITA") -> TRANSITA | X34: =AVERAGE(S34,MAX(T34:U34),MAX(V34:W34)) -> 0 | Y34: =SUM(J34,Q34,X34)/3 -> 7.5555556 | Z34: =IF(Y34>=10,"TRANSITA","N/TRANSITA") -> N/TRANSITA
B35: 27 | C35: Joana Albertina Mango | E35: 12 | F35: 10 | H35: 8 | J35: =AVERAGE(E35,MAX(F35:G35),MAX(H35:I35)) -> 10 | K35: =IF(J35>=10,"TRANSITA","N/TRANSITA") -> TRANSITA | L35: 11 | M35: 20 | O35: 8 | Q35: =AVERAGE(L35,MAX(M35:N35),MAX(O35:P35)) -> 13 | R35: =IF(Q35>=10,"TRANSITA","N/TRANSITA") -> TRANSITA | X35: =AVERAGE(S35,MAX(T35:U35),MAX(V35:W35)) -> 0 | Y35: =SUM(J35,Q35,X35)/3 -> 7.6666667 | Z35: =IF(Y35>=10,"TRANSITA","N/TRANSITA") -> N/TRANSITA
B36: 28 | C36: Joana Laura Futi Muana | E36: 12 | F36: 10 | H36: 8 | J36: =AVERAGE(E36,MAX(F36:G36),MAX(H36:I36)) -> 10 | K36: =IF(J36>=10,"TRANSITA","N/TRANSITA") -> TRANSITA | L36: 20 | M36: 4 | O36: 6 | Q36: =AVERAGE(L36,MAX(M36:N36),MAX(O36:P36)) -> 10 | R36: =IF(Q36>=10,"TRANSITA","N/TRANSITA") -> TRANSITA | X36: =AVERAGE(S36,MAX(T36:U36),MAX(V36:W36)) -> 0 | Y36: =SUM(J36,Q36,X36)/3 -> 6.6666667 | Z36: =IF(Y36>=10,"TRANSITA","N/TRANSITA") -> N/TRANSITA
B37: 29 | C37: Josefina Massanga Vumbi Goma | E37: 20 | F37: 11 | H37: 12 | J37: =AVERAGE(E37,MAX(F37:G37),MAX(H37:I37)) -> 14.333333 | K37: =IF(J37>=10,"TRANSITA","N/TRANSITA") -> TRANSITA | L37: 20 | M37: 20 | O37: 8 | Q37: =AVERAGE(L37,MAX(M37:N37),MAX(O37:P37)) -> 16 | R37: =IF(Q37>=10,"TRANSITA","N/TRANSITA") -> TRANSITA | X37: =AVERAGE(S37,MAX(T37:U37),MAX(V37:W37)) -> 0 | Y37: =SUM(J37,Q37,X37)/3 -> 10.111111 | Z37: =IF(Y37>=10,"TRANSITA","N/TRANSITA") -> TRANSITA
B38: 30 | C38: Jurema Bernadete Nsunda | E38: 15 | F38: 18 | H38: 12 | J38: =AVERAGE(E38,MAX(F38:G38),MAX(H38:I38)) -> 15 | K38: =IF(J38>=10,"TRANSITA","N/TRANSITA") -> TRANSITA | L38: 10 | M38: 20 | O38: 18 | Q38: =AVERAGE(L38,MAX(M38:N38),MAX(O38:P38)) -> 16 | R38: =IF(Q38>=10,"TRANSITA","N/TRANSITA") -> TRANSITA | X38: =AVERAGE(S38,MAX(T38:U38),MAX(V38:W38)) -> 0 | Y38: =SUM(J38,Q38,X38)/3 -> 10.333333 | Z38: =IF(Y38>=10,"TRANSITA","N/TRANSITA") -> TRANSITA
B39: 31 | C39: Madalena Lando António | E39: 8 | F39: 19 | H39: 18 | J39: =AVERAGE(E39,MAX(F39:G39),MAX(H39:I39)) -> 15 | K39: =IF(J39>=10,"TRANSITA","N/TRANSITA") -> TRANSITA | L39: 20 | M39: 20 | O39: 18 | Q39: =AVERAGE(L39,MAX(M39:N39),MAX(O39:P39)) -> 19.333333 | R39: =IF(Q39>=10,"TRANSITA","N/TRANSITA") -> TRANSITA | X39: =AVERAGE(S39,MAX(T39:U39),MAX(V39:W39)) -> 0 | Y39: =SUM(J39,Q39,X39)/3 -> 11.444444 | Z39: =IF(Y39>=10,"TRANSITA","N/TRANSITA") -> TRANSITA
B40: 32 | C40: Marcos Nduli Sechie Gouveia | E40: 20 | F40: 20 | H40: 20 | J40: =AVERAGE(E40,MAX(F40:G40),MAX(H40:I40)) -> 20 | K40: =IF(J40>=10,"TRANSITA","N/TRANSITA") -> TRANSITA | L40: 20 | M40: 20 | O40: 20 | Q40: =AVERAGE(L40,MAX(M40:N40),MAX(O40:P40)) -> 20 | R40: =IF(Q40>=10,"TRANSITA","N/TRANSITA") -> TRANSITA | X40: =AVERAGE(S40,MAX(T40:U40),MAX(V40:W40)) -> 0 | Y40: =SUM(J40,Q40,X40)/3 -> 13.333333 | Z40: =IF(Y40>=10,"TRANSITA","N/TRANSITA") -> TRANSITA
... B52: 44 | C52: Teresa Gertrudes Luzia Tati | E52: 6 | F52: 8 | H52: 5 | J52: =AVERAGE(E52,MAX(F52:G52),MAX(H52:I52)) -> 6.3333333 | K52: =IF(J52>=10,"TRANSITA","N/TRANSITA") -> N/TRANSITA | L52: 11 | M52: 20 | O52: 9 | Q52: =AVERAGE(L52,MAX(M52:N52),MAX(O52:P52)) -> 13.333333 | R52: =IF(Q52>=10,"TRANSITA","N/TRANSITA") -> TRANSITA | X52: =AVERAGE(S52,MAX(T52:U52),MAX(V52:W52)) -> 0 | Y52: =SUM(J52,Q52,X52)/3 -> 6.5555556 | Z52: =IF(Y52>=10,"TRANSITA","N/TRANSITA") -> N/TRANSITA
A55: O (A) Professor (a) | S55: O Subdirector Pedagógico
A56: _______________________________ | S56: ___________________________
S57: ALBERTO SASSA TATI

Sheet 11CL-AC-A-BIOL
A1: INSTITUTO TÉCNICO PRIVADO DE SAÚDE JOMORAIS
I3: DATA: 12/12/2025
B4: Classe: 11ª | I4: Disciplina: Biologia | V4: Ano Lectivo:2025/2026
B5: Período: Vespertino | E5: Turma: A | V5: Curso: ANÁLISES CLÍNICAS
B6: MINI-PAUTA - TÉCNICO DE SAÚDE
B7: Nº | C7: Nome do (a) Aluno (a) | D7: FALTAS | E7: Avaliações/I Trimestre | K7: OBS | L7: Avaliações/II Trimestre | R7: OBS | S7: Avaliações/IIITrimestre | Y7: MFD | Z7: OBS | AA7: M | AB7: F | AC7: TRANSITA | AD7: N/TRANSITA | AE7: E.E.F
D8: J/I | E8: MAC | F8: NPP | G8: NPR1 | H8: NPT | I8: NPR2 | J8: MT1 | L8: MAC | M8: NPP | N8: NPR1 | O8: NPT | P8: NPR2 | Q8: MT2 | S8: MAC | T8: NPP | U8: NPR1 | V8: NPT | W8: NPR2 | X8: MT3 | AA8: =COUNTIF(Z9:Z58,"M") -> 0 | AB8: =COUNTIF(Z9:Z58,"F") -> 0 | AC8: =COUNTIF(Z9:Z58,"TRANSITA") -> 7 | AD8: =COUNTIF(Z9:Z58,"N/TRANSITA") -> 37 | AE8: =COUNTIF(Z9:Z58,"E.E.F") -> 0
B9: 1 | C9: Abrão Gomes | E9: 13 | F9: 5 | G9: 13 | H9: 12 | J9: =AVERAGE(E9,MAX(F9:G9),MAX(H9:I9)) -> 12.666667 | K9: =IF(J9>=10,"TRANSITA","N/TRANSITA") -> TRANSITA | L9: 13 | M9: 14 | O9: 7 | Q9: =AVERAGE(L9,MAX(M9:N9),MAX(O9:P9)) -> 11.333333 | R9: =IF(Q9>=10,"TRANSITA","N/TRANSITA") -> TRANSITA | X9: =AVERAGE(S9,MAX(T9:U9),MAX(V9:W9)) -> 0 | Y9: =SUM(J9,Q9,X9)/3 -> 8 | Z9: =IF(Y9>=10,"TRANSITA","N/TRANSITA") -> N/TRANSITA
B10: 2 | C10: Agostinho Mbaki Baza | E10: 16 | F10: 16 | G10: 18 | H10: 15 | J10: =AVERAGE(E10,MAX(F10:G10),MAX(H10:I10)) -> 16.333333 | K10: =IF(J10>=10,"TRANSITA","N/TRANSITA") -> TRANSITA | L10: 15 | M10: 17 | O10: 11 | Q10: =AVERAGE(L10,MAX(M10:N10),MAX(O10:P10)) -> 14.333333 | R10: =IF(Q10>=10,"TRANSITA","N/TRANSITA") -> TRANSITA | X10: =AVERAGE(S10,MAX(T10:U10),MAX(V10:W10)) -> 0 | Y10: =SUM(J10,Q10,X10)/3 -> 10.222222 | Z10: =IF(Y10>=10,"TRANSITA","N/TRANSITA") -> TRANSITA | AA10: =SUM(AA8:AB9) -> 0
B11: 3 | C11: Albertina Vumbi Bazunga | E11: 15 | F11: 7 | H11: 12 | J11: =AVERAGE(E11,MAX(F11:G11),MAX(H11:I11)) -> 11.333333 | K11: =IF(J11>=10,"TRANSITA","N/TRANSITA") -> TRANSITA | L11: 13 | M11: 14 | O11: 14 | Q11: =AVERAGE(L11,MAX(M11:N11),MAX(O11:P11)) -> 13.666667 | R11: =IF(Q11>=10,"TRANSITA","N/TRANSITA") -> TRANSITA | X11: =AVERAGE(S11,MAX(T11:U11),MAX(V11:W11)) -> 0 | Y11: =SUM(J11,Q11,X11)/3 -> 8.3333333 | Z11: =IF(Y11>=10,"TRANSITA","N/TRANSITA") -> N/TRANSITA
B12: 4 | C12: Alberto Mambo Simba | E12: 17 | F12: 14 | G12: 17 | H12: 13 | J12: =AVERAGE(E12,MAX(F12:G12),MAX(H12:I12)) -> 15.666667 | K12: =IF(J12>=10,"TRANSITA","N/TRANSITA") -> TRANSITA | L12: 15 | M12: 15 | O12: 16 | Q12: =AVERAGE(L12,MAX(M12:N12),MAX(O12:P12)) -> 15.333333 | R12: =IF(Q12>=10,"TRANSITA","N/TRANSITA") -> TRANSITA | X12: =AVERAGE(S12,MAX(T12:U12),MAX(V12:W12)) -> 0 | Y12: =SUM(J12,Q12,X12)/3 -> 10.333333 | Z12: =IF(Y12>=10,"TRANSITA","N/TRANSITA") -> TRANSITA
B13: 5 | C13: Alda Catarina Mamata Balou | E13: 10 | F13: 6 | H13: 14 | J13: =AVERAGE(E13,MAX(F13:G13),MAX(H13:I13)) -> 10 | K13: =IF(J13>=10,"TRANSITA","N/TRANSITA") -> TRANSITA | L13: 14 | M13: 11 | O13: 6 | Q13: =AVERAGE(L13,MAX(M13:N13),MAX(O13:P13)) -> 10.333333 | R13: =IF(Q13>=10,"TRANSITA","N/TRANSITA") -> TRANSITA | X13: =AVERAGE(S13,MAX(T13:U13),MAX(V13:W13)) -> 0 | Y13: =SUM(J13,Q13,X13)/3 -> 6.7777778 | Z13: =IF(Y13>=10,"TRANSITA","N/TRANSITA") -> N/TRANSITA
B14: 6 | C14: Alice Bitumba Mavungo | E14: 10 | F14: 10 | H14: 11 | J14: =AVERAGE(E14,MAX(F14:G14),MAX(H14:I14)) -> 10.333333 | K14: =IF(J14>=10,"TRANSITA","N/TRANSITA") -> TRANSITA | L14: 13 | M14: 14 | O14: 6 | Q14: =AVERAGE(L14,MAX(M14:N14),MAX(O14:P14)) -> 11 | R14: =IF(Q14>=10,"TRANSITA","N/TRANSITA") -> TRANSITA | X14: =AVERAGE(S14,MAX(T14:U14),MAX(V14:W14)) -> 0 | Y14: =SUM(J14,Q14,X14)/3 -> 7.1111111 | Z14: =IF(Y14>=10,"TRANSITA","N/TRANSITA") -> N/TRANSITA
B15: 7 | C15: Amélia Chibamba Chiama | E15: 15 | F15: 7 | G15: 12 | H15: 14 | J15: =AVERAGE(E15,MAX(F15:G15),MAX(H15:I15)) -> 13.666667 | K15: =IF(J15>=10,"TRANSITA","N/TRANSITA") -> TRANSITA | L15: 16 | M15: 14 | O15: 14 | Q15: =AVERAGE(L15,MAX(M15:N15),MAX(O15:P15)) -> 14.666667 | R15: =IF(Q15>=10,"TRANSITA","N/TRANSITA") -> TRANSITA | X15: =AVERAGE(S15,MAX(T15:U15),MAX(V15:W15)) -> 0 | Y15: =SUM(J15,Q15,X15)/3 -> 9.4444444 | Z15: =IF(Y15>=10,"TRANSITA","N/TRANSITA") -> N/TRANSITA
B16: 8 | C16: Ana De Jesus Custódio Sambo | E16: 12 | F16: 10 | G16: 3 | H16: 8 | J16: =AVERAGE(E16,MAX(F16:G16),MAX(H16:I16)) -> 10 | K16: =IF(J16>=10,"TRANSITA","N/TRANSITA") -> TRANSITA | L16: 13 | M16: 14 | O16: 9 | Q16: =AVERAGE(L16,MAX(M16:N16),MAX(O16:P16)) -> 12 | R16: =IF(Q16>=10,"TRANSITA","N/TRANSITA") -> TRANSITA | X16: =AVERAGE(S16,MAX(T16:U16),MAX(V16:W16)) -> 0 | Y16: =SUM(J16,Q16,X16)/3 -> 7.3333333 | Z16: =IF(Y16>=10,"TRANSITA","N/TRANSITA") -> N/TRANSITA
B17: 9 | C17: Ana Soca Deca Luba | E17: 10 | F17: 2 | G17: 7 | H17: 6 | J17: =AVERAGE(E17,MAX(F17:G17),MAX(H17:I17)) -> 7.6666667 | K17: =IF(J17>=10,"TRANSITA","N/TRANSITA") -> N/TRANSITA | L17: 12 | M17: 10 | O17: 6 | Q17: =AVERAGE(L17,MAX(M17:N17),MAX(O17:P17)) -> 9.3333333 | R17: =IF(Q17>=10,"TRANSITA","N/TRANSITA") -> N/TRANSITA | X17: =AVERAGE(S17,MAX(T17:U17),MAX(V17:W17)) -> 0 | Y17: =SUM(J17,Q17,X17)/3 -> 5.6666667 | Z17: =IF(Y17>=10,"TRANSITA","N/TRANSITA") -> N/TRANSITA
B18: 10 | C18: Angelina Buanga Poba | E18: 11 | F18: 5 | H18: 9 | J18: =AVERAGE(E18,MAX(F18:G18),MAX(H18:I18)) -> 8.3333333 | K18: =IF(J18>=10,"TRANSITA","N/TRANSITA") -> N/TRANSITA | L18: 15 | M18: 10 | O18: 14 | Q18: =AVERAGE(L18,MAX(M18:N18),MAX(O18:P18)) -> 13 | R18: =IF(Q18>=10,"TRANSITA","N/TRANSITA") -> TRANSITA | X18: =AVERAGE(S18,MAX(T18:U18),MAX(V18:W18)) -> 0 | Y18: =SUM(J18,Q18,X18)/3 -> 7.1111111 | Z18: =IF(Y18>=10,"TRANSITA","N/TRANSITA") -> N/TRANSITA
B19: 11 | C19: Antoaneta Menga Futi Gime | E19: 16 | F19: 5 | G19: 13 | H19: 15 | J19: =AVERAGE(E19,MAX(F19:G19),MAX(H19:I19)) -> 14.666667 | K19: =IF(J19>=10,"TRANSITA","N/TRANSITA") -> TRANSITA | L19: 18 | M19: 15 | O19: 15 | Q19: =AVERAGE(L19,MAX(M19:N19),MAX(O19:P19)) -> 16 | R19: =IF(Q19>=10,"TRANSITA","N/TRANSITA") -> TRANSITA | X19: =AVERAGE(S19,MAX(T19:U19),MAX(V19:W19)) -> 0 | Y19: =SUM(J19,Q19,X19)/3 -> 10.222222 | Z19: =IF(Y19>=10,"TRANSITA","N/TRANSITA") -> TRANSITA
B20: 12 | C20: Arinalda De Canatividade Prata Bungo | E20: 16 | F20: 5 | G20: 17 | H20: 14 | J20: =AVERAGE(E20,MAX(F20:G20),MAX(H20:I20)) -> 15.666667 | K20: =IF(J20>=10,"TRANSITA","N/TRANSITA") -> TRANSITA | L20: 15 | M20: 14 | O20: 10 | Q20: =AVERAGE(L20,MAX(M20:N20),MAX(O20:P20)) -> 13 | R20: =IF(Q20>=10,"TRANSITA","N/TRANSITA") -> TRANSITA | X20: =AVERAGE(S20,MAX(T20:U20),MAX(V20:W20)) -> 0 | Y20: =SUM(J20,Q20,X20)/3 -> 9.5555556 | Z20: =IF(Y20>=10,"TRANSITA","N/TRANSITA") -> N/TRANSITA
B21: 13 | C21: Basílio Araújo Simba Mabiala | E21: 15 | F21: 8 | G21: 13 | H21: 16 | K21: =IF(J21>=10,"TRANSITA","N/TRANSITA") -> N/TRANSITA | L21: 10 | M21: 15 | O21: 13 | R21: =IF(Q21>=10,"TRANSITA","N/TRANSITA") -> N/TRANSITA | X21: =AVERAGE(S21,MAX(T21:U21),MAX(V21:W21)) -> 0 | Y21: =SUM(J21,Q21,X21)/3 -> 0 | Z21: =IF(Y21>=10,"TRANSITA","N/TRANSITA") -> N/TRANSITA
B22: 14 | C22: Carlota Mbungo Conde | E22: 14 | F22: 5 | H22: 11 | J22: =AVERAGE(E22,MAX(F22:G22),MAX(H22:I22)) -> 10 | K22: =IF(J22>=10,"TRANSITA","N/TRANSITA") -> TRANSITA | L22: 16 | M22: 9 | O22: 5 | Q22: =AVERAGE(L22,MAX(M22:N22),MAX(O22:P22)) -> 10 | R22: =IF(Q22>=10,"TRANSITA","N/TRANSITA") -> TRANSITA | X22: =AVERAGE(S22,MAX(T22:U22),MAX(V22:W22)) -> 0 | Y22: =SUM(J22,Q22,X22)/3 -> 6.6666667 | Z22: =IF(Y22>=10,"TRANSITA","N/TRANSITA") -> N/TRANSITA
B23: 15 | C23: Catarina Luemba Makuama | E23: 10 | F23: 1 | H23: 7 | J23: =AVERAGE(E23,MAX(F23:G23),MAX(H23:I23)) -> 6 | K23: =IF(J23>=10,"TRANSITA","N/TRANSITA") -> N/TRANSITA | L23: 14 | M23: 7 | O23: 12 | Q23: =AVERAGE(L23,MAX(M23:N23),MAX(O23:P23)) -> 11 | R23: =IF(Q23>=10,"TRANSITA","N/TRANSITA") -> TRANSITA | X23: =AVERAGE(S23,MAX(T23:U23),MAX(V23:W23)) -> 0 | Y23: =SUM(J23,Q23,X23)/3 -> 5.6666667 | Z23: =IF(Y23>=10,"TRANSITA","N/TRANSITA") -> N/TRANSITA
B24: 16 | C24: Cristina Conde Sassi | E24: 15 | F24: 9 | H24: 12 | J24: =AVERAGE(E24,MAX(F24:G24),MAX(H24:I24)) -> 12 | K24: =IF(J24>=10,"TRANSITA","N/TRANSITA") -> TRANSITA | L24: 13 | M24: 14 | O24: 10 | Q24: =AVERAGE(L24,MAX(M24:N24),MAX(O24:P24)) -> 12.333333 | R24: =IF(Q24>=10,"TRANSITA","N/TRANSITA") -> TRANSITA | X24: =AVERAGE(S24,MAX(T24:U24),MAX(V24:W24)) -> 0 | Y24: =SUM(J24,Q24,X24)/3 -> 8.1111111 | Z24: =IF(Y24>=10,"TRANSITA","N/TRANSITA") -> N/TRANSITA
B25: 17 | C25: Dorcas Milando Dembi | E25: 16 | F25: 5 | G25: 11 | H25: 8 | J25: =AVERAGE(E25,MAX(F25:G25),MAX(H25:I25)) -> 11.666667 | K25: =IF(J25>=10,"TRANSITA","N/TRANSITA") -> TRANSITA | L25: 15 | M25: 14 | O25: 10 | Q25: =AVERAGE(L25,MAX(M25:N25),MAX(O25:P25)) -> 13 | R25: =IF(Q25>=10,"TRANSITA","N/TRANSITA") -> TRANSITA | X25: =AVERAGE(S25,MAX(T25:U25),MAX(V25:W25)) -> 0 | Y25: =SUM(J25,Q25,X25)/3 -> 8.2222222 | Z25: =IF(Y25>=10,"TRANSITA","N/TRANSITA") -> N/TRANSITA
B26: 18 | C26: Elisa Zuzi Bumba Da Silva | E26: 14 | F26: 0 | G26: 15 | H26: 11 | J26: =AVERAGE(E26,MAX(F26:G26),MAX(H26:I26)) -> 13.333333 | K26: =IF(J26>=10,"TRANSITA","N/TRANSITA") -> TRANSITA | L26: 15 | M26: 11 | O26: 15 | Q26: =AVERAGE(L26,MAX(M26:N26),MAX(O26:P26)) -> 13.666667 | R26: =IF(Q26>=10,"TRANSITA","N/TRANSITA") -> TRANSITA | X26: =AVERAGE(S26,MAX(T26:U26),MAX(V26:W26)) -> 0 | Y26: =SUM(J26,Q26,X26)/3 -> 9 | Z26: =IF(Y26>=10,"TRANSITA","N/TRANSITA") -> N/TRANSITA
B27: 19 | C27: Felicidade Muanda Bititi | K27: =IF(J27>=10,"TRANSITA","N/TRANSITA") -> N/TRANSITA | R27: =IF(Q27>=10,"TRANSITA","N/TRANSITA") -> N/TRANSITA | X27: =AVERAGE(S27,MAX(T27:U27),MAX(V27:W27)) -> 0 | Y27: =SUM(J27,Q27,X27)/3 -> 0 | Z27: =IF(Y27>=10,"TRANSITA","N/TRANSITA") -> N/TRANSITA
B28: 20 | C28: Fernanda Pedro Tavares | E28: 15 | F28: 11 | G28: 10 | H28: 11 | J28: =AVERAGE(E28,MAX(F28:G28),MAX(H28:I28)) -> 12.333333 | K28: =IF(J28>=10,"TRANSITA","N/TRANSITA") -> TRANSITA | Q28: =AVERAGE(L28,MAX(M28:N28),MAX(O28:P28)) -> 0 | R28: =IF(Q28>=10,"TRANSITA","N/TRANSITA") -> N/TRANSITA | X28: =AVERAGE(S28,MAX(T28:U28),MAX(V28:W28)) -> 0 | Y28: =SUM(J28,Q28,X28)/3 -> 4.1111111 | Z28: =IF(Y28>=10,"TRANSITA","N/TRANSITA") -> N/TRANSITA
B29: 21 | C29: Gertrudes Buanga Zuzi | E29: 10 | F29: 1 | H29: 13 | J29: =AVERAGE(E29,MAX(F29:G29),MAX(H29:I29)) -> 8 | K29: =IF(J29>=10,"TRANSITA","N/TRANSITA") -> N/TRANSITA | L29: 10 | M29: 8 | O29: 7 | Q29: =AVERAGE(L29,MAX(M29:N29),MAX(O29:P29)) -> 8.3333333 | R29: =IF(Q29>=10,"TRANSITA","N/TRANSITA") -> N/TRANSITA | X29: =AVERAGE(S29,MAX(T29:U29),MAX(V29:W29)) -> 0 | Y29: =SUM(J29,Q29,X29)/3 -> 5.4444444 | Z29: =IF(Y29>=10,"TRANSITA","N/TRANSITA") -> N/TRANSITA
B30: 22 | C30: Helena Kalembela Miguel | E30: 10 | F30: 8 | H30: 15 | J30: =AVERAGE(E30,MAX(F30:G30),MAX(H30:I30)) -> 11 | K30: =IF(J30>=10,"TRANSITA","N/TRANSITA") -> TRANSITA | L30: 10 | M30: 14 | O30: 13 | Q30: =AVERAGE(L30,MAX(M30:N30),MAX(O30:P30)) -> 12.333333 | R30: =IF(Q30>=10,"TRANSITA","N/TRANSITA") -> TRANSITA | X30: =AVERAGE(S30,MAX(T30:U30),MAX(V30:W30)) -> 0 | Y30: =SUM(J30,Q30,X30)/3 -> 7.7777778 | Z30: =IF(Y30>=10,"TRANSITA","N/TRANSITA") -> N/TRANSITA
B31: 23 | C31: Helena Maravilha Zinga Sumbo | E31: 13 | F31: 3 | G31: 16 | H31: 13 | J31: =AVERAGE(E31,MAX(F31:G31),MAX(H31:I31)) -> 14 | K31: =IF(J31>=10,"TRANSITA","N/TRANSITA") -> TRANSITA | L31: 13 | M31: 17 | O31: 6 | Q31: =AVERAGE(L31,MAX(M31:N31),MAX(O31:P31)) -> 12 | R31: =IF(Q31>=10,"TRANSITA","N/TRANSITA") -> TRANSITA | X31: =AVERAGE(S31,MAX(T31:U31),MAX(V31:W31)) -> 0 | Y31: =SUM(J31,Q31,X31)/3 -> 8.6666667 | Z31: =IF(Y31>=10,"TRANSITA","N/TRANSITA") -> N/TRANSITA
B32: 24 | C32: Inês Filomena Muanda Baiona | E32: 15 | F32: 6 | G32: 9 | H32: 9 | J32: =AVERAGE(E32,MAX(F32:G32),MAX(H32:I32)) -> 11 | K32: =IF(J32>=10,"TRANSITA","N/TRANSITA") -> TRANSITA | L32: 15 | M32: 9 | O32: 10 | Q32: =AVERAGE(L32,MAX(M32:N32),MAX(O32:P32)) -> 11.333333 | R32: =IF(Q32>=10,"TRANSITA","N/TRANSITA") -> TRANSITA | X32: =AVERAGE(S32,MAX(T32:U32),MAX(V32:W32)) -> 0 | Y32: =SUM(J32,Q32,X32)/3 -> 7.4444444 | Z32: =IF(Y32>=10,"TRANSITA","N/TRANSITA") -> N/TRANSITA
B33: 25 | C33: Isabel Ndaia Muanda | E33: 14 | F33: 6 | G33: 14 | H33: 11 | J33: =AVERAGE(E33,MAX(F33:G33),MAX(H33:I33)) -> 13 | K33: =IF(J33>=10,"TRANSITA","N/TRANSITA") -> TRANSITA | L33: 14 | M33: 11 | O33: 5 | Q33: =AVERAGE(L33,MAX(M33:N33),MAX(O33:P33)) -> 10 | R33: =IF(Q33>=10,"TRANSITA","N/TRANSITA") -> TRANSITA | X33: =AVERAGE(S33,MAX(T33:U33),MAX(V33:W33)) -> 0 | Y33: =SUM(J33,Q33,X33)/3 -> 7.6666667 | Z33: =IF(Y33>=10,"TRANSITA","N/TRANSITA") -> N/TRANSITA
B34: 26 | C34: Janete Malonda Cunha | E34: 13 | F34: 9 | H34: 12 | J34: =AVERAGE(E34,MAX(F34:G34),MAX(H34:I34)) -> 11.333333 | K34: =IF(J34>=10,"TRANSITA","N/TRANSITA") -> TRANSITA | L34: 15 | M34: 14 | O34: 12 | Q34: =AVERAGE(L34,MAX(M34:N34),MAX(O34:P34)) -> 13.666667 | R34: =IF(Q34>=10,"TRANSITA","N/TRANSITA") -> TRANSITA | X34: =AVERAGE(S34,MAX(T34:U34),MAX(V34:W34)) -> 0 | Y34: =SUM(J34,Q34,X34)/3 -> 8.3333333 | Z34: =IF(Y34>=10,"TRANSITA","N/TRANSITA") -> N/TRANSITA
B35: 27 | C35: Joana Albertina Mango | E35: 12 | F35: 6 | G35: 8 | H35: 10 | J35: =AVERAGE(E35,MAX(F35:G35),MAX(H35:I35)) -> 10 | K35: =IF(J35>=10,"TRANSITA","N/TRANSITA") -> TRANSITA | L35: 10 | M35: 9 | O35: 5 | Q35: =AVERAGE(L35,MAX(M35:N35),MAX(O35:P35)) -> 8 | R35: =IF(Q35>=10,"TRANSITA","N/TRANSITA") -> N/TRANSITA | X35: =AVERAGE(S35,MAX(T35:U35),MAX(V35:W35)) -> 0 | Y35: =SUM(J35,Q35,X35)/3 -> 6 | Z35: =IF(Y35>=10,"TRANSITA","N/TRANSITA") -> N/TRANSITA
B36: 28 | C36: Joana Laura Futi Muana | E36: 12 | F36: 15 | H36: 10 | J36: =AVERAGE(E36,MAX(F36:G36),MAX(H36:I36)) -> 12.333333 | K36: =IF(J36>=10,"TRANSITA","N/TRANSITA") -> TRANSITA | L36: 13 | M36: 12 | O36: 10 | Q36: =AVERAGE(L36,MAX(M36:N36),MAX(O36:P36)) -> 11.666667 | R36: =IF(Q36>=10,"TRANSITA","N/TRANSITA") -> TRANSITA | X36: =AVERAGE(S36,MAX(T36:U36),MAX(V36:W36)) -> 0 | Y36: =SUM(J36,Q36,X36)/3 -> 8 | Z36: =IF(Y36>=10,"TRANSITA","N/TRANSITA") -> N/TRANSITA
B37: 29 | C37: Josefina Massanga Vumbi Goma | E37: 16 | F37: 16 | H37: 14 | J37: =AVERAGE(E37,MAX(F37:G37),MAX(H37:I37)) -> 15.333333 | K37: =IF(J37>=10,"TRANSITA","N/TRANSITA") -> TRANSITA | L37: 15 | M37: 16 | O37: 10 | Q37: =AVERAGE(L37,MAX(M37:N37),MAX(O37:P37)) -> 13.666667 | R37: =IF(Q37>=10,"TRANSITA","N/TRANSITA") -> TRANSITA | X37: =AVERAGE(S37,MAX(T37:U37),MAX(V37:W37)) -> 0 | Y37: =SUM(J37,Q37,X37)/3 -> 9.6666667 | Z37: =IF(Y37>=10,"TRANSITA","N/TRANSITA") -> N/TRANSITA
B38: 30 | C38: Jurema Bernadete Nsunda | E38: 13 | F38: 12 | H38: 15 | J38: =AVERAGE(E38,MAX(F38:G38),MAX(H38:I38)) -> 13.333333 | K38: =IF(J38>=10,"TRANSITA","N/TRANSITA") -> TRANSITA | L38: 18 | M38: 16 | O38: 16 | Q38: =AVERAGE(L38,MAX(M38:N38),MAX(O38:P38)) -> 16.666667 | R38: =IF(Q38>=10,"TRANSITA","N/TRANSITA") -> TRANSITA | X38: =AVERAGE(S38,MAX(T38:U38),MAX(V38:W38)) -> 0 | Y38: =SUM(J38,Q38,X38)/3 -> 10 | Z38: =IF(Y38>=10,"TRANSITA","N/TRANSITA") -> TRANSITA
B39: 31 | C39: Madalena Lando António | E39: 16 | F39: 5 | H39: 9 | J39: =AVERAGE(E39,MAX(F39:G39),MAX(H39:I39)) -> 10 | K39: =IF(J39>=10,"TRANSITA","N/TRANSITA") -> TRANSITA | L39: 14 | M39: 14 | O39: 6 | Q39: =AVERAGE(L39,MAX(M39:N39),MAX(O39:P39)) -> 11.333333 | R39: =IF(Q39>=10,"TRANSITA","N/TRANSITA") -> TRANSITA | X39: =AVERAGE(S39,MAX(T39:U39),MAX(V39:W39)) -> 0 | Y39: =SUM(J39,Q39,X39)/3 -> 7.1111111 | Z39: =IF(Y39>=10,"TRANSITA","N/TRANSITA") -> N/TRANSITA
B40: 32 | C40: Marcos Nduli Sechie Gouveia | E40: 18 | F40: 19 | H40: 17 | J40: =AVERAGE(E40,MAX(F40:G40),MAX(H40:I40)) -> 18 | K40: =IF(J40>=10,"TRANSITA","N/TRANSITA") -> TRANSITA | L40: 15 | M40: 19 | O40: 19 | Q40: =AVERAGE(L40,MAX(M40:N40),MAX(O40:P40)) -> 17.666667 | R40: =IF(Q40>=10,"TRANSITA","N/TRANSITA") -> TRANSITA | X40: =AVERAGE(S40,MAX(T40:U40),MAX(V40:W40)) -> 0 | Y40: =SUM(J40,Q40,X40)/3 -> 11.888889 | Z40: =IF(Y40>=10,"TRANSITA","N/TRANSITA") -> TRANSITA
B41: 33 | C41: Maria Buiti Tuadi Soca | E41: 16 | F41: 9 | G41: 17 | H41: 15 | J41: =AVERAGE(E41,MAX(F41:G41),MAX(H41:I41)) -> 16 | K41: =IF(J41>=10,"TRANSITA","N/TRANSITA") -> TRANSITA | L41: 16 | M41: 17 | O41: 18 | Q41: =AVERAGE(L41,MAX(M41:N41),MAX(O41:P41)) -> 17 | R41: =IF(Q41>=10,"TRANSITA","N/TRANSITA") -> TRANSITA | X41: =AVERAGE(S41,MAX(T41:U41),MAX(V41:W41)) -> 0 | Y41: =SUM(J41,Q41,X41)/3 -> 11 | Z41: =IF(Y41>=10,"TRANSITA","N/TRANSITA") -> TRANSITA
B42: 34 | C42: Maria Catarina Piosso | J42: =AVERAGE(E42,MAX(F42:G42),MAX(H42:I42)) -> 0 | K42: =IF(J42>=10,"TRANSITA","N/TRANSITA") -> N/TRANSITA | L42: 6 | M42: 14 | O42: 7 | Q42: =AVERAGE(L42,MAX(M42:N42),MAX(O42:P42)) -> 9 | R42: =IF(Q42>=10,"TRANSITA","N/TRANSITA") -> N/TRANSITA | X42: =AVERAGE(S42,MAX(T42:U42),MAX(V42:W42)) -> 0 | Y42: =SUM(J42,Q42,X42)/3 -> 3 | Z42: =IF(Y42>=10,"TRANSITA","N/TRANSITA") -> N/TRANSITA
B43: 35 | C43: Maria das Dores da Silva Lemos | E43: 15 | F43: 3 | G43: 15 | H43: 12 | J43: =AVERAGE(E43,MAX(F43:G43),MAX(H43:I43)) -> 14 | K43: =IF(J43>=10,"TRANSITA","N/TRANSITA") -> TRANSITA | L43: 12 | M43: 13 | O43: 10 | Q43: =AVERAGE(L43,MAX(M43:N43),MAX(O43:P43)) -> 11.666667 | R43: =IF(Q43>=10,"TRANSITA","N/TRANSITA") -> TRANSITA | X43: =AVERAGE(S43,MAX(T43:U43),MAX(V43:W43)) -> 0 | Y43: =SUM(J43,Q43,X43)/3 -> 8.5555556 | Z43: =IF(Y43>=10,"TRANSITA","N/TRANSITA") -> N/TRANSITA
B44: 36 | C44: Maria De Fátima Builo Luamba | E44: 12 | F44: 3 | G44: 11 | H44: 13 | J44: =AVERAGE(E44,MAX(F44:G44),MAX(H44:I44)) -> 12 | K44: =IF(J44>=10,"TRANSITA","N/TRANSITA") -> TRANSITA | L44: 10 | M44: 14 | O44: 4 | Q44: =AVERAGE(L44,MAX(M44:N44),MAX(O44:P44)) -> 9.3333333 | R44: =IF(Q44>=10,"TRANSITA","N/TRANSITA") -> N/TRANSITA | X44: =AVERAGE(S44,MAX(T44:U44),MAX(V44:W44)) -> 0 | Y44: =SUM(J44,Q44,X44)/3 -> 7.1111111 | Z44: =IF(Y44>=10,"TRANSITA","N/TRANSITA") -> N/TRANSITA
B45: 37 | C45: Maria Lando Panzo Quibinda | E45: 11 | F45: 5 | H45: 10 | J45: =AVERAGE(E45,MAX(F45:G45),MAX(H45:I45)) -> 8.6666667 | K45: =IF(J45>=10,"TRANSITA","N/TRANSITA") -> N/TRANSITA | L45: 13 | M45: 11 | O45: 6 | Q45: =AVERAGE(L45,MAX(M45:N45),MAX(O45:P45)) -> 10 | R45: =IF(Q45>=10,"TRANSITA","N/TRANSITA") -> TRANSITA | X45: =AVERAGE(S45,MAX(T45:U45),MAX(V45:W45)) -> 0 | Y45: =SUM(J45,Q45,X45)/3 -> 6.2222222 | Z45: =IF(Y45>=10,"TRANSITA","N/TRANSITA") -> N/TRANSITA
B46: 38 | C46: Maria Télica Conde | E46: 15 | F46: 2 | H46: 7 | J46: =AVERAGE(E46,MAX(F46:G46),MAX(H46:I46)) -> 8 | K46: =IF(J46>=10,"TRANSITA","N/TRANSITA") -> N/TRANSITA | L46: 14 | M46: 10 | O46: 4 | Q46: =AVERAGE(L46,MAX(M46:N46),MAX(O46:P46)) -> 9.3333333 | R46: =IF(Q46>=10,"TRANSITA","N/TRANSITA") -> N/TRANSITA | X46: =AVERAGE(S46,MAX(T46:U46),MAX(V46:W46)) -> 0 | Y46: =SUM(J46,Q46,X46)/3 -> 5.7777778 | Z46: =IF(Y46>=10,"TRANSITA","N/TRANSITA") -> N/TRANSITA
B47: 39 | C47: Natália Casimiro Muanda | E47: 15 | F47: 3 | G47: 11 | H47: 15 | J47: =AVERAGE(E47,MAX(F47:G47),MAX(H47:I47)) -> 13.666667 | K47: =IF(J47>=10,"TRANSITA","N/TRANSITA") -> TRANSITA | L47: 11 | M47: 12 | O47: 8 | Q47: =AVERAGE(L47,MAX(M47:N47),MAX(O47:P47)) -> 10.333333 | R47: =IF(Q47>=10,"TRANSITA","N/TRANSITA") -> TRANSITA | X47: =AVERAGE(S47,MAX(T47:U47),MAX(V47:W47)) -> 0 | Y47: =SUM(J47,Q47,X47)/3 -> 8 | Z47: =IF(Y47>=10,"TRANSITA","N/TRANSITA") -> N/TRANSITA
B48: 40 | C48: Natália Divina Luemba Chincócolo | E48: 14 | F48: 9 | H48: 13 | J48: =AVERAGE(E48,MAX(F48:G48),MAX(H48:I48)) -> 12 | K48: =IF(J48>=10,"TRANSITA","N/TRANSITA") -> TRANSITA | L48: 13 | M48: 14 | O48: 8 | Q48: =AVERAGE(L48,MAX(M48:N48),MAX(O48:P48)) -> 11.666667 | R48: =IF(Q48>=10,"TRANSITA","N/TRANSITA") -> TRANSITA | X48: =AVERAGE(S48,MAX(T48:U48),MAX(V48:W48)) -> 0 | Y48: =SUM(J48,Q48,X48)/3 -> 7.8888889 | Z48: =IF(Y48>=10,"TRANSITA","N/TRANSITA") -> N/TRANSITA
B49: 41 | C49: Pascoalina Betchi Tati | E49: 10 | F49: 2 | G49: 9 | H49: 13 | J49: =AVERAGE(E49,MAX(F49:G49),MAX(H49:I49)) -> 10.666667 | K49: =IF(J49>=10,"TRANSITA","N/TRANSITA") -> TRANSITA | L49: 12 | M49: 14 | O49: 3 | Q49: =AVERAGE(L49,MAX(M49:N49),MAX(O49:P49)) -> 9.6666667 | R49: =IF(Q49>=10,"TRANSITA","N/TRANSITA") -> N/TRANSITA | X49: =AVERAGE(S49,MAX(T49:U49),MAX(V49:W49)) -> 0 | Y49: =SUM(J49,Q49,X49)/3 -> 6.7777778 | Z49: =IF(Y49>=10,"TRANSITA","N/TRANSITA") -> N/TRANSITA
B50: 42 | C50: Pelágia Nsunda Poba Sassa | E50: 16 | F50: 16 | H50: 16 | J50: =AVERAGE(E50,MAX(F50:G50),MAX(H50:I50)) -> 16 | K50: =IF(J50>=10,"TRANSITA","N/TRANSITA") -> TRANSITA | L50: 18 | M50: 15 | O50: 14 | Q50: =AVERAGE(L50,MAX(M50:N50),MAX(O50:P50)) -> 15.666667 | R50: =IF(Q50>=10,"TRANSITA","N/TRANSITA") -> TRANSITA | X50: =AVERAGE(S50,MAX(T50:U50),MAX(V50:W50)) -> 0 | Y50: =SUM(J50,Q50,X50)/3 -> 10.555556 | Z50: =IF(Y50>=10,"TRANSITA","N/TRANSITA") -> TRANSITA
B51: 43 | C51: Rachel Celina André Mingas | E51: 10 | F51: 0 | H51: 11 | J51: =AVERAGE(E51,MAX(F51:G51),MAX(H51:I51)) -> 7 | K51: =IF(J51>=10,"TRANSITA","N/TRANSITA") -> N/TRANSITA | L51: 13 | M51: 11 | O51: 2 | Q51: =AVERAGE(L51,MAX(M51:N51),MAX(O51:P51)) -> 8.6666667 | R51: =IF(Q51>=10,"TRANSITA","N/TRANSITA") -> N/TRANSITA | X51: =AVERAGE(S51,MAX(T51:U51),MAX(V51:W51)) -> 0 | Y51: =SUM(J51,Q51,X51)/3 -> 5.2222222 | Z51: =IF(Y51>=10,"TRANSITA","N/TRANSITA") -> N/TRANSITA
B52: 44 | C52: Teresa Gertrudes Luzia Tati | E52: 12 | F52: 8 | G52: 7 | H52: 10 | J52: =AVERAGE(E52,MAX(F52:G52),MAX(H52:I52)) -> 10 | K52: =IF(J52>=10,"TRANSITA","N/TRANSITA") -> TRANSITA | L52: 10 | M52: 14 | O52: 9 | Q52: =AVERAGE(L52,MAX(M52:N52),MAX(O52:P52)) -> 11 | R52: =IF(Q52>=10,"TRANSITA","N/TRANSITA") -> TRANSITA | X52: =AVERAGE(S52,MAX(T52:U52),MAX(V52:W52)) -> 0 | Y52: =SUM(J52,Q52,X52)/3 -> 7 | Z52: =IF(Y52>=10,"TRANSITA","N/TRANSITA") -> N/TRANSITA
L53: 14.5 | M53: 10 | O53: 15
A55: O (A) Professor (a) | S55: O Subdirector Pedagógico
A56: _______________________________ | S56: ___________________________
S57: ALBERTO SASSA TATI

Sheet 11CL-AC-A-INGLES
A1: INSTITUTO TÉCNICO PRIVADO DE SAÚDE JOMORAIS
I3: DATA: 12/12/2025
B4: Classe: 11ª | I4: Disciplina: Língua Inglesa | V4: Ano Lectivo:2025/2026
B5: Período: Vespertino | E5: Turma: A | V5: Curso: ANÁLISES CLÍNICAS
B6: MINI-PAUTA - TÉCNICO DE SAÚDE
B7: Nº | C7: Nome do (a) Aluno (a) | D7: FALTAS | E7: Avaliações/I Trimestre | K7: OBS | L7: Avaliações/II Trimestre | R7: OBS | S7: Avaliações/IIITrimestre | Y7: MFD | Z7: OBS | AA7: M | AB7: F | AC7: TRANSITA | AD7: N/TRANSITA | AE7: E.E.F
D8: J/I | E8: MAC | F8: NPP | G8: NPR1 | H8: NPT | I8: NPR2 | J8: MT1 | L8: MAC | M8: NPP | N8: NPR1 | O8: NPT | P8: NPR2 | Q8: MT2 | S8: MAC | T8: NPP | U8: NPR1 | V8: NPT | W8: NPR2 | X8: MT3 | AA8: =COUNTIF(Z9:Z58,"M") -> 0 | AB8: =COUNTIF(Z9:Z58,"F") -> 0 | AC8: =COUNTIF(Z9:Z58,"TRANSITA") -> 22 | AD8: =COUNTIF(Z9:Z58,"N/TRANSITA") -> 22 | AE8: =COUNTIF(Z9:Z58,"E.E.F") -> 0
B9: 1 | C9: Abrão Gomes | E9: 12 | F9: 14 | H9: 14 | J9: =AVERAGE(E9,MAX(F9:G9),MAX(H9:I9)) -> 13.333333 | K9: =IF(J9>=10,"TRANSITA","N/TRANSITA") -> TRANSITA | L9: 16 | M9: 8 | O9: 15 | Q9: =AVERAGE(L9,MAX(M9:N9),MAX(O9:P9)) -> 13 | R9: =IF(Q9>=10,"TRANSITA","N/TRANSITA") -> TRANSITA | X9: =AVERAGE(S9,MAX(T9:U9),MAX(V9:W9)) -> 0 | Y9: =SUM(J9,Q9,X9)/3 -> 8.7777778 | Z9: =IF(Y9>=10,"TRANSITA","N/TRANSITA") -> N/TRANSITA
B10: 2 | C10: Agostinho Mbaki Baza | E10: 18 | F10: 20 | H10: 19 | J10: =AVERAGE(E10,MAX(F10:G10),MAX(H10:I10)) -> 19 | K10: =IF(J10>=10,"TRANSITA","N/TRANSITA") -> TRANSITA | L10: 20 | M10: 20 | O10: 20 | Q10: =AVERAGE(L10,MAX(M10:N10),MAX(O10:P10)) -> 20 | R10: =IF(Q10>=10,"TRANSITA","N/TRANSITA") -> TRANSITA | X10: =AVERAGE(S10,MAX(T10:U10),MAX(V10:W10)) -> 0 | Y10: =SUM(J10,Q10,X10)/3 -> 13 | Z10: =IF(Y10>=10,"TRANSITA","N/TRANSITA") -> TRANSITA | AA10: =SUM(AA8:AB9) -> 0
B11: 3 | C11: Albertina Vumbi Bazunga | E11: 17 | F11: 16 | H11: 13 | J11: =AVERAGE(E11,MAX(F11:G11),MAX(H11:I11)) -> 15.333333 | K11: =IF(J11>=10,"TRANSITA","N/TRANSITA") -> TRANSITA | L11: 16 | M11: 20 | O11: 16 | Q11: =AVERAGE(L11,MAX(M11:N11),MAX(O11:P11)) -> 17.333333 | R11: =IF(Q11>=10,"TRANSITA","N/TRANSITA") -> TRANSITA | X11: =AVERAGE(S11,MAX(T11:U11),MAX(V11:W11)) -> 0 | Y11: =SUM(J11,Q11,X11)/3 -> 10.888889 | Z11: =IF(Y11>=10,"TRANSITA","N/TRANSITA") -> TRANSITA
B12: 4 | C12: Alberto Mambo Simba | E12: 18 | F12: 15 | H12: 15 | J12: =AVERAGE(E12,MAX(F12:G12),MAX(H12:I12)) -> 16 | K12: =IF(J12>=10,"TRANSITA","N/TRANSITA") -> TRANSITA | L12: 20 | M12: 13 | O12: 20 | Q12: =AVERAGE(L12,MAX(M12:N12),MAX(O12:P12)) -> 17.666667 | R12: =IF(Q12>=10,"TRANSITA","N/TRANSITA") -> TRANSITA | X12: =AVERAGE(S12,MAX(T12:U12),MAX(V12:W12)) -> 0 | Y12: =SUM(J12,Q12,X12)/3 -> 11.222222 | Z12: =IF(Y12>=10,"TRANSITA","N/TRANSITA") -> TRANSITA
B13: 5 | C13: Alda Catarina Mamata Balou | E13: 12 | F13: 15 | H13: 10 | J13: =AVERAGE(E13,MAX(F13:G13),MAX(H13:I13)) -> 12.333333 | K13: =IF(J13>=10,"TRANSITA","N/TRANSITA") -> TRANSITA | L13: 15 | M13: 16 | O13: 18 | Q13: =AVERAGE(L13,MAX(M13:N13),MAX(O13:P13)) -> 16.333333 | R13: =IF(Q13>=10,"TRANSITA","N/TRANSITA") -> TRANSITA | X13: =AVERAGE(S13,MAX(T13:U13),MAX(V13:W13)) -> 0 | Y13: =SUM(J13,Q13,X13)/3 -> 9.5555556 | Z13: =IF(Y13>=10,"TRANSITA","N/TRANSITA") -> N/TRANSITA
B14: 6 | C14: Alice Bitumba Mavungo | E14: 8 | F14: 17 | H14: 14 | J14: =AVERAGE(E14,MAX(F14:G14),MAX(H14:I14)) -> 13 | K14: =IF(J14>=10,"TRANSITA","N/TRANSITA") -> TRANSITA | L14: 14 | M14: 20 | O14: 16 | Q14: =AVERAGE(L14,MAX(M14:N14),MAX(O14:P14)) -> 16.666667 | R14: =IF(Q14>=10,"TRANSITA","N/TRANSITA") -> TRANSITA | X14: =AVERAGE(S14,MAX(T14:U14),MAX(V14:W14)) -> 0 | Y14: =SUM(J14,Q14,X14)/3 -> 9.8888889 | Z14: =IF(Y14>=10,"TRANSITA","N/TRANSITA") -> N/TRANSITA
B15: 7 | C15: Amélia Chibamba Chiama | E15: 10 | F15: 14 | H15: 15 | J15: =AVERAGE(E15,MAX(F15:G15),MAX(H15:I15)) -> 13 | K15: =IF(J15>=10,"TRANSITA","N/TRANSITA") -> TRANSITA | L15: 18 | M15: 20 | O15: 18 | Q15: =AVERAGE(L15,MAX(M15:N15),MAX(O15:P15)) -> 18.666667 | R15: =IF(Q15>=10,"TRANSITA","N/TRANSITA") -> TRANSITA | X15: =AVERAGE(S15,MAX(T15:U15),MAX(V15:W15)) -> 0 | Y15: =SUM(J15,Q15,X15)/3 -> 10.555556 | Z15: =IF(Y15>=10,"TRANSITA","N/TRANSITA") -> TRANSITA
B16: 8 | C16: Ana De Jesus Custódio Sambo | E16: 18 | F16: 19 | H16: 17 | J16: =AVERAGE(E16,MAX(F16:G16),MAX(H16:I16)) -> 18 | K16: =IF(J16>=10,"TRANSITA","N/TRANSITA") -> TRANSITA | L16: 12 | M16: 18 | O16: 18 | Q16: =AVERAGE(L16,MAX(M16:N16),MAX(O16:P16)) -> 16 | R16: =IF(Q16>=10,"TRANSITA","N/TRANSITA") -> TRANSITA | X16: =AVERAGE(S16,MAX(T16:U16),MAX(V16:W16)) -> 0 | Y16: =SUM(J16,Q16,X16)/3 -> 11.333333 | Z16: =IF(Y16>=10,"TRANSITA","N/TRANSITA") -> TRANSITA
B17: 9 | C17: Ana Soca Deca Luba | E17: 13 | F17: 15 | H17: 16 | J17: =AVERAGE(E17,MAX(F17:G17),MAX(H17:I17)) -> 14.666667 | K17: =IF(J17>=10,"TRANSITA","N/TRANSITA") -> TRANSITA | L17: 11 | M17: 18 | O17: 10 | Q17: =AVERAGE(L17,MAX(M17:N17),MAX(O17:P17)) -> 13 | R17: =IF(Q17>=10,"TRANSITA","N/TRANSITA") -> TRANSITA | X17: =AVERAGE(S17,MAX(T17:U17),MAX(V17:W17)) -> 0 | Y17: =SUM(J17,Q17,X17)/3 -> 9.2222222 | Z17: =IF(Y17>=10,"TRANSITA","N/TRANSITA") -> N/TRANSITA
B18: 10 | C18: Angelina Buanga Poba | E18: 15 | F18: 14 | H18: 17 | J18: =AVERAGE(E18,MAX(F18:G18),MAX(H18:I18)) -> 15.333333 | K18: =IF(J18>=10,"TRANSITA","N/TRANSITA") -> TRANSITA | L18: 14 | M18: 10 | O18: 16 | Q18: =AVERAGE(L18,MAX(M18:N18),MAX(O18:P18)) -> 13.333333 | R18: =IF(Q18>=10,"TRANSITA","N/TRANSITA") -> TRANSITA | X18: =AVERAGE(S18,MAX(T18:U18),MAX(V18:W18)) -> 0 | Y18: =SUM(J18,Q18,X18)/3 -> 9.5555556 | Z18: =IF(Y18>=10,"TRANSITA","N/TRANSITA") -> N/TRANSITA
B19: 11 | C19: Antoaneta Menga Futi Gime | E19: 16 | F19: 15 | H19: 18 | J19: =AVERAGE(E19,MAX(F19:G19),MAX(H19:I19)) -> 16.333333 | K19: =IF(J19>=10,"TRANSITA","N/TRANSITA") -> TRANSITA | L19: 17 | M19: 20 | O19: 18 | Q19: =AVERAGE(L19,MAX(M19:N19),MAX(O19:P19)) -> 18.333333 | R19: =IF(Q19>=10,"TRANSITA","N/TRANSITA") -> TRANSITA | X19: =AVERAGE(S19,MAX(T19:U19),MAX(V19:W19)) -> 0 | Y19: =SUM(J19,Q19,X19)/3 -> 11.555556 | Z19: =IF(Y19>=10,"TRANSITA","N/TRANSITA") -> TRANSITA
B20: 12 | C20: Arinalda De Canatividade Prata Bungo | E20: 16 | F20: 19 | H20: 15 | J20: =AVERAGE(E20,MAX(F20:G20),MAX(H20:I20)) -> 16.666667 | K20: =IF(J20>=10,"TRANSITA","N/TRANSITA") -> TRANSITA | L20: 17 | M20: 17 | O20: 10 | Q20: =AVERAGE(L20,MAX(M20:N20),MAX(O20:P20)) -> 14.666667 | R20: =IF(Q20>=10,"TRANSITA","N/TRANSITA") -> TRANSITA | X20: =AVERAGE(S20,MAX(T20:U20),MAX(V20:W20)) -> 0 | Y20: =SUM(J20,Q20,X20)/3 -> 10.444444 | Z20: =IF(Y20>=10,"TRANSITA","N/TRANSITA") -> TRANSITA
B21: 13 | C21: Basílio Araújo Simba Mabiala | E21: 17 | F21: 15 | H21: 17 | J21: =AVERAGE(E21,MAX(F21:G21),MAX(H21:I21)) -> 16.333333 | K21: =IF(J21>=10,"TRANSITA","N/TRANSITA") -> TRANSITA | L21: 19 | M21: 15 | O21: 20 | Q21: =AVERAGE(L21,MAX(M21:N21),MAX(O21:P21)) -> 18 | R21: =IF(Q21>=10,"TRANSITA","N/TRANSITA") -> TRANSITA | X21: =AVERAGE(S21,MAX(T21:U21),MAX(V21:W21)) -> 0 | Y21: =SUM(J21,Q21,X21)/3 -> 11.444444 | Z21: =IF(Y21>=10,"TRANSITA","N/TRANSITA") -> TRANSITA
B22: 14 | C22: Carlota Mbungo Conde | E22: 10 | F22: 8 | H22: 12 | J22: =AVERAGE(E22,MAX(F22:G22),MAX(H22:I22)) -> 10 | K22: =IF(J22>=10,"TRANSITA","N/TRANSITA") -> TRANSITA | L22: 14 | M22: 20 | O22: 16 | Q22: =AVERAGE(L22,MAX(M22:N22),MAX(O22:P22)) -> 16.666667 | R22: =IF(Q22>=10,"TRANSITA","N/TRANSITA") -> TRANSITA | X22: =AVERAGE(S22,MAX(T22:U22),MAX(V22:W22)) -> 0 | Y22: =SUM(J22,Q22,X22)/3 -> 8.8888889 | Z22: =IF(Y22>=10,"TRANSITA","N/TRANSITA") -> N/TRANSITA
... B26: 18 | C26: Elisa Zuzi Bumba Da Silva | E26: 15 | F26: 20 | H26: 20 | J26: =AVERAGE(E26,MAX(F26:G26),MAX(H26:I26)) -> 18.333333 | K26: =IF(J26>=10,"TRANSITA","N/TRANSITA") -> TRANSITA | L26: 16 | M26: 15 | O26: 20 | Q26: =AVERAGE(L26,MAX(M26:N26),MAX(O26:P26)) -> 17 | R26: =IF(Q26>=10,"TRANSITA","N/TRANSITA") -> TRANSITA | X26: =AVERAGE(S26,MAX(T26:U26),MAX(V26:W26)) -> 0 | Y26: =SUM(J26,Q26,X26)/3 -> 11.777778 | Z26: =IF(Y26>=10,"TRANSITA","N/TRANSITA") -> TRANSITA
B27: 19 | C27: Felicidade Muanda Bititi | J27: =AVERAGE(E27,MAX(F27:G27),MAX(H27:I27)) -> 0 | K27: =IF(J27>=10,"TRANSITA","N/TRANSITA") -> N/TRANSITA | Q27: =AVERAGE(L27,MAX(M27:N27),MAX(O27:P27)) -> 0 | R27: =IF(Q27>=10,"TRANSITA","N/TRANSITA") -> N/TRANSITA | X27: =AVERAGE(S27,MAX(T27:U27),MAX(V27:W27)) -> 0 | Y27: =SUM(J27,Q27,X27)/3 -> 0 | Z27: =IF(Y27>=10,"TRANSITA","N/TRANSITA") -> N/TRANSITA
B28: 20 | C28: Fernanda Pedro Tavares | E28: 14 | F28: 16 | H28: 17 | J28: =AVERAGE(E28,MAX(F28:G28),MAX(H28:I28)) -> 15.666667 | K28: =IF(J28>=10,"TRANSITA","N/TRANSITA") -> TRANSITA | Q28: =AVERAGE(L28,MAX(M28:N28),MAX(O28:P28)) -> 0 | R28: =IF(Q28>=10,"TRANSITA","N/TRANSITA") -> N/TRANSITA | X28: =AVERAGE(S28,MAX(T28:U28),MAX(V28:W28)) -> 0 | Y28: =SUM(J28,Q28,X28)/3 -> 5.2222222 | Z28: =IF(Y28>=10,"TRANSITA","N/TRANSITA") -> N/TRANSITA
B29: 21 | C29: Gertrudes Buanga Zuzi | E29: 10 | F29: 14 | H29: 6 | J29: =AVERAGE(E29,MAX(F29:G29),MAX(H29:I29)) -> 10 | K29: =IF(J29>=10,"TRANSITA","N/TRANSITA") -> TRANSITA | L29: 4 | M29: 11 | O29: 12 | Q29: =AVERAGE(L29,MAX(M29:N29),MAX(O29:P29)) -> 9 | R29: =IF(Q29>=10,"TRANSITA","N/TRANSITA") -> N/TRANSITA | X29: =AVERAGE(S29,MAX(T29:U29),MAX(V29:W29)) -> 0 | Y29: =SUM(J29,Q29,X29)/3 -> 6.3333333 | Z29: =IF(Y29>=10,"TRANSITA","N/TRANSITA") -> N/TRANSITA
B30: 22 | C30: Helena Kalembela Miguel | E30: 16 | F30: 14 | H30: 12 | J30: =AVERAGE(E30,MAX(F30:G30),MAX(H30:I30)) -> 14 | K30: =IF(J30>=10,"TRANSITA","N/TRANSITA") -> TRANSITA | L30: 15 | M30: 18 | O30: 17 | Q30: =AVERAGE(L30,MAX(M30:N30),MAX(O30:P30)) -> 16.666667 | R30: =IF(Q30>=10,"TRANSITA","N/TRANSITA") -> TRANSITA | X30: =AVERAGE(S30,MAX(T30:U30),MAX(V30:W30)) -> 0 | Y30: =SUM(J30,Q30,X30)/3 -> 10.222222 | Z30: =IF(Y30>=10,"TRANSITA","N/TRANSITA") -> TRANSITA
B31: 23 | C31: Helena Maravilha Zinga Sumbo | E31: 12 | F31: 20 | H31: 19 | J31: =AVERAGE(E31,MAX(F31:G31),MAX(H31:I31)) -> 17 | K31: =IF(J31>=10,"TRANSITA","N/TRANSITA") -> TRANSITA | L31: 5 | M31: 14 | O31: 19 | Q31: =AVERAGE(L31,MAX(M31:N31),MAX(O31:P31)) -> 12.666667 | R31: =IF(Q31>=10,"TRANSITA","N/TRANSITA") -> TRANSITA | X31: =AVERAGE(S31,MAX(T31:U31),MAX(V31:W31)) -> 0 | Y31: =SUM(J31,Q31,X31)/3 -> 9.8888889 | Z31: =IF(Y31>=10,"TRANSITA","N/TRANSITA") -> N/TRANSITA
B32: 24 | C32: Inês Filomena Muanda Baiona | E32: 12 | F32: 7 | H32: 8 | J32: =AVERAGE(E32,MAX(F32:G32),MAX(H32:I32)) -> 9 | K32: =IF(J32>=10,"TRANSITA","N/TRANSITA") -> N/TRANSITA | L32: 15 | M32: 20 | O32: 15 | Q32: =AVERAGE(L32,MAX(M32:N32),MAX(O32:P32)) -> 16.666667 | R32: =IF(Q32>=10,"TRANSITA","N/TRANSITA") -> TRANSITA | X32: =AVERAGE(S32,MAX(T32:U32),MAX(V32:W32)) -> 0 | Y32: =SUM(J32,Q32,X32)/3 -> 8.5555556 | Z32: =IF(Y32>=10,"TRANSITA","N/TRANSITA") -> N/TRANSITA
B33: 25 | C33: Isabel Ndaia Muanda | E33: 8 | F33: 13 | H33: 8 | J33: =AVERAGE(E33,MAX(F33:G33),MAX(H33:I33)) -> 9.6666667 | K33: =IF(J33>=10,"TRANSITA","N/TRANSITA") -> N/TRANSITA | L33: 14 | M33: 15 | O33: 15 | Q33: =AVERAGE(L33,MAX(M33:N33),MAX(O33:P33)) -> 14.666667 | R33: =IF(Q33>=10,"TRANSITA","N/TRANSITA") -> TRANSITA | X33: =AVERAGE(S33,MAX(T33:U33),MAX(V33:W33)) -> 0 | Y33: =SUM(J33,Q33,X33)/3 -> 8.1111111 | Z33: =IF(Y33>=10,"TRANSITA","N/TRANSITA") -> N/TRANSITA
B34: 26 | C34: Janete Malonda Cunha | E34: 15 | F34: 16 | H34: 16 | J34: =AVERAGE(E34,MAX(F34:G34),MAX(H34:I34)) -> 15.666667 | K34: =IF(J34>=10,"TRANSITA","N/TRANSITA") -> TRANSITA | L34: 17 | M34: 13 | O34: 16 | Q34: =AVERAGE(L34,MAX(M34:N34),MAX(O34:P34)) -> 15.333333 | R34: =IF(Q34>=10,"TRANSITA","N/TRANSITA") -> TRANSITA | X34: =AVERAGE(S34,MAX(T34:U34),MAX(V34:W34)) -> 0 | Y34: =SUM(J34,Q34,X34)/3 -> 10.333333 | Z34: =IF(Y34>=10,"TRANSITA","N/TRANSITA") -> TRANSITA
B35: 27 | C35: Joana Albertina Mango | E35: 12 | F35: 10 | H35: 6 | J35: =AVERAGE(E35,MAX(F35:G35),MAX(H35:I35)) -> 9.3333333 | K35: =IF(J35>=10,"TRANSITA","N/TRANSITA") -> N/TRANSITA | L35: 11 | M35: 16 | O35: 10 | Q35: =AVERAGE(L35,MAX(M35:N35),MAX(O35:P35)) -> 12.333333 | R35: =IF(Q35>=10,"TRANSITA","N/TRANSITA") -> TRANSITA | X35: =AVERAGE(S35,MAX(T35:U35),MAX(V35:W35)) -> 0 | Y35: =SUM(J35,Q35,X35)/3 -> 7.2222222 | Z35: =IF(Y35>=10,"TRANSITA","N/TRANSITA") -> N/TRANSITA
B36: 28 | C36: Joana Laura Futi Muana | E36: 8 | F36: 15 | H36: 10 | J36: =AVERAGE(E36,MAX(F36:G36),MAX(H36:I36)) -> 11 | K36: =IF(J36>=10,"TRANSITA","N/TRANSITA") -> TRANSITA | L36: 10 | M36: 17 | O36: 10 | Q36: =AVERAGE(L36,MAX(M36:N36),MAX(O36:P36)) -> 12.333333 | R36: =IF(Q36>=10,"TRANSITA","N/TRANSITA") -> TRANSITA | X36: =AVERAGE(S36,MAX(T36:U36),MAX(V36:W36)) -> 0 | Y36: =SUM(J36,Q36,X36)/3 -> 7.7777778 | Z36: =IF(Y36>=10,"TRANSITA","N/TRANSITA") -> N/TRANSITA
B37: 29 | C37: Josefina Massanga Vumbi Goma | E37: 17 | F37: 13 | H37: 20 | J37: =AVERAGE(E37,MAX(F37:G37),MAX(H37:I37)) -> 16.666667 | K37: =IF(J37>=10,"TRANSITA","N/TRANSITA") -> TRANSITA | L37: 19 | M37: 18 | O37: 20 | Q37: =AVERAGE(L37,MAX(M37:N37),MAX(O37:P37)) -> 19 | R37: =IF(Q37>=10,"TRANSITA","N/TRANSITA") -> TRANSITA | X37: =AVERAGE(S37,MAX(T37:U37),MAX(V37:W37)) -> 0 | Y37: =SUM(J37,Q37,X37)/3 -> 11.888889 | Z37: =IF(Y37>=10,"TRANSITA","N/TRANSITA") -> TRANSITA
B38: 30 | C38: Jurema Bernadete Nsunda | E38: 17 | F38: 16 | H38: 16 | J38: =AVERAGE(E38,MAX(F38:G38),MAX(H38:I38)) -> 16.333333 | K38: =IF(J38>=10,"TRANSITA","N/TRANSITA") -> TRANSITA | L38: 17 | M38: 20 | O38: 16 | Q38: =AVERAGE(L38,MAX(M38:N38),MAX(O38:P38)) -> 17.666667 | R38: =IF(Q38>=10,"TRANSITA","N/TRANSITA") -> TRANSITA | X38: =AVERAGE(S38,MAX(T38:U38),MAX(V38:W38)) -> 0 | Y38: =SUM(J38,Q38,X38)/3 -> 11.333333 | Z38: =IF(Y38>=10,"TRANSITA","N/TRANSITA") -> TRANSITA
B39: 31 | C39: Madalena Lando António | E39: 17 | F39: 14 | H39: 14 | J39: =AVERAGE(E39,MAX(F39:G39),MAX(H39:I39)) -> 15 | K39: =IF(J39>=10,"TRANSITA","N/TRANSITA") -> TRANSITA | L39: 14 | M39: 18 | O39: 20 | Q39: =AVERAGE(L39,MAX(M39:N39),MAX(O39:P39)) -> 17.333333 | R39: =IF(Q39>=10,"TRANSITA","N/TRANSITA") -> TRANSITA | X39: =AVERAGE(S39,MAX(T39:U39),MAX(V39:W39)) -> 0 | Y39: =SUM(J39,Q39,X39)/3 -> 10.777778 | Z39: =IF(Y39>=10,"TRANSITA","N/TRANSITA") -> TRANSITA
B40: 32 | C40: Marcos Nduli Sechie Gouveia | E40: 18 | F40: 14 | H40: 20 | J40: =AVERAGE(E40,MAX(F40:G40),MAX(H40:I40)) -> 17.333333 | K40: =IF(J40>=10,"TRANSITA","N/TRANSITA") -> TRANSITA | L40: 20 | M40: 11 | O40: 20 | Q40: =AVERAGE(L40,MAX(M40:N40),MAX(O40:P40)) -> 17 | R40: =IF(Q40>=10,"TRANSITA","N/TRANSITA") -> TRANSITA | X40: =AVERAGE(S40,MAX(T40:U40),MAX(V40:W40)) -> 0 | Y40: =SUM(J40,Q40,X40)/3 -> 11.444444 | Z40: =IF(Y40>=10,"TRANSITA","N/TRANSITA") -> TRANSITA
... B52: 44 | C52: Teresa Gertrudes Luzia Tati | E52: 10 | F52: 13 | H52: 16 | J52: =AVERAGE(E52,MAX(F52:G52),MAX(H52:I52)) -> 13 | K52: =IF(J52>=10,"TRANSITA","N/TRANSITA") -> TRANSITA | L52: 16 | M52: 20 | O52: 10 | Q52: =AVERAGE(L52,MAX(M52:N52),MAX(O52:P52)) -> 15.333333 | R52: =IF(Q52>=10,"TRANSITA","N/TRANSITA") -> TRANSITA | X52: =AVERAGE(S52,MAX(T52:U52),MAX(V52:W52)) -> 0 | Y52: =SUM(J52,Q52,X52)/3 -> 9.4444444 | Z52: =IF(Y52>=10,"TRANSITA","N/TRANSITA") -> N/TRANSITA
A55: O (A) Professor (a) | S55: O Subdirector Pedagógico
A56: _______________________________ | S56: ___________________________
S57: ALBERTO SASSA TATI

Sheet 11CL-AC-A-QCA ORG.
A1: INSTITUTO TÉCNICO PRIVADO DE SAÚDE JOMORAIS
I3: DATA: 12/12/2025
B4: Classe: 11ª | I4: Disciplina: Química Orgânica | V4: Ano Lectivo:2025/2026
B5: Período: Vespertino | E5: Turma: A | V5: Curso: ANÁLISES CLÍNICAS
B6: MINI-PAUTA - TÉCNICO DE SAÚDE
B7: Nº | C7: Nome do (a) Aluno (a) | D7: FALTAS | E7: Avaliações/I Trimestre | K7: OBS | L7: Avaliações/II Trimestre | R7: OBS | S7: Avaliações/IIITrimestre | Y7: MFD | Z7: OBS | AA7: M | AB7: F | AC7: TRANSITA | AD7: N/TRANSITA | AE7: E.E.F
D8: J/I | E8: MAC | F8: NPP | G8: NPR1 | H8: NPT | I8: NPR2 | J8: MT1 | L8: MAC | M8: NPP | N8: NPR1 | O8: NPT | P8: NPR2 | Q8: MT2 | S8: MAC | T8: NPP | U8: NPR1 | V8: NPT | W8: NPR2 | X8: MT3 | AA8: =COUNTIF(Z9:Z58,"M") -> 0 | AB8: =COUNTIF(Z9:Z58,"F") -> 0 | AC8: =COUNTIF(Z9:Z58,"TRANSITA") -> 8 | AD8: =COUNTIF(Z9:Z58,"N/TRANSITA") -> 36 | AE8: =COUNTIF(Z9:Z58,"E.E.F") -> 0
B9: 1 | C9: Abrão Gomes | E9: 12 | F9: 12 | H9: 5 | I9: 10 | J9: =AVERAGE(E9,MAX(F9:G9),MAX(H9:I9)) -> 11.333333 | K9: =IF(J9>=10,"TRANSITA","N/TRANSITA") -> TRANSITA | L9: 12 | M9: 5 | O9: 15 | Q9: =AVERAGE(L9,MAX(M9:N9),MAX(O9:P9)) -> 10.666667 | R9: =IF(Q9>=10,"TRANSITA","N/TRANSITA") -> TRANSITA | X9: =AVERAGE(S9,MAX(T9:U9),MAX(V9:W9)) -> 0 | Y9: =SUM(J9,Q9,X9)/3 -> 7.3333333 | Z9: =IF(Y9>=10,"TRANSITA","N/TRANSITA") -> N/TRANSITA
B10: 2 | C10: Agostinho Mbaki Baza | E10: 17 | F10: 20 | H10: 9 | I10: 15 | J10: =AVERAGE(E10,MAX(F10:G10),MAX(H10:I10)) -> 17.333333 | K10: =IF(J10>=10,"TRANSITA","N/TRANSITA") -> TRANSITA | L10: 18 | M10: 16 | O10: 20 | Q10: =AVERAGE(L10,MAX(M10:N10),MAX(O10:P10)) -> 18 | R10: =IF(Q10>=10,"TRANSITA","N/TRANSITA") -> TRANSITA | X10: =AVERAGE(S10,MAX(T10:U10),MAX(V10:W10)) -> 0 | Y10: =SUM(J10,Q10,X10)/3 -> 11.777778 | Z10: =IF(Y10>=10,"TRANSITA","N/TRANSITA") -> TRANSITA | AA10: =SUM(AA8:AB9) -> 0
B11: 3 | C11: Albertina Vumbi Bazunga | E11: 15 | F11: 12 | H11: 10 | J11: =AVERAGE(E11,MAX(F11:G11),MAX(H11:I11)) -> 12.333333 | K11: =IF(J11>=10,"TRANSITA","N/TRANSITA") -> TRANSITA | L11: 7 | M11: 9 | O11: 13 | Q11: =AVERAGE(L11,MAX(M11:N11),MAX(O11:P11)) -> 9.6666667 | R11: =IF(Q11>=10,"TRANSITA","N/TRANSITA") -> N/TRANSITA | X11: =AVERAGE(S11,MAX(T11:U11),MAX(V11:W11)) -> 0 | Y11: =SUM(J11,Q11,X11)/3 -> 7.3333333 | Z11: =IF(Y11>=10,"TRANSITA","N/TRANSITA") -> N/TRANSITA
B12: 4 | C12: Alberto Mambo Simba | E12: 17 | F12: 20 | H12: 8.5 | J12: =AVERAGE(E12,MAX(F12:G12),MAX(H12:I12)) -> 15.166667 | K12: =IF(J12>=10,"TRANSITA","N/TRANSITA") -> TRANSITA | L12: 16 | M12: 20 | O12: 5 | Q12: =AVERAGE(L12,MAX(M12:N12),MAX(O12:P12)) -> 13.666667 | R12: =IF(Q12>=10,"TRANSITA","N/TRANSITA") -> TRANSITA | X12: =AVERAGE(S12,MAX(T12:U12),MAX(V12:W12)) -> 0 | Y12: =SUM(J12,Q12,X12)/3 -> 9.6111111 | Z12: =IF(Y12>=10,"TRANSITA","N/TRANSITA") -> N/TRANSITA
B13: 5 | C13: Alda Catarina Mamata Balou | E13: 5 | F13: 6 | H13: 4 | J13: =AVERAGE(E13,MAX(F13:G13),MAX(H13:I13)) -> 5 | K13: =IF(J13>=10,"TRANSITA","N/TRANSITA") -> N/TRANSITA | L13: 12 | M13: 10 | O13: 10 | Q13: =AVERAGE(L13,MAX(M13:N13),MAX(O13:P13)) -> 10.666667 | R13: =IF(Q13>=10,"TRANSITA","N/TRANSITA") -> TRANSITA | X13: =AVERAGE(S13,MAX(T13:U13),MAX(V13:W13)) -> 0 | Y13: =SUM(J13,Q13,X13)/3 -> 5.2222222 | Z13: =IF(Y13>=10,"TRANSITA","N/TRANSITA") -> N/TRANSITA
B14: 6 | C14: Alice Bitumba Mavungo | E14: 7 | F14: 13.5 | H14: 9 | I14: 10 | J14: =AVERAGE(E14,MAX(F14:G14),MAX(H14:I14)) -> 10.166667 | K14: =IF(J14>=10,"TRANSITA","N/TRANSITA") -> TRANSITA | L14: 10 | M14: 5 | O14: 13 | Q14: =AVERAGE(L14,MAX(M14:N14),MAX(O14:P14)) -> 9.3333333 | R14: =IF(Q14>=10,"TRANSITA","N/TRANSITA") -> N/TRANSITA | X14: =AVERAGE(S14,MAX(T14:U14),MAX(V14:W14)) -> 0 | Y14: =SUM(J14,Q14,X14)/3 -> 6.5 | Z14: =IF(Y14>=10,"TRANSITA","N/TRANSITA") -> N/TRANSITA
B15: 7 | C15: Amélia Chibamba Chiama | E15: 17 | F15: 20 | H15: 10 | J15: =AVERAGE(E15,MAX(F15:G15),MAX(H15:I15)) -> 15.666667 | K15: =IF(J15>=10,"TRANSITA","N/TRANSITA") -> TRANSITA | L15: 18 | M15: 10 | N15: 20 | O15: 12 | Q15: =AVERAGE(L15,MAX(M15:N15),MAX(O15:P15)) -> 16.666667 | R15: =IF(Q15>=10,"TRANSITA","N/TRANSITA") -> TRANSITA | X15: =AVERAGE(S15,MAX(T15:U15),MAX(V15:W15)) -> 0 | Y15: =SUM(J15,Q15,X15)/3 -> 10.777778 | Z15: =IF(Y15>=10,"TRANSITA","N/TRANSITA") -> TRANSITA
B16: 8 | C16: Ana De Jesus Custódio Sambo | E16: 17 | F16: 20 | H16: 10 | I16: 15 | J16: =AVERAGE(E16,MAX(F16:G16),MAX(H16:I16)) -> 17.333333 | K16: =IF(J16>=10,"TRANSITA","N/TRANSITA") -> TRANSITA | L16: 12 | M16: 10 | O16: 12 | Q16: =AVERAGE(L16,MAX(M16:N16),MAX(O16:P16)) -> 11.333333 | R16: =IF(Q16>=10,"TRANSITA","N/TRANSITA") -> TRANSITA | X16: =AVERAGE(S16,MAX(T16:U16),MAX(V16:W16)) -> 0 | Y16: =SUM(J16,Q16,X16)/3 -> 9.5555556 | Z16: =IF(Y16>=10,"TRANSITA","N/TRANSITA") -> N/TRANSITA
B17: 9 | C17: Ana Soca Deca Luba | E17: 5 | F17: 3.5 | H17: 9 | J17: =AVERAGE(E17,MAX(F17:G17),MAX(H17:I17)) -> 5.8333333 | K17: =IF(J17>=10,"TRANSITA","N/TRANSITA") -> N/TRANSITA | L17: 10 | M17: 5 | O17: 5 | Q17: =AVERAGE(L17,MAX(M17:N17),MAX(O17:P17)) -> 6.6666667 | R17: =IF(Q17>=10,"TRANSITA","N/TRANSITA") -> N/TRANSITA | X17: =AVERAGE(S17,MAX(T17:U17),MAX(V17:W17)) -> 0 | Y17: =SUM(J17,Q17,X17)/3 -> 4.1666667 | Z17: =IF(Y17>=10,"TRANSITA","N/TRANSITA") -> N/TRANSITA
B18: 10 | C18: Angelina Buanga Poba | E18: 5 | F18: 3 | H18: 0 | J18: =AVERAGE(E18,MAX(F18:G18),MAX(H18:I18)) -> 2.6666667 | K18: =IF(J18>=10,"TRANSITA","N/TRANSITA") -> N/TRANSITA | L18: 14 | M18: 10 | O18: 6 | Q18: =AVERAGE(L18,MAX(M18:N18),MAX(O18:P18)) -> 10 | R18: =IF(Q18>=10,"TRANSITA","N/TRANSITA") -> TRANSITA | X18: =AVERAGE(S18,MAX(T18:U18),MAX(V18:W18)) -> 0 | Y18: =SUM(J18,Q18,X18)/3 -> 4.2222222 | Z18: =IF(Y18>=10,"TRANSITA","N/TRANSITA") -> N/TRANSITA
B19: 11 | C19: Antoaneta Menga Futi Gime | E19: 14 | F19: 11 | H19: 11 | J19: =AVERAGE(E19,MAX(F19:G19),MAX(H19:I19)) -> 12 | K19: =IF(J19>=10,"TRANSITA","N/TRANSITA") -> TRANSITA | L19: 15 | M19: 10 | O19: 15 | Q19: =AVERAGE(L19,MAX(M19:N19),MAX(O19:P19)) -> 13.333333 | R19: =IF(Q19>=10,"TRANSITA","N/TRANSITA") -> TRANSITA | X19: =AVERAGE(S19,MAX(T19:U19),MAX(V19:W19)) -> 0 | Y19: =SUM(J19,Q19,X19)/3 -> 8.4444444 | Z19: =IF(Y19>=10,"TRANSITA","N/TRANSITA") -> N/TRANSITA
B20: 12 | C20: Arinalda De Canatividade Prata Bungo | E20: 14 | F20: 13 | H20: 9 | I20: 15 | J20: =AVERAGE(E20,MAX(F20:G20),MAX(H20:I20)) -> 14 | K20: =IF(J20>=10,"TRANSITA","N/TRANSITA") -> TRANSITA | L20: 18 | M20: 10 | O20: 15 | Q20: =AVERAGE(L20,MAX(M20:N20),MAX(O20:P20)) -> 14.333333 | R20: =IF(Q20>=10,"TRANSITA","N/TRANSITA") -> TRANSITA | X20: =AVERAGE(S20,MAX(T20:U20),MAX(V20:W20)) -> 0 | Y20: =SUM(J20,Q20,X20)/3 -> 9.4444444 | Z20: =IF(Y20>=10,"TRANSITA","N/TRANSITA") -> N/TRANSITA
B21: 13 | C21: Basílio Araújo Simba Mabiala | E21: 17 | F21: 13 | H21: 12 | I21: 15 | J21: =AVERAGE(E21,MAX(F21:G21),MAX(H21:I21)) -> 15 | K21: =IF(J21>=10,"TRANSITA","N/TRANSITA") -> TRANSITA | L21: 16 | M21: 20 | O21: 15 | Q21: =AVERAGE(L21,MAX(M21:N21),MAX(O21:P21)) -> 17 | R21: =IF(Q21>=10,"TRANSITA","N/TRANSITA") -> TRANSITA | X21: =AVERAGE(S21,MAX(T21:U21),MAX(V21:W21)) -> 0 | Y21: =SUM(J21,Q21,X21)/3 -> 10.666667 | Z21: =IF(Y21>=10,"TRANSITA","N/TRANSITA") -> TRANSITA
B22: 14 | C22: Carlota Mbungo Conde | E22: 5 | F22: 1.5 | H22: 0 | J22: =AVERAGE(E22,MAX(F22:G22),MAX(H22:I22)) -> 2.1666667 | K22: =IF(J22>=10,"TRANSITA","N/TRANSITA") -> N/TRANSITA | L22: 14 | M22: 5 | O22: 5 | Q22: =AVERAGE(L22,MAX(M22:N22),MAX(O22:P22)) -> 8 | R22: =IF(Q22>=10,"TRANSITA","N/TRANSITA") -> N/TRANSITA | X22: =AVERAGE(S22,MAX(T22:U22),MAX(V22:W22)) -> 0 | Y22: =SUM(J22,Q22,X22)/3 -> 3.3888889 | Z22: =IF(Y22>=10,"TRANSITA","N/TRANSITA") -> N/TRANSITA
B23: 15 | C23: Catarina Luemba Makuama | E23: 6 | F23: 3.5 | G23: 8 | H23: 9 | J23: =AVERAGE(E23,MAX(F23:G23),MAX(H23:I23)) -> 7.6666667 | K23: =IF(J23>=10,"TRANSITA","N/TRANSITA") -> N/TRANSITA | L23: 10 | M23: 5 | O23: 5 | Q23: =AVERAGE(L23,MAX(M23:N23),MAX(O23:P23)) -> 6.6666667 | R23: =IF(Q23>=10,"TRANSITA","N/TRANSITA") -> N/TRANSITA | X23: =AVERAGE(S23,MAX(T23:U23),MAX(V23:W23)) -> 0 | Y23: =SUM(J23,Q23,X23)/3 -> 4.7777778 | Z23: =IF(Y23>=10,"TRANSITA","N/TRANSITA") -> N/TRANSITA
B24: 16 | C24: Cristina Conde Sassi | E24: 8 | F24: 9 | H24: 8 | J24: =AVERAGE(E24,MAX(F24:G24),MAX(H24:I24)) -> 8.3333333 | K24: =IF(J24>=10,"TRANSITA","N/TRANSITA") -> N/TRANSITA | L24: 10 | M24: 5 | O24: 11 | Q24: =AVERAGE(L24,MAX(M24:N24),MAX(O24:P24)) -> 8.6666667 | R24: =IF(Q24>=10,"TRANSITA","N/TRANSITA") -> N/TRANSITA | X24: =AVERAGE(S24,MAX(T24:U24),MAX(V24:W24)) -> 0 | Y24: =SUM(J24,Q24,X24)/3 -> 5.6666667 | Z24: =IF(Y24>=10,"TRANSITA","N/TRANSITA") -> N/TRANSITA
B25: 17 | C25: Dorcas Milando Dembi | E25: 17 | F25: 20 | H25: 10 | J25: =AVERAGE(E25,MAX(F25:G25),MAX(H25:I25)) -> 15.666667 | K25: =IF(J25>=10,"TRANSITA","N/TRANSITA") -> TRANSITA | L25: 16 | M25: 10 | N25: 20 | O25: 14 | Q25: =AVERAGE(L25,MAX(M25:N25),MAX(O25:P25)) -> 16.666667 | R25: =IF(Q25>=10,"TRANSITA","N/TRANSITA") -> TRANSITA | X25: =AVERAGE(S25,MAX(T25:U25),MAX(V25:W25)) -> 0 | Y25: =SUM(J25,Q25,X25)/3 -> 10.777778 | Z25: =IF(Y25>=10,"TRANSITA","N/TRANSITA") -> TRANSITA
B26: 18 | C26: Elisa Zuzi Bumba Da Silva | E26: 14 | F26: 8.5 | H26: 9 | I26: 15 | J26: =AVERAGE(E26,MAX(F26:G26),MAX(H26:I26)) -> 12.5 | K26: =IF(J26>=10,"TRANSITA","N/TRANSITA") -> TRANSITA | L26: 14 | M26: 9 | O26: 7 | Q26: =AVERAGE(L26,MAX(M26:N26),MAX(O26:P26)) -> 10 | R26: =IF(Q26>=10,"TRANSITA","N/TRANSITA") -> TRANSITA | X26: =AVERAGE(S26,MAX(T26:U26),MAX(V26:W26)) -> 0 | Y26: =SUM(J26,Q26,X26)/3 -> 7.5 | Z26: =IF(Y26>=10,"TRANSITA","N/TRANSITA") -> N/TRANSITA
B27: 19 | C27: Felicidade Muanda Bititi | E27: 0 | F27: 0 | H27: 0 | J27: =AVERAGE(E27,MAX(F27:G27),MAX(H27:I27)) -> 0 | K27: =IF(J27>=10,"TRANSITA","N/TRANSITA") -> N/TRANSITA | L27: 0 | M27: 0 | O27: 0 | Q27: =AVERAGE(L27,MAX(M27:N27),MAX(O27:P27)) -> 0 | R27: =IF(Q27>=10,"TRANSITA","N/TRANSITA") -> N/TRANSITA | X27: =AVERAGE(S27,MAX(T27:U27),MAX(V27:W27)) -> 0 | Y27: =SUM(J27,Q27,X27)/3 -> 0 | Z27: =IF(Y27>=10,"TRANSITA","N/TRANSITA") -> N/TRANSITA
B28: 20 | C28: Fernanda Pedro Tavares | E28: 5 | F28: 4 | H28: 9 | J28: =AVERAGE(E28,MAX(F28:G28),MAX(H28:I28)) -> 6 | K28: =IF(J28>=10,"TRANSITA","N/TRANSITA") -> N/TRANSITA | L28: 0 | M28: 0 | O28: 0 | Q28: =AVERAGE(L28,MAX(M28:N28),MAX(O28:P28)) -> 0 | R28: =IF(Q28>=10,"TRANSITA","N/TRANSITA") -> N/TRANSITA | X28: =AVERAGE(S28,MAX(T28:U28),MAX(V28:W28)) -> 0 | Y28: =SUM(J28,Q28,X28)/3 -> 2 | Z28: =IF(Y28>=10,"TRANSITA","N/TRANSITA") -> N/TRANSITA
B29: 21 | C29: Gertrudes Buanga Zuzi | E29: 9 | F29: 1.5 | H29: 3 | J29: =AVERAGE(E29,MAX(F29:G29),MAX(H29:I29)) -> 4.5 | K29: =IF(J29>=10,"TRANSITA","N/TRANSITA") -> N/TRANSITA | L29: 5 | M29: 5 | O29: 10 | Q29: =AVERAGE(L29,MAX(M29:N29),MAX(O29:P29)) -> 6.6666667 | R29: =IF(Q29>=10,"TRANSITA","N/TRANSITA") -> N/TRANSITA | X29: =AVERAGE(S29,MAX(T29:U29),MAX(V29:W29)) -> 0 | Y29: =SUM(J29,Q29,X29)/3 -> 3.7222222 | Z29: =IF(Y29>=10,"TRANSITA","N/TRANSITA") -> N/TRANSITA
B30: 22 | C30: Helena Kalembela Miguel | E30: 13 | F30: 20 | H30: 10 | J30: =AVERAGE(E30,MAX(F30:G30),MAX(H30:I30)) -> 14.333333 | K30: =IF(J30>=10,"TRANSITA","N/TRANSITA") -> TRANSITA | L30: 14 | M30: 5 | N30: 15 | O30: 5 | Q30: =AVERAGE(L30,MAX(M30:N30),MAX(O30:P30)) -> 11.333333 | R30: =IF(Q30>=10,"TRANSITA","N/TRANSITA") -> TRANSITA | X30: =AVERAGE(S30,MAX(T30:U30),MAX(V30:W30)) -> 0 | Y30: =SUM(J30,Q30,X30)/3 -> 8.5555556 | Z30: =IF(Y30>=10,"TRANSITA","N/TRANSITA") -> N/TRANSITA
B31: 23 | C31: Helena Maravilha Zinga Sumbo | E31: 17 | F31: 20 | H31: 12 | J31: =AVERAGE(E31,MAX(F31:G31),MAX(H31:I31)) -> 16.333333 | K31: =IF(J31>=10,"TRANSITA","N/TRANSITA") -> TRANSITA | L31: 12 | M31: 10 | O31: 10.5 | Q31: =AVERAGE(L31,MAX(M31:N31),MAX(O31:P31)) -> 10.833333 | R31: =IF(Q31>=10,"TRANSITA","N/TRANSITA") -> TRANSITA | X31: =AVERAGE(S31,MAX(T31:U31),MAX(V31:W31)) -> 0 | Y31: =SUM(J31,Q31,X31)/3 -> 9.0555556 | Z31: =IF(Y31>=10,"TRANSITA","N/TRANSITA") -> N/TRANSITA
B32: 24 | C32: Inês Filomena Muanda Baiona | E32: 0 | F32: 0 | H32: 0 | J32: =AVERAGE(E32,MAX(F32:G32),MAX(H32:I32)) -> 0 | K32: =IF(J32>=10,"TRANSITA","N/TRANSITA") -> N/TRANSITA | L32: 18 | M32: 5 | O32: 5 | Q32: =AVERAGE(L32,MAX(M32:N32),MAX(O32:P32)) -> 9.3333333 | R32: =IF(Q32>=10,"TRANSITA","N/TRANSITA") -> N/TRANSITA | X32: =AVERAGE(S32,MAX(T32:U32),MAX(V32:W32)) -> 0 | Y32: =SUM(J32,Q32,X32)/3 -> 3.1111111 | Z32: =IF(Y32>=10,"TRANSITA","N/TRANSITA") -> N/TRANSITA
B33: 25 | C33: Isabel Ndaia Muanda | E33: 17 | F33: 20 | H33: 10 | J33: =AVERAGE(E33,MAX(F33:G33),MAX(H33:I33)) -> 15.666667 | K33: =IF(J33>=10,"TRANSITA","N/TRANSITA") -> TRANSITA | L33: 16 | M33: 5 | O33: 10 | Q33: =AVERAGE(L33,MAX(M33:N33),MAX(O33:P33)) -> 10.333333 | R33: =IF(Q33>=10,"TRANSITA","N/TRANSITA") -> TRANSITA | X33: =AVERAGE(S33,MAX(T33:U33),MAX(V33:W33)) -> 0 | Y33: =SUM(J33,Q33,X33)/3 -> 8.6666667 | Z33: =IF(Y33>=10,"TRANSITA","N/TRANSITA") -> N/TRANSITA
B34: 26 | C34: Janete Malonda Cunha | E34: 14 | F34: 8.5 | H34: 3 | J34: =AVERAGE(E34,MAX(F34:G34),MAX(H34:I34)) -> 8.5 | K34: =IF(J34>=10,"TRANSITA","N/TRANSITA") -> N/TRANSITA | L34: 12 | M34: 10 | O34: 16 | Q34: =AVERAGE(L34,MAX(M34:N34),MAX(O34:P34)) -> 12.666667 | R34: =IF(Q34>=10,"TRANSITA","N/TRANSITA") -> TRANSITA | X34: =AVERAGE(S34,MAX(T34:U34),MAX(V34:W34)) -> 0 | Y34: =SUM(J34,Q34,X34)/3 -> 7.0555556 | Z34: =IF(Y34>=10,"TRANSITA","N/TRANSITA") -> N/TRANSITA
B35: 27 | C35: Joana Albertina Mango | E35: 5 | F35: 3.5 | H35: 4 | J35: =AVERAGE(E35,MAX(F35:G35),MAX(H35:I35)) -> 4.1666667 | K35: =IF(J35>=10,"TRANSITA","N/TRANSITA") -> N/TRANSITA | L35: 7 | M35: 5 | O35: 5 | Q35: =AVERAGE(L35,MAX(M35:N35),MAX(O35:P35)) -> 5.6666667 | R35: =IF(Q35>=10,"TRANSITA","N/TRANSITA") -> N/TRANSITA | X35: =AVERAGE(S35,MAX(T35:U35),MAX(V35:W35)) -> 0 | Y35: =SUM(J35,Q35,X35)/3 -> 3.2777778 | Z35: =IF(Y35>=10,"TRANSITA","N/TRANSITA") -> N/TRANSITA
B36: 28 | C36: Joana Laura Futi Muana | E36: 5 | F36: 8.5 | H36: 0 | J36: =AVERAGE(E36,MAX(F36:G36),MAX(H36:I36)) -> 4.5 | K36: =IF(J36>=10,"TRANSITA","N/TRANSITA") -> N/TRANSITA | L36: 5 | M36: 16 | O36: 12 | Q36: =AVERAGE(L36,MAX(M36:N36),MAX(O36:P36)) -> 11 | R36: =IF(Q36>=10,"TRANSITA","N/TRANSITA") -> TRANSITA | X36: =AVERAGE(S36,MAX(T36:U36),MAX(V36:W36)) -> 0 | Y36: =SUM(J36,Q36,X36)/3 -> 5.1666667 | Z36: =IF(Y36>=10,"TRANSITA","N/TRANSITA") -> N/TRANSITA
B37: 29 | C37: Josefina Massanga Vumbi Goma | E37: 16 | F37: 15 | H37: 8.5 | I37: 15 | J37: =AVERAGE(E37,MAX(F37:G37),MAX(H37:I37)) -> 15.333333 | K37: =IF(J37>=10,"TRANSITA","N/TRANSITA") -> TRANSITA | L37: 18 | M37: 20 | O37: 20 | Q37: =AVERAGE(L37,MAX(M37:N37),MAX(O37:P37)) -> 19.333333 | R37: =IF(Q37>=10,"TRANSITA","N/TRANSITA") -> TRANSITA | X37: =AVERAGE(S37,MAX(T37:U37),MAX(V37:W37)) -> 0 | Y37: =SUM(J37,Q37,X37)/3 -> 11.555556 | Z37: =IF(Y37>=10,"TRANSITA","N/TRANSITA") -> TRANSITA
B38: 30 | C38: Jurema Bernadete Nsunda | E38: 17 | F38: 15 | H38: 11 | J38: =AVERAGE(E38,MAX(F38:G38),MAX(H38:I38)) -> 14.333333 | K38: =IF(J38>=10,"TRANSITA","N/TRANSITA") -> TRANSITA | L38: 10 | M38: 19.5 | O38: 11 | Q38: =AVERAGE(L38,MAX(M38:N38),MAX(O38:P38)) -> 13.5 | R38: =IF(Q38>=10,"TRANSITA","N/TRANSITA") -> TRANSITA | X38: =AVERAGE(S38,MAX(T38:U38),MAX(V38:W38)) -> 0 | Y38: =SUM(J38,Q38,X38)/3 -> 9.2777778 | Z38: =IF(Y38>=10,"TRANSITA","N/TRANSITA") -> N/TRANSITA
B39: 31 | C39: Madalena Lando António | E39: 17 | F39: 8.5 | H39: 8 | J39: =AVERAGE(E39,MAX(F39:G39),MAX(H39:I39)) -> 11.166667 | K39: =IF(J39>=10,"TRANSITA","N/TRANSITA") -> TRANSITA | L39: 15 | M39: 5 | O39: 15 | Q39: =AVERAGE(L39,MAX(M39:N39),MAX(O39:P39)) -> 11.666667 | R39: =IF(Q39>=10,"TRANSITA","N/TRANSITA") -> TRANSITA | X39: =AVERAGE(S39,MAX(T39:U39),MAX(V39:W39)) -> 0 | Y39: =SUM(J39,Q39,X39)/3 -> 7.6111111 | Z39: =IF(Y39>=10,"TRANSITA","N/TRANSITA") -> N/TRANSITA
B40: 32 | C40: Marcos Nduli Sechie Gouveia | E40: 17 | F40: 20 | H40: 10 | I40: 20 | J40: =AVERAGE(E40,MAX(F40:G40),MAX(H40:I40)) -> 19 | K40: =IF(J40>=10,"TRANSITA","N/TRANSITA") -> TRANSITA | L40: 18 | M40: 20 | O40: 15 | Q40: =AVERAGE(L40,MAX(M40:N40),MAX(O40:P40)) -> 17.666667 | R40: =IF(Q40>=10,"TRANSITA","N/TRANSITA") -> TRANSITA | X40: =AVERAGE(S40,MAX(T40:U40),MAX(V40:W40)) -> 0 | Y40: =SUM(J40,Q40,X40)/3 -> 12.222222 | Z40: =IF(Y40>=10,"TRANSITA","N/TRANSITA") -> TRANSITA
B41: 33 | C41: Maria Buiti Tuadi Soca | E41: 17 | F41: 14 | H41: 12 | J41: =AVERAGE(E41,MAX(F41:G41),MAX(H41:I41)) -> 14.333333 | K41: =IF(J41>=10,"TRANSITA","N/TRANSITA") -> TRANSITA | L41: 18 | M41: 15 | O41: 15 | Q41: =AVERAGE(L41,MAX(M41:N41),MAX(O41:P41)) -> 16 | R41: =IF(Q41>=10,"TRANSITA","N/TRANSITA") -> TRANSITA | X41: =AVERAGE(S41,MAX(T41:U41),MAX(V41:W41)) -> 0 | Y41: =SUM(J41,Q41,X41)/3 -> 10.111111 | Z41: =IF(Y41>=9.5,"TRANSITA","N/TRANSITA") -> TRANSITA
B42: 34 | C42: Maria Catarina Piosso | E42: 10 | F42: 12 | H42: 12 | J42: =AVERAGE(E42,MAX(F42:G42),MAX(H42:I42)) -> 11.333333 | K42: =IF(J42>=10,"TRANSITA","N/TRANSITA") -> TRANSITA | L42: 10 | M42: 10 | O42: 12 | Q42: =AVERAGE(L42,MAX(M42:N42),MAX(O42:P42)) -> 10.666667 | R42: =IF(Q42>=10,"TRANSITA","N/TRANSITA") -> TRANSITA | X42: =AVERAGE(S42,MAX(T42:U42),MAX(V42:W42)) -> 0 | Y42: =SUM(J42,Q42,X42)/3 -> 7.3333333 | Z42: =IF(Y42>=9.5,"TRANSITA","N/TRANSITA") -> N/TRANSITA
B43: 35 | C43: Maria das Dores da Silva Lemos | E43: 5 | F43: 4.5 | H43: 0 | J43: =AVERAGE(E43,MAX(F43:G43),MAX(H43:I43)) -> 3.1666667 | K43: =IF(J43>=10,"TRANSITA","N/TRANSITA") -> N/TRANSITA | L43: 10 | M43: 10 | O43: 10.5 | Q43: =AVERAGE(L43,MAX(M43:N43),MAX(O43:P43)) -> 10.166667 | R43: =IF(Q43>=10,"TRANSITA","N/TRANSITA") -> TRANSITA | X43: =AVERAGE(S43,MAX(T43:U43),MAX(V43:W43)) -> 0 | Y43: =SUM(J43,Q43,X43)/3 -> 4.4444444 | Z43: =IF(Y43>=10,"TRANSITA","N/TRANSITA") -> N/TRANSITA
B44: 36 | C44: Maria De Fátima Builo Luamba | E44: 5 | F44: 6 | H44: 10 | J44: =AVERAGE(E44,MAX(F44:G44),MAX(H44:I44)) -> 7 | K44: =IF(J44>=10,"TRANSITA","N/TRANSITA") -> N/TRANSITA | L44: 4 | M44: 0 | O44: 5 | Q44: =AVERAGE(L44,MAX(M44:N44),MAX(O44:P44)) -> 3 | R44: =IF(Q44>=10,"TRANSITA","N/TRANSITA") -> N/TRANSITA | X44: =AVERAGE(S44,MAX(T44:U44),MAX(V44:W44)) -> 0 | Y44: =SUM(J44,Q44,X44)/3 -> 3.3333333 | Z44: =IF(Y44>=10,"TRANSITA","N/TRANSITA") -> N/TRANSITA
B45: 37 | C45: Maria Lando Panzo Quibinda | E45: 5 | F45: 5 | G45: 9.5 | H45: 0 | J45: =AVERAGE(E45,MAX(F45:G45),MAX(H45:I45)) -> 4.8333333 | K45: =IF(J45>=10,"TRANSITA","N/TRANSITA") -> N/TRANSITA | L45: 7 | M45: 5 | O45: 5 | Q45: =AVERAGE(L45,MAX(M45:N45),MAX(O45:P45)) -> 5.6666667 | R45: =IF(Q45>=10,"TRANSITA","N/TRANSITA") -> N/TRANSITA | X45: =AVERAGE(S45,MAX(T45:U45),MAX(V45:W45)) -> 0 | Y45: =SUM(J45,Q45,X45)/3 -> 3.5 | Z45: =IF(Y45>=10,"TRANSITA","N/TRANSITA") -> N/TRANSITA
B46: 38 | C46: Maria Télica Conde | E46: 8 | F46: 8 | H46: 9.5 | J46: =AVERAGE(E46,MAX(F46:G46),MAX(H46:I46)) -> 8.5 | K46: =IF(J46>=10,"TRANSITA","N/TRANSITA") -> N/TRANSITA | L46: 14 | M46: 5 | N46: 9.5 | O46: 5 | Q46: =AVERAGE(L46,MAX(M46:N46),MAX(O46:P46)) -> 9.5 | R46: =IF(Q46>=10,"TRANSITA","N/TRANSITA") -> N/TRANSITA | X46: =AVERAGE(S46,MAX(T46:U46),MAX(V46:W46)) -> 0 | Y46: =SUM(J46,Q46,X46)/3 -> 6 | Z46: =IF(Y46>=10,"TRANSITA","N/TRANSITA") -> N/TRANSITA
B47: 39 | C47: Natália Casimiro Muanda | E47: 8 | F47: 8 | H47: 9 | J47: =AVERAGE(E47,MAX(F47:G47),MAX(H47:I47)) -> 8.3333333 | K47: =IF(J47>=10,"TRANSITA","N/TRANSITA") -> N/TRANSITA | L47: 14 | M47: 10 | O47: 5 | Q47: =AVERAGE(L47,MAX(M47:N47),MAX(O47:P47)) -> 9.6666667 | R47: =IF(Q47>=10,"TRANSITA","N/TRANSITA") -> N/TRANSITA | X47: =AVERAGE(S47,MAX(T47:U47),MAX(V47:W47)) -> 0 | Y47: =SUM(J47,Q47,X47)/3 -> 6 | Z47: =IF(Y47>=9.5,"TRANSITA","N/TRANSITA") -> N/TRANSITA
B48: 40 | C48: Natália Divina Luemba Chincócolo | E48: 15 | F48: 15 | H48: 12 | J48: =AVERAGE(E48,MAX(F48:G48),MAX(H48:I48)) -> 14 | K48: =IF(J48>=10,"TRANSITA","N/TRANSITA") -> TRANSITA | L48: 7 | M48: 20 | O48: 11 | Q48: =AVERAGE(L48,MAX(M48:N48),MAX(O48:P48)) -> 12.666667 | R48: =IF(Q48>=10,"TRANSITA","N/TRANSITA") -> TRANSITA | X48: =AVERAGE(S48,MAX(T48:U48),MAX(V48:W48)) -> 0 | Y48: =SUM(J48,Q48,X48)/3 -> 8.8888889 | Z48: =IF(Y48>=10,"TRANSITA","N/TRANSITA") -> N/TRANSITA
B49: 41 | C49: Pascoalina Betchi Tati | E49: 5 | F49: 5.5 | H49: 0 | J49: =AVERAGE(E49,MAX(F49:G49),MAX(H49:I49)) -> 3.5 | K49: =IF(J49>=10,"TRANSITA","N/TRANSITA") -> N/TRANSITA | L49: 4 | M49: 5 | O49: 5 | Q49: =AVERAGE(L49,MAX(M49:N49),MAX(O49:P49)) -> 4.6666667 | R49: =IF(Q49>=10,"TRANSITA","N/TRANSITA") -> N/TRANSITA | X49: =AVERAGE(S49,MAX(T49:U49),MAX(V49:W49)) -> 0 | Y49: =SUM(J49,Q49,X49)/3 -> 2.7222222 | Z49: =IF(Y49>=10,"TRANSITA","N/TRANSITA") -> N/TRANSITA
B50: 42 | C50: Pelágia Nsunda Poba Sassa | E50: 17 | F50: 12.5 | H50: 18 | J50: =AVERAGE(E50,MAX(F50:G50),MAX(H50:I50)) -> 15.833333 | K50: =IF(J50>=10,"TRANSITA","N/TRANSITA") -> TRANSITA | L50: 18 | M50: 20 | O50: 20 | Q50: =AVERAGE(L50,MAX(M50:N50),MAX(O50:P50)) -> 19.333333 | R50: =IF(Q50>=10,"TRANSITA","N/TRANSITA") -> TRANSITA | X50: =AVERAGE(S50,MAX(T50:U50),MAX(V50:W50)) -> 0 | Y50: =SUM(J50,Q50,X50)/3 -> 11.722222 | Z50: =IF(Y50>=10,"TRANSITA","N/TRANSITA") -> TRANSITA
B51: 43 | C51: Rachel Celina André Mingas | E51: 5 | F51: 2 | H51: 0 | J51: =AVERAGE(E51,MAX(F51:G51),MAX(H51:I51)) -> 2.3333333 | K51: =IF(J51>=10,"TRANSITA","N/TRANSITA") -> N/TRANSITA | L51: 8 | M51: 5 | O51: 5 | Q51: =AVERAGE(L51,MAX(M51:N51),MAX(O51:P51)) -> 6 | R51: =IF(Q51>=10,"TRANSITA","N/TRANSITA") -> N/TRANSITA | X51: =AVERAGE(S51,MAX(T51:U51),MAX(V51:W51)) -> 0 | Y51: =SUM(J51,Q51,X51)/3 -> 2.7777778 | Z51: =IF(Y51>=10,"TRANSITA","N/TRANSITA") -> N/TRANSITA
B52: 44 | C52: Teresa Gertrudes Luzia Tati | E52: 14 | F52: 20 | H52: 8 | J52: =AVERAGE(E52,MAX(F52:G52),MAX(H52:I52)) -> 14 | K52: =IF(J52>=10,"TRANSITA","N/TRANSITA") -> TRANSITA | L52: 14 | M52: 5 | N52: 20 | O52: 12 | Q52: =AVERAGE(L52,MAX(M52:N52),MAX(O52:P52)) -> 15.333333 | R52: =IF(Q52>=10,"TRANSITA","N/TRANSITA") -> TRANSITA | X52: =AVERAGE(S52,MAX(T52:U52),MAX(V52:W52)) -> 0 | Y52: =SUM(J52,Q52,X52)/3 -> 9.7777778 | Z52: =IF(Y52>=10,"TRANSITA","N/TRANSITA") -> N/TRANSITA
A55: O (A) Professor (a) | S55: O Subdirector Pedagógico
A56: _______________________________ | S56: ___________________________
S57: ALBERTO SASSA TATI

Sheet 11CL-AC-A-MICROBIOL
A1: INSTITUTO TÉCNICO PRIVADO DE SAÚDE JOMORAIS
I3: DATA: 12/12/2025
B4: Classe: 11ª | I4: Disciplina: Microbiologia I | V4: Ano Lectivo:2025/2026
B5: Período: Vespertino | E5: Turma: A | V5: Curso: ANÁLISES CLÍNICAS
B6: MINI-PAUTA - TÉCNICO DE SAÚDE
B7: Nº | C7: Nome do (a) Aluno (a) | D7: FALTAS | E7: Avaliações/I Trimestre | K7: OBS | L7: Avaliações/II Trimestre | R7: OBS | S7: Avaliações/IIITrimestre | Y7: MFD | Z7: OBS | AA7: M | AB7: F | AC7: TRANSITA | AD7: N/TRANSITA | AE7: E.E.F
D8: J/I | E8: MAC | F8: NPP | G8: NPR1 | H8: NPT | I8: NPR2 | J8: MT1 | L8: MAC | M8: NPP | N8: NPR1 | O8: NPT | P8: NPR2 | Q8: MT2 | S8: MAC | T8: NPP | U8: NPR1 | V8: NPT | W8: NPR2 | X8: MT3 | AA8: =COUNTIF(Z9:Z58,"M") -> 0 | AB8: =COUNTIF(Z9:Z58,"F") -> 0 | AC8: =COUNTIF(Z9:Z58,"TRANSITA") -> 2 | AD8: =COUNTIF(Z9:Z58,"N/TRANSITA") -> 42 | AE8: =COUNTIF(Z9:Z58,"E.E.F") -> 0
B9: 1 | C9: Abrão Gomes | E9: 11 | F9: 11 | H9: 14.5 | J9: =AVERAGE(E9,MAX(F9:G9),MAX(H9:I9)) -> 12.166667 | K9: =IF(J9>=10,"TRANSITA","N/TRANSITA") -> TRANSITA | L9: 13 | M9: 10.5 | O9: 17 | Q9: =AVERAGE(L9,MAX(M9:N9),MAX(O9:P9)) -> 13.5 | R9: =IF(Q9>=10,"TRANSITA","N/TRANSITA") -> TRANSITA | X9: =AVERAGE(S9,MAX(T9:U9),MAX(V9:W9)) -> 0 | Y9: =SUM(J9,Q9,X9)/3 -> 8.5555556 | Z9: =IF(Y9>=10,"TRANSITA","N/TRANSITA") -> N/TRANSITA
B10: 2 | C10: Agostinho Mbaki Baza | E10: 12 | F10: 15 | H10: 15 | J10: =AVERAGE(E10,MAX(F10:G10),MAX(H10:I10)) -> 14 | K10: =IF(J10>=10,"TRANSITA","N/TRANSITA") -> TRANSITA | L10: 13 | M10: 13 | O10: 16 | Q10: =AVERAGE(L10,MAX(M10:N10),MAX(O10:P10)) -> 14 | R10: =IF(Q10>=10,"TRANSITA","N/TRANSITA") -> TRANSITA | X10: =AVERAGE(S10,MAX(T10:U10),MAX(V10:W10)) -> 0 | Y10: =SUM(J10,Q10,X10)/3 -> 9.3333333 | Z10: =IF(Y10>=10,"TRANSITA","N/TRANSITA") -> N/TRANSITA | AA10: =SUM(AA8:AB9) -> 0
B11: 3 | C11: Albertina Vumbi Bazunga | E11: 10 | F11: 17.5 | H11: 15 | J11: =AVERAGE(E11,MAX(F11:G11),MAX(H11:I11)) -> 14.166667 | K11: =IF(J11>=10,"TRANSITA","N/TRANSITA") -> TRANSITA | L11: 12 | M11: 17 | O11: 14.5 | Q11: =AVERAGE(L11,MAX(M11:N11),MAX(O11:P11)) -> 14.5 | R11: =IF(Q11>=10,"TRANSITA","N/TRANSITA") -> TRANSITA | X11: =AVERAGE(S11,MAX(T11:U11),MAX(V11:W11)) -> 0 | Y11: =SUM(J11,Q11,X11)/3 -> 9.5555556 | Z11: =IF(Y11>=10,"TRANSITA","N/TRANSITA") -> N/TRANSITA
B12: 4 | C12: Alberto Mambo Simba | E12: 13 | F12: 12 | H12: 16.5 | J12: =AVERAGE(E12,MAX(F12:G12),MAX(H12:I12)) -> 13.833333 | K12: =IF(J12>=10,"TRANSITA","N/TRANSITA") -> TRANSITA | L12: 13 | M12: 16 | O12: 13.5 | Q12: =AVERAGE(L12,MAX(M12:N12),MAX(O12:P12)) -> 14.166667 | R12: =IF(Q12>=10,"TRANSITA","N/TRANSITA") -> TRANSITA | X12: =AVERAGE(S12,MAX(T12:U12),MAX(V12:W12)) -> 0 | Y12: =SUM(J12,Q12,X12)/3 -> 9.3333333 | Z12: =IF(Y12>=10,"TRANSITA","N/TRANSITA") -> N/TRANSITA
B13: 5 | C13: Alda Catarina Mamata Balou | E13: 11 | F13: 11 | H13: 13.5 | J13: =AVERAGE(E13,MAX(F13:G13),MAX(H13:I13)) -> 11.833333 | K13: =IF(J13>=10,"TRANSITA","N/TRANSITA") -> TRANSITA | L13: 13 | M13: 10 | O13: 15 | Q13: =AVERAGE(L13,MAX(M13:N13),MAX(O13:P13)) -> 12.666667 | R13: =IF(Q13>=10,"TRANSITA","N/TRANSITA") -> TRANSITA | X13: =AVERAGE(S13,MAX(T13:U13),MAX(V13:W13)) -> 0 | Y13: =SUM(J13,Q13,X13)/3 -> 8.1666667 | Z13: =IF(Y13>=10,"TRANSITA","N/TRANSITA") -> N/TRANSITA
B14: 6 | C14: Alice Bitumba Mavungo | E14: 10 | F14: 15 | H14: 16.5 | J14: =AVERAGE(E14,MAX(F14:G14),MAX(H14:I14)) -> 13.833333 | K14: =IF(J14>=10,"TRANSITA","N/TRANSITA") -> TRANSITA | L14: 11 | M14: 15 | O14: 15 | Q14: =AVERAGE(L14,MAX(M14:N14),MAX(O14:P14)) -> 13.666667 | R14: =IF(Q14>=10,"TRANSITA","N/TRANSITA") -> TRANSITA | X14: =AVERAGE(S14,MAX(T14:U14),MAX(V14:W14)) -> 0 | Y14: =SUM(J14,Q14,X14)/3 -> 9.1666667 | Z14: =IF(Y14>=10,"TRANSITA","N/TRANSITA") -> N/TRANSITA
B15: 7 | C15: Amélia Chibamba Chiama | E15: 11 | F15: 20 | H15: 14.5 | J15: =AVERAGE(E15,MAX(F15:G15),MAX(H15:I15)) -> 15.166667 | K15: =IF(J15>=10,"TRANSITA","N/TRANSITA") -> TRANSITA | L15: 11 | M15: 15 | O15: 16.5 | Q15: =AVERAGE(L15,MAX(M15:N15),MAX(O15:P15)) -> 14.166667 | R15: =IF(Q15>=10,"TRANSITA","N/TRANSITA") -> TRANSITA | X15: =AVERAGE(S15,MAX(T15:U15),MAX(V15:W15)) -> 0 | Y15: =SUM(J15,Q15,X15)/3 -> 9.7777778 | Z15: =IF(Y15>=10,"TRANSITA","N/TRANSITA") -> N/TRANSITA
B16: 8 | C16: Ana De Jesus Custódio Sambo | E16: 10 | F16: 13 | H16: 14.5 | J16: =AVERAGE(E16,MAX(F16:G16),MAX(H16:I16)) -> 12.5 | K16: =IF(J16>=10,"TRANSITA","N/TRANSITA") -> TRANSITA | L16: 12 | M16: 9 | O16: 12 | Q16: =AVERAGE(L16,MAX(M16:N16),MAX(O16:P16)) -> 11 | R16: =IF(Q16>=10,"TRANSITA","N/TRANSITA") -> TRANSITA | X16: =AVERAGE(S16,MAX(T16:U16),MAX(V16:W16)) -> 0 | Y16: =SUM(J16,Q16,X16)/3 -> 7.8333333 | Z16: =IF(Y16>=10,"TRANSITA","N/TRANSITA") -> N/TRANSITA
B17: 9 | C17: Ana Soca Deca Luba | E17: 10 | F17: 13 | H17: 13.5 | J17: =AVERAGE(E17,MAX(F17:G17),MAX(H17:I17)) -> 12.166667 | K17: =IF(J17>=10,"TRANSITA","N/TRANSITA") -> TRANSITA | L17: 11 | M17: 5 | O17: 14.5 | Q17: =AVERAGE(L17,MAX(M17:N17),MAX(O17:P17)) -> 10.166667 | R17: =IF(Q17>=10,"TRANSITA","N/TRANSITA") -> TRANSITA | X17: =AVERAGE(S17,MAX(T17:U17),MAX(V17:W17)) -> 0 | Y17: =SUM(J17,Q17,X17)/3 -> 7.4444444 | Z17: =IF(Y17>=10,"TRANSITA","N/TRANSITA") -> N/TRANSITA
B18: 10 | C18: Angelina Buanga Poba | E18: 10 | F18: 11 | H18: 13.5 | J18: =AVERAGE(E18,MAX(F18:G18),MAX(H18:I18)) -> 11.5 | K18: =IF(J18>=10,"TRANSITA","N/TRANSITA") -> TRANSITA | L18: 12 | M18: 12 | O18: 13 | Q18: =AVERAGE(L18,MAX(M18:N18),MAX(O18:P18)) -> 12.333333 | R18: =IF(Q18>=10,"TRANSITA","N/TRANSITA") -> TRANSITA | X18: =AVERAGE(S18,MAX(T18:U18),MAX(V18:W18)) -> 0 | Y18: =SUM(J18,Q18,X18)/3 -> 7.9444444 | Z18: =IF(Y18>=10,"TRANSITA","N/TRANSITA") -> N/TRANSITA
B19: 11 | C19: Antoaneta Menga Futi Gime | E19: 12 | F19: 18 | H19: 15 | J19: =AVERAGE(E19,MAX(F19:G19),MAX(H19:I19)) -> 15 | K19: =IF(J19>=10,"TRANSITA","N/TRANSITA") -> TRANSITA | L19: 13 | M19: 12 | O19: 13 | Q19: =AVERAGE(L19,MAX(M19:N19),MAX(O19:P19)) -> 12.666667 | R19: =IF(Q19>=10,"TRANSITA","N/TRANSITA") -> TRANSITA | X19: =AVERAGE(S19,MAX(T19:U19),MAX(V19:W19)) -> 0 | Y19: =SUM(J19,Q19,X19)/3 -> 9.2222222 | Z19: =IF(Y19>=10,"TRANSITA","N/TRANSITA") -> N/TRANSITA
B20: 12 | C20: Arinalda De Canatividade Prata Bungo | E20: 12 | F20: 17 | H20: 17 | J20: =AVERAGE(E20,MAX(F20:G20),MAX(H20:I20)) -> 15.333333 | K20: =IF(J20>=10,"TRANSITA","N/TRANSITA") -> TRANSITA | L20: 13 | M20: 16 | O20: 14.5 | Q20: =AVERAGE(L20,MAX(M20:N20),MAX(O20:P20)) -> 14.5 | R20: =IF(Q20>=10,"TRANSITA","N/TRANSITA") -> TRANSITA | X20: =AVERAGE(S20,MAX(T20:U20),MAX(V20:W20)) -> 0 | Y20: =SUM(J20,Q20,X20)/3 -> 9.9444444 | Z20: =IF(Y20>=10,"TRANSITA","N/TRANSITA") -> N/TRANSITA
B21: 13 | C21: Basílio Araújo Simba Mabiala | E21: 14 | F21: 19 | H21: 16.5 | J21: =AVERAGE(E21,MAX(F21:G21),MAX(H21:I21)) -> 16.5 | K21: =IF(J21>=10,"TRANSITA","N/TRANSITA") -> TRANSITA | L21: 13 | M21: 14 | O21: 14 | Q21: =AVERAGE(L21,MAX(M21:N21),MAX(O21:P21)) -> 13.666667 | R21: =IF(Q21>=10,"TRANSITA","N/TRANSITA") -> TRANSITA | X21: =AVERAGE(S21,MAX(T21:U21),MAX(V21:W21)) -> 0 | Y21: =SUM(J21,Q21,X21)/3 -> 10.055556 | Z21: =IF(Y21>=10,"TRANSITA","N/TRANSITA") -> TRANSITA
B22: 14 | C22: Carlota Mbungo Conde | E22: 10 | F22: 13 | H22: 14.5 | J22: =AVERAGE(E22,MAX(F22:G22),MAX(H22:I22)) -> 12.5 | K22: =IF(J22>=10,"TRANSITA","N/TRANSITA") -> TRANSITA | L22: 11 | M22: 16 | O22: 11.5 | Q22: =AVERAGE(L22,MAX(M22:N22),MAX(O22:P22)) -> 12.833333 | R22: =IF(Q22>=10,"TRANSITA","N/TRANSITA") -> TRANSITA | X22: =AVERAGE(S22,MAX(T22:U22),MAX(V22:W22)) -> 0 | Y22: =SUM(J22,Q22,X22)/3 -> 8.4444444 | Z22: =IF(Y22>=10,"TRANSITA","N/TRANSITA") -> N/TRANSITA
... B26: 18 | C26: Elisa Zuzi Bumba Da Silva | E26: 10 | F26: 16 | H26: 14.5 | J26: =AVERAGE(E26,MAX(F26:G26),MAX(H26:I26)) -> 13.5 | K26: =IF(J26>=10,"TRANSITA","N/TRANSITA") -> TRANSITA | L26: 11 | M26: 14 | O26: 14 | Q26: =AVERAGE(L26,MAX(M26:N26),MAX(O26:P26)) -> 13 | R26: =IF(Q26>=10,"TRANSITA","N/TRANSITA") -> TRANSITA | X26: =AVERAGE(S26,MAX(T26:U26),MAX(V26:W26)) -> 0 | Y26: =SUM(J26,Q26,X26)/3 -> 8.8333333 | Z26: =IF(Y26>=10,"TRANSITA","N/TRANSITA") -> N/TRANSITA
B27: 19 | C27: Felicidade Muanda Bititi | J27: =AVERAGE(E27,MAX(F27:G27),MAX(H27:I27)) -> 0 | K27: =IF(J27>=10,"TRANSITA","N/TRANSITA") -> N/TRANSITA | Q27: =AVERAGE(L27,MAX(M27:N27),MAX(O27:P27)) -> 0 | R27: =IF(Q27>=10,"TRANSITA","N/TRANSITA") -> N/TRANSITA | X27: =AVERAGE(S27,MAX(T27:U27),MAX(V27:W27)) -> 0 | Y27: =SUM(J27,Q27,X27)/3 -> 0 | Z27: =IF(Y27>=10,"TRANSITA","N/TRANSITA") -> N/TRANSITA
B28: 20 | C28: Fernanda Pedro Tavares | E28: 10 | F28: 18 | H28: 13.5 | J28: =AVERAGE(E28,MAX(F28:G28),MAX(H28:I28)) -> 13.833333 | K28: =IF(J28>=10,"TRANSITA","N/TRANSITA") -> TRANSITA | Q28: =AVERAGE(L28,MAX(M28:N28),MAX(O28:P28)) -> 0 | R28: =IF(Q28>=10,"TRANSITA","N/TRANSITA") -> N/TRANSITA | X28: =AVERAGE(S28,MAX(T28:U28),MAX(V28:W28)) -> 0 | Y28: =SUM(J28,Q28,X28)/3 -> 4.6111111 | Z28: =IF(Y28>=10,"TRANSITA","N/TRANSITA") -> N/TRANSITA
B29: 21 | C29: Gertrudes Buanga Zuzi | E29: 10 | F29: 12 | H29: 13.5 | J29: =AVERAGE(E29,MAX(F29:G29),MAX(H29:I29)) -> 11.833333 | K29: =IF(J29>=10,"TRANSITA","N/TRANSITA") -> TRANSITA | L29: 10 | M29: 12 | O29: 11.5 | Q29: =AVERAGE(L29,MAX(M29:N29),MAX(O29:P29)) -> 11.166667 | R29: =IF(Q29>=10,"TRANSITA","N/TRANSITA") -> TRANSITA | X29: =AVERAGE(S29,MAX(T29:U29),MAX(V29:W29)) -> 0 | Y29: =SUM(J29,Q29,X29)/3 -> 7.6666667 | Z29: =IF(Y29>=10,"TRANSITA","N/TRANSITA") -> N/TRANSITA
B30: 22 | C30: Helena Kalembela Miguel | E30: 10 | F30: 13 | H30: 17 | J30: =AVERAGE(E30,MAX(F30:G30),MAX(H30:I30)) -> 13.333333 | K30: =IF(J30>=10,"TRANSITA","N/TRANSITA") -> TRANSITA | L30: 12 | M30: 16 | O30: 14.5 | Q30: =AVERAGE(L30,MAX(M30:N30),MAX(O30:P30)) -> 14.166667 | R30: =IF(Q30>=10,"TRANSITA","N/TRANSITA") -> TRANSITA | X30: =AVERAGE(S30,MAX(T30:U30),MAX(V30:W30)) -> 0 | Y30: =SUM(J30,Q30,X30)/3 -> 9.1666667 | Z30: =IF(Y30>=10,"TRANSITA","N/TRANSITA") -> N/TRANSITA
B31: 23 | C31: Helena Maravilha Zinga Sumbo | E31: 10 | F31: 13 | H31: 13.5 | J31: =AVERAGE(E31,MAX(F31:G31),MAX(H31:I31)) -> 12.166667 | K31: =IF(J31>=10,"TRANSITA","N/TRANSITA") -> TRANSITA | L31: 13 | M31: 15 | O31: 13 | Q31: =AVERAGE(L31,MAX(M31:N31),MAX(O31:P31)) -> 13.666667 | R31: =IF(Q31>=10,"TRANSITA","N/TRANSITA") -> TRANSITA | X31: =AVERAGE(S31,MAX(T31:U31),MAX(V31:W31)) -> 0 | Y31: =SUM(J31,Q31,X31)/3 -> 8.6111111 | Z31: =IF(Y31>=10,"TRANSITA","N/TRANSITA") -> N/TRANSITA
B32: 24 | C32: Inês Filomena Muanda Baiona | E32: 10 | F32: 15 | H32: 11 | J32: =AVERAGE(E32,MAX(F32:G32),MAX(H32:I32)) -> 12 | K32: =IF(J32>=10,"TRANSITA","N/TRANSITA") -> TRANSITA | L32: 11 | M32: 13.5 | O32: 15 | Q32: =AVERAGE(L32,MAX(M32:N32),MAX(O32:P32)) -> 13.166667 | R32: =IF(Q32>=10,"TRANSITA","N/TRANSITA") -> TRANSITA | X32: =AVERAGE(S32,MAX(T32:U32),MAX(V32:W32)) -> 0 | Y32: =SUM(J32,Q32,X32)/3 -> 8.3888889 | Z32: =IF(Y32>=10,"TRANSITA","N/TRANSITA") -> N/TRANSITA
B33: 25 | C33: Isabel Ndaia Muanda | E33: 10 | F33: 13 | H33: 18 | J33: =AVERAGE(E33,MAX(F33:G33),MAX(H33:I33)) -> 13.666667 | K33: =IF(J33>=10,"TRANSITA","N/TRANSITA") -> TRANSITA | L33: 12 | M33: 14 | O33: 13.5 | Q33: =AVERAGE(L33,MAX(M33:N33),MAX(O33:P33)) -> 13.166667 | R33: =IF(Q33>=10,"TRANSITA","N/TRANSITA") -> TRANSITA | X33: =AVERAGE(S33,MAX(T33:U33),MAX(V33:W33)) -> 0 | Y33: =SUM(J33,Q33,X33)/3 -> 8.9444444 | Z33: =IF(Y33>=10,"TRANSITA","N/TRANSITA") -> N/TRANSITA
B34: 26 | C34: Janete Malonda Cunha | E34: 10 | F34: 13.5 | H34: 13 | J34: =AVERAGE(E34,MAX(F34:G34),MAX(H34:I34)) -> 12.166667 | K34: =IF(J34>=10,"TRANSITA","N/TRANSITA") -> TRANSITA | L34: 11 | M34: 13 | O34: 16 | Q34: =AVERAGE(L34,MAX(M34:N34),MAX(O34:P34)) -> 13.333333 | R34: =IF(Q34>=10,"TRANSITA","N/TRANSITA") -> TRANSITA | X34: =AVERAGE(S34,MAX(T34:U34),MAX(V34:W34)) -> 0 | Y34: =SUM(J34,Q34,X34)/3 -> 8.5 | Z34: =IF(Y34>=10,"TRANSITA","N/TRANSITA") -> N/TRANSITA
B35: 27 | C35: Joana Albertina Mango | E35: 10 | F35: 15 | H35: 13 | J35: =AVERAGE(E35,MAX(F35:G35),MAX(H35:I35)) -> 12.666667 | K35: =IF(J35>=10,"TRANSITA","N/TRANSITA") -> TRANSITA | L35: 11 | M35: 16 | O35: 9.5 | Q35: =AVERAGE(L35,MAX(M35:N35),MAX(O35:P35)) -> 12.166667 | R35: =IF(Q35>=10,"TRANSITA","N/TRANSITA") -> TRANSITA | X35: =AVERAGE(S35,MAX(T35:U35),MAX(V35:W35)) -> 0 | Y35: =SUM(J35,Q35,X35)/3 -> 8.2777778 | Z35: =IF(Y35>=10,"TRANSITA","N/TRANSITA") -> N/TRANSITA
B36: 28 | C36: Joana Laura Futi Muana | E36: 10 | F36: 19 | H36: 14.5 | J36: =AVERAGE(E36,MAX(F36:G36),MAX(H36:I36)) -> 14.5 | K36: =IF(J36>=10,"TRANSITA","N/TRANSITA") -> TRANSITA | L36: 10 | M36: 10 | O36: 14 | Q36: =AVERAGE(L36,MAX(M36:N36),MAX(O36:P36)) -> 11.333333 | R36: =IF(Q36>=10,"TRANSITA","N/TRANSITA") -> TRANSITA | X36: =AVERAGE(S36,MAX(T36:U36),MAX(V36:W36)) -> 0 | Y36: =SUM(J36,Q36,X36)/3 -> 8.6111111 | Z36: =IF(Y36>=10,"TRANSITA","N/TRANSITA") -> N/TRANSITA
B37: 29 | C37: Josefina Massanga Vumbi Goma | E37: 10 | F37: 18 | H37: 14 | J37: =AVERAGE(E37,MAX(F37:G37),MAX(H37:I37)) -> 14 | K37: =IF(J37>=10,"TRANSITA","N/TRANSITA") -> TRANSITA | L37: 12 | M37: 19 | O37: 16 | Q37: =AVERAGE(L37,MAX(M37:N37),MAX(O37:P37)) -> 15.666667 | R37: =IF(Q37>=10,"TRANSITA","N/TRANSITA") -> TRANSITA | X37: =AVERAGE(S37,MAX(T37:U37),MAX(V37:W37)) -> 0 | Y37: =SUM(J37,Q37,X37)/3 -> 9.8888889 | Z37: =IF(Y37>=10,"TRANSITA","N/TRANSITA") -> N/TRANSITA
B38: 30 | C38: Jurema Bernadete Nsunda | E38: 10 | F38: 15 | H38: 16.5 | J38: =AVERAGE(E38,MAX(F38:G38),MAX(H38:I38)) -> 13.833333 | K38: =IF(J38>=10,"TRANSITA","N/TRANSITA") -> TRANSITA | L38: 12 | M38: 16 | O38: 15 | Q38: =AVERAGE(L38,MAX(M38:N38),MAX(O38:P38)) -> 14.333333 | R38: =IF(Q38>=10,"TRANSITA","N/TRANSITA") -> TRANSITA | X38: =AVERAGE(S38,MAX(T38:U38),MAX(V38:W38)) -> 0 | Y38: =SUM(J38,Q38,X38)/3 -> 9.3888889 | Z38: =IF(Y38>=10,"TRANSITA","N/TRANSITA") -> N/TRANSITA
B39: 31 | C39: Madalena Lando António | E39: 10 | F39: 16.5 | H39: 15.5 | J39: =AVERAGE(E39,MAX(F39:G39),MAX(H39:I39)) -> 14 | K39: =IF(J39>=10,"TRANSITA","N/TRANSITA") -> TRANSITA | L39: 11 | M39: 14 | O39: 14.5 | Q39: =AVERAGE(L39,MAX(M39:N39),MAX(O39:P39)) -> 13.166667 | R39: =IF(Q39>=10,"TRANSITA","N/TRANSITA") -> TRANSITA | X39: =AVERAGE(S39,MAX(T39:U39),MAX(V39:W39)) -> 0 | Y39: =SUM(J39,Q39,X39)/3 -> 9.0555556 | Z39: =IF(Y39>=10,"TRANSITA","N/TRANSITA") -> N/TRANSITA
B40: 32 | C40: Marcos Nduli Sechie Gouveia | E40: 14 | F40: 18 | H40: 15 | J40: =AVERAGE(E40,MAX(F40:G40),MAX(H40:I40)) -> 15.666667 | K40: =IF(J40>=10,"TRANSITA","N/TRANSITA") -> TRANSITA | L40: 13 | M40: 18.5 | O40: 16 | Q40: =AVERAGE(L40,MAX(M40:N40),MAX(O40:P40)) -> 15.833333 | R40: =IF(Q40>=10,"TRANSITA","N/TRANSITA") -> TRANSITA | X40: =AVERAGE(S40,MAX(T40:U40),MAX(V40:W40)) -> 0 | Y40: =SUM(J40,Q40,X40)/3 -> 10.5 | Z40: =IF(Y40>=10,"TRANSITA","N/TRANSITA") -> TRANSITA
... B52: 44 | C52: Teresa Gertrudes Luzia Tati | E52: 10 | F52: 15 | H52: 13.5 | J52: =AVERAGE(E52,MAX(F52:G52),MAX(H52:I52)) -> 12.833333 | K52: =IF(J52>=10,"TRANSITA","N/TRANSITA") -> TRANSITA | L52: 7 | M52: 16 | O52: 13 | Q52: =AVERAGE(L52,MAX(M52:N52),MAX(O52:P52)) -> 12 | R52: =IF(Q52>=10,"TRANSITA","N/TRANSITA") -> TRANSITA | X52: =AVERAGE(S52,MAX(T52:U52),MAX(V52:W52)) -> 0 | Y52: =SUM(J52,Q52,X52)/3 -> 8.2777778 | Z52: =IF(Y52>=10,"TRANSITA","N/TRANSITA") -> N/TRANSITA
A55: O (A) Professor (a) | S55: O Subdirector Pedagógico
A56: _______________________________ | S56: ___________________________
S57: ALBERTO SASSA TATI

Sheet 11CL-AC-A-HEMAT I
A1: INSTITUTO TÉCNICO PRIVADO DE SAÚDE JOMORAIS
I3: DATA: 12/12/2025
B4: Classe: 11ª | I4: Disciplina: Hematologia I | V4: Ano Lectivo:2025/2026
B5: Período: Vespertino | E5: Turma: A | V5: Curso: ANÁLISES CLÍNICAS
B6: MINI-PAUTA - TÉCNICO DE SAÚDE
B7: Nº | C7: Nome do (a) Aluno (a) | D7: FALTAS | E7: Avaliações/I Trimestre | K7: OBS | L7: Avaliações/II Trimestre | R7: OBS | S7: Avaliações/IIITrimestre | Y7: MFD | Z7: OBS | AA7: M | AB7: F | AC7: TRANSITA | AD7: N/TRANSITA | AE7: E.E.F
D8: J/I | E8: MAC | F8: NPP | G8: NPR1 | H8: NPT | I8: NPR2 | J8: MT1 | L8: MAC | M8: NPP | N8: NPR1 | O8: NPT | P8: NPR2 | Q8: MT2 | S8: MAC | T8: NPP | U8: NPR1 | V8: NPT | W8: NPR2 | X8: MT3 | AA8: =COUNTIF(Z9:Z58,"M") -> 0 | AB8: =COUNTIF(Z9:Z58,"F") -> 0 | AC8: =COUNTIF(Z9:Z58,"TRANSITA") -> 6 | AD8: =COUNTIF(Z9:Z58,"N/TRANSITA") -> 38 | AE8: =COUNTIF(Z9:Z58,"E.E.F") -> 0
B9: 1 | C9: Abrão Gomes | E9: 14 | F9: 8 | H9: 12 | J9: =AVERAGE(E9,MAX(F9:G9),MAX(H9:I9)) -> 11.333333 | K9: =IF(J9>=10,"TRANSITA","N/TRANSITA") -> TRANSITA | L9: 16 | M9: 11 | O9: 14 | Q9: =AVERAGE(L9,MAX(M9:N9),MAX(O9:P9)) -> 13.666667 | R9: =IF(Q9>=10,"TRANSITA","N/TRANSITA") -> TRANSITA | X9: =AVERAGE(S9,MAX(T9:U9),MAX(V9:W9)) -> 0 | Y9: =SUM(J9,Q9,X9)/3 -> 8.3333333 | Z9: =IF(Y9>=10,"TRANSITA","N/TRANSITA") -> N/TRANSITA
B10: 2 | C10: Agostinho Mbaki Baza | E10: 17 | F10: 15.5 | H10: 17 | J10: =AVERAGE(E10,MAX(F10:G10),MAX(H10:I10)) -> 16.5 | K10: =IF(J10>=10,"TRANSITA","N/TRANSITA") -> TRANSITA | L10: 20 | M10: 19.5 | O10: 16 | Q10: =AVERAGE(L10,MAX(M10:N10),MAX(O10:P10)) -> 18.5 | R10: =IF(Q10>=10,"TRANSITA","N/TRANSITA") -> TRANSITA | X10: =AVERAGE(S10,MAX(T10:U10),MAX(V10:W10)) -> 0 | Y10: =SUM(J10,Q10,X10)/3 -> 11.666667 | Z10: =IF(Y10>=10,"TRANSITA","N/TRANSITA") -> TRANSITA | AA10: =SUM(AA8:AB9) -> 0
B11: 3 | C11: Albertina Vumbi Bazunga | E11: 18 | F11: 12 | H11: 12 | J11: =AVERAGE(E11,MAX(F11:G11),MAX(H11:I11)) -> 14 | K11: =IF(J11>=10,"TRANSITA","N/TRANSITA") -> TRANSITA | L11: 14 | M11: 9.5 | O11: 13.5 | Q11: =AVERAGE(L11,MAX(M11:N11),MAX(O11:P11)) -> 12.333333 | R11: =IF(Q11>=10,"TRANSITA","N/TRANSITA") -> TRANSITA | X11: =AVERAGE(S11,MAX(T11:U11),MAX(V11:W11)) -> 0 | Y11: =SUM(J11,Q11,X11)/3 -> 8.7777778 | Z11: =IF(Y11>=10,"TRANSITA","N/TRANSITA") -> N/TRANSITA
B12: 4 | C12: Alberto Mambo Simba | E12: 17 | F12: 14 | H12: 13 | J12: =AVERAGE(E12,MAX(F12:G12),MAX(H12:I12)) -> 14.666667 | K12: =IF(J12>=10,"TRANSITA","N/TRANSITA") -> TRANSITA | L12: 19.5 | M12: 14 | O12: 15.5 | Q12: =AVERAGE(L12,MAX(M12:N12),MAX(O12:P12)) -> 16.333333 | R12: =IF(Q12>=10,"TRANSITA","N/TRANSITA") -> TRANSITA | X12: =AVERAGE(S12,MAX(T12:U12),MAX(V12:W12)) -> 0 | Y12: =SUM(J12,Q12,X12)/3 -> 10.333333 | Z12: =IF(Y12>=10,"TRANSITA","N/TRANSITA") -> TRANSITA
B13: 5 | C13: Alda Catarina Mamata Balou | E13: 12 | F13: 7 | H13: 13 | J13: =AVERAGE(E13,MAX(F13:G13),MAX(H13:I13)) -> 10.666667 | K13: =IF(J13>=10,"TRANSITA","N/TRANSITA") -> TRANSITA | L13: 15 | M13: 10.5 | O13: 13 | Q13: =AVERAGE(L13,MAX(M13:N13),MAX(O13:P13)) -> 12.833333 | R13: =IF(Q13>=10,"TRANSITA","N/TRANSITA") -> TRANSITA | X13: =AVERAGE(S13,MAX(T13:U13),MAX(V13:W13)) -> 0 | Y13: =SUM(J13,Q13,X13)/3 -> 7.8333333 | Z13: =IF(Y13>=10,"TRANSITA","N/TRANSITA") -> N/TRANSITA
B14: 6 | C14: Alice Bitumba Mavungo | E14: 14 | F14: 11 | H14: 11 | J14: =AVERAGE(E14,MAX(F14:G14),MAX(H14:I14)) -> 12 | K14: =IF(J14>=10,"TRANSITA","N/TRANSITA") -> TRANSITA | L14: 11 | M14: 8.5 | O14: 16 | Q14: =AVERAGE(L14,MAX(M14:N14),MAX(O14:P14)) -> 11.833333 | R14: =IF(Q14>=10,"TRANSITA","N/TRANSITA") -> TRANSITA | X14: =AVERAGE(S14,MAX(T14:U14),MAX(V14:W14)) -> 0 | Y14: =SUM(J14,Q14,X14)/3 -> 7.9444444 | Z14: =IF(Y14>=10,"TRANSITA","N/TRANSITA") -> N/TRANSITA
B15: 7 | C15: Amélia Chibamba Chiama | E15: 15 | F15: 5 | H15: 12.5 | J15: =AVERAGE(E15,MAX(F15:G15),MAX(H15:I15)) -> 10.833333 | K15: =IF(J15>=10,"TRANSITA","N/TRANSITA") -> TRANSITA | L15: 20 | M15: 4.5 | O15: 15.5 | Q15: =AVERAGE(L15,MAX(M15:N15),MAX(O15:P15)) -> 13.333333 | R15: =IF(Q15>=10,"TRANSITA","N/TRANSITA") -> TRANSITA | X15: =AVERAGE(S15,MAX(T15:U15),MAX(V15:W15)) -> 0 | Y15: =SUM(J15,Q15,X15)/3 -> 8.0555556 | Z15: =IF(Y15>=10,"TRANSITA","N/TRANSITA") -> N/TRANSITA
B16: 8 | C16: Ana De Jesus Custódio Sambo | E16: 16 | F16: 6 | H16: 16 | J16: =AVERAGE(E16,MAX(F16:G16),MAX(H16:I16)) -> 12.666667 | K16: =IF(J16>=10,"TRANSITA","N/TRANSITA") -> TRANSITA | L16: 19.5 | M16: 6.5 | O16: 16.5 | Q16: =AVERAGE(L16,MAX(M16:N16),MAX(O16:P16)) -> 14.166667 | R16: =IF(Q16>=10,"TRANSITA","N/TRANSITA") -> TRANSITA | X16: =AVERAGE(S16,MAX(T16:U16),MAX(V16:W16)) -> 0 | Y16: =SUM(J16,Q16,X16)/3 -> 8.9444444 | Z16: =IF(Y16>=10,"TRANSITA","N/TRANSITA") -> N/TRANSITA
B17: 9 | C17: Ana Soca Deca Luba | E17: 11 | F17: 7 | H17: 11 | J17: =AVERAGE(E17,MAX(F17:G17),MAX(H17:I17)) -> 9.6666667 | K17: =IF(J17>=10,"TRANSITA","N/TRANSITA") -> N/TRANSITA | L17: 13 | M17: 5.5 | O17: 11 | Q17: =AVERAGE(L17,MAX(M17:N17),MAX(O17:P17)) -> 9.8333333 | R17: =IF(Q17>=10,"TRANSITA","N/TRANSITA") -> N/TRANSITA | X17: =AVERAGE(S17,MAX(T17:U17),MAX(V17:W17)) -> 0 | Y17: =SUM(J17,Q17,X17)/3 -> 6.5 | Z17: =IF(Y17>=10,"TRANSITA","N/TRANSITA") -> N/TRANSITA
B18: 10 | C18: Angelina Buanga Poba | E18: 13 | F18: 16.5 | H18: 16.5 | J18: =AVERAGE(E18,MAX(F18:G18),MAX(H18:I18)) -> 15.333333 | K18: =IF(J18>=10,"TRANSITA","N/TRANSITA") -> TRANSITA | L18: 14 | M18: 4 | O18: 14.5 | Q18: =AVERAGE(L18,MAX(M18:N18),MAX(O18:P18)) -> 10.833333 | R18: =IF(Q18>=10,"TRANSITA","N/TRANSITA") -> TRANSITA | X18: =AVERAGE(S18,MAX(T18:U18),MAX(V18:W18)) -> 0 | Y18: =SUM(J18,Q18,X18)/3 -> 8.7222222 | Z18: =IF(Y18>=10,"TRANSITA","N/TRANSITA") -> N/TRANSITA
B19: 11 | C19: Antoaneta Menga Futi Gime | E19: 17 | F19: 6.5 | H19: 15.5 | J19: =AVERAGE(E19,MAX(F19:G19),MAX(H19:I19)) -> 13 | K19: =IF(J19>=10,"TRANSITA","N/TRANSITA") -> TRANSITA | L19: 18.5 | M19: 10.5 | O19: 14 | Q19: =AVERAGE(L19,MAX(M19:N19),MAX(O19:P19)) -> 14.333333 | R19: =IF(Q19>=10,"TRANSITA","N/TRANSITA") -> TRANSITA | X19: =AVERAGE(S19,MAX(T19:U19),MAX(V19:W19)) -> 0 | Y19: =SUM(J19,Q19,X19)/3 -> 9.1111111 | Z19: =IF(Y19>=10,"TRANSITA","N/TRANSITA") -> N/TRANSITA
B20: 12 | C20: Arinalda De Canatividade Prata Bungo | E20: 18 | F20: 11.5 | H20: 15.5 | J20: =AVERAGE(E20,MAX(F20:G20),MAX(H20:I20)) -> 15 | K20: =IF(J20>=10,"TRANSITA","N/TRANSITA") -> TRANSITA | L20: 18.5 | M20: 8.5 | O20: 13.5 | Q20: =AVERAGE(L20,MAX(M20:N20),MAX(O20:P20)) -> 13.5 | R20: =IF(Q20>=10,"TRANSITA","N/TRANSITA") -> TRANSITA | X20: =AVERAGE(S20,MAX(T20:U20),MAX(V20:W20)) -> 0 | Y20: =SUM(J20,Q20,X20)/3 -> 9.5 | Z20: =IF(Y20>=10,"TRANSITA","N/TRANSITA") -> N/TRANSITA
B21: 13 | C21: Basílio Araújo Simba Mabiala | E21: 15 | F21: 14 | H21: 13.5 | J21: =AVERAGE(E21,MAX(F21:G21),MAX(H21:I21)) -> 14.166667 | K21: =IF(J21>=10,"TRANSITA","N/TRANSITA") -> TRANSITA | L21: 18 | M21: 3 | O21: 12 | Q21: =AVERAGE(L21,MAX(M21:N21),MAX(O21:P21)) -> 11 | R21: =IF(Q21>=10,"TRANSITA","N/TRANSITA") -> TRANSITA | X21: =AVERAGE(S21,MAX(T21:U21),MAX(V21:W21)) -> 0 | Y21: =SUM(J21,Q21,X21)/3 -> 8.3888889 | Z21: =IF(Y21>=10,"TRANSITA","N/TRANSITA") -> N/TRANSITA
B22: 14 | C22: Carlota Mbungo Conde | E22: 10 | F22: 9.5 | H22: 14.5 | J22: =AVERAGE(E22,MAX(F22:G22),MAX(H22:I22)) -> 11.333333 | K22: =IF(J22>=10,"TRANSITA","N/TRANSITA") -> TRANSITA | L22: 15 | M22: 4 | O22: 14.5 | Q22: =AVERAGE(L22,MAX(M22:N22),MAX(O22:P22)) -> 11.166667 | R22: =IF(Q22>=10,"TRANSITA","N/TRANSITA") -> TRANSITA | X22: =AVERAGE(S22,MAX(T22:U22),MAX(V22:W22)) -> 0 | Y22: =SUM(J22,Q22,X22)/3 -> 7.5 | Z22: =IF(Y22>=10,"TRANSITA","N/TRANSITA") -> N/TRANSITA
... B26: 18 | C26: Elisa Zuzi Bumba Da Silva | E26: 15 | F26: 6.5 | H26: 14 | J26: =AVERAGE(E26,MAX(F26:G26),MAX(H26:I26)) -> 11.833333 | K26: =IF(J26>=10,"TRANSITA","N/TRANSITA") -> TRANSITA | L26: 16 | M26: 7.5 | O26: 9.5 | Q26: =AVERAGE(L26,MAX(M26:N26),MAX(O26:P26)) -> 11 | R26: =IF(Q26>=10,"TRANSITA","N/TRANSITA") -> TRANSITA | X26: =AVERAGE(S26,MAX(T26:U26),MAX(V26:W26)) -> 0 | Y26: =SUM(J26,Q26,X26)/3 -> 7.6111111 | Z26: =IF(Y26>=10,"TRANSITA","N/TRANSITA") -> N/TRANSITA
B27: 19 | C27: Felicidade Muanda Bititi | J27: =AVERAGE(E27,MAX(F27:G27),MAX(H27:I27)) -> 0 | K27: =IF(J27>=10,"TRANSITA","N/TRANSITA") -> N/TRANSITA | Q27: =AVERAGE(L27,MAX(M27:N27),MAX(O27:P27)) -> 0 | R27: =IF(Q27>=10,"TRANSITA","N/TRANSITA") -> N/TRANSITA | X27: =AVERAGE(S27,MAX(T27:U27),MAX(V27:W27)) -> 0 | Y27: =SUM(J27,Q27,X27)/3 -> 0 | Z27: =IF(Y27>=10,"TRANSITA","N/TRANSITA") -> N/TRANSITA
B28: 20 | C28: Fernanda Pedro Tavares | E28: 15 | F28: 7 | J28: =AVERAGE(E28,MAX(F28:G28),MAX(H28:I28)) -> 7.3333333 | K28: =IF(J28>=10,"TRANSITA","N/TRANSITA") -> N/TRANSITA | Q28: =AVERAGE(L28,MAX(M28:N28),MAX(O28:P28)) -> 0 | R28: =IF(Q28>=10,"TRANSITA","N/TRANSITA") -> N/TRANSITA | X28: =AVERAGE(S28,MAX(T28:U28),MAX(V28:W28)) -> 0 | Y28: =SUM(J28,Q28,X28)/3 -> 2.4444444 | Z28: =IF(Y28>=10,"TRANSITA","N/TRANSITA") -> N/TRANSITA
B29: 21 | C29: Gertrudes Buanga Zuzi | E29: 8 | F29: 9 | H29: 13 | J29: =AVERAGE(E29,MAX(F29:G29),MAX(H29:I29)) -> 10 | K29: =IF(J29>=10,"TRANSITA","N/TRANSITA") -> TRANSITA | L29: 12 | M29: 5.5 | Q29: =AVERAGE(L29,MAX(M29:N29),MAX(O29:P29)) -> 5.8333333 | R29: =IF(Q29>=10,"TRANSITA","N/TRANSITA") -> N/TRANSITA | X29: =AVERAGE(S29,MAX(T29:U29),MAX(V29:W29)) -> 0 | Y29: =SUM(J29,Q29,X29)/3 -> 5.2777778 | Z29: =IF(Y29>=10,"TRANSITA","N/TRANSITA") -> N/TRANSITA
B30: 22 | C30: Helena Kalembela Miguel | E30: 14.5 | F30: 12.5 | H30: 12 | J30: =AVERAGE(E30,MAX(F30:G30),MAX(H30:I30)) -> 13 | K30: =IF(J30>=10,"TRANSITA","N/TRANSITA") -> TRANSITA | L30: 15.5 | M30: 7 | O30: 15.5 | Q30: =AVERAGE(L30,MAX(M30:N30),MAX(O30:P30)) -> 12.666667 | R30: =IF(Q30>=10,"TRANSITA","N/TRANSITA") -> TRANSITA | X30: =AVERAGE(S30,MAX(T30:U30),MAX(V30:W30)) -> 0 | Y30: =SUM(J30,Q30,X30)/3 -> 8.5555556 | Z30: =IF(Y30>=10,"TRANSITA","N/TRANSITA") -> N/TRANSITA
B31: 23 | C31: Helena Maravilha Zinga Sumbo | E31: 19 | F31: 7.5 | H31: 15.5 | J31: =AVERAGE(E31,MAX(F31:G31),MAX(H31:I31)) -> 14 | K31: =IF(J31>=10,"TRANSITA","N/TRANSITA") -> TRANSITA | L31: 19 | M31: 11 | O31: 16.5 | Q31: =AVERAGE(L31,MAX(M31:N31),MAX(O31:P31)) -> 15.5 | R31: =IF(Q31>=10,"TRANSITA","N/TRANSITA") -> TRANSITA | X31: =AVERAGE(S31,MAX(T31:U31),MAX(V31:W31)) -> 0 | Y31: =SUM(J31,Q31,X31)/3 -> 9.8333333 | Z31: =IF(Y31>=10,"TRANSITA","N/TRANSITA") -> N/TRANSITA
B32: 24 | C32: Inês Filomena Muanda Baiona | E32: 8 | F32: 5 | H32: 5 | J32: =AVERAGE(E32,MAX(F32:G32),MAX(H32:I32)) -> 6 | K32: =IF(J32>=10,"TRANSITA","N/TRANSITA") -> N/TRANSITA | L32: 13 | M32: 2 | O32: 12 | Q32: =AVERAGE(L32,MAX(M32:N32),MAX(O32:P32)) -> 9 | R32: =IF(Q32>=10,"TRANSITA","N/TRANSITA") -> N/TRANSITA | X32: =AVERAGE(S32,MAX(T32:U32),MAX(V32:W32)) -> 0 | Y32: =SUM(J32,Q32,X32)/3 -> 5 | Z32: =IF(Y32>=10,"TRANSITA","N/TRANSITA") -> N/TRANSITA
B33: 25 | C33: Isabel Ndaia Muanda | E33: 13 | F33: 8.5 | H33: 14 | J33: =AVERAGE(E33,MAX(F33:G33),MAX(H33:I33)) -> 11.833333 | K33: =IF(J33>=10,"TRANSITA","N/TRANSITA") -> TRANSITA | L33: 15 | M33: 10 | O33: 14 | Q33: =AVERAGE(L33,MAX(M33:N33),MAX(O33:P33)) -> 13 | R33: =IF(Q33>=10,"TRANSITA","N/TRANSITA") -> TRANSITA | X33: =AVERAGE(S33,MAX(T33:U33),MAX(V33:W33)) -> 0 | Y33: =SUM(J33,Q33,X33)/3 -> 8.2777778 | Z33: =IF(Y33>=10,"TRANSITA","N/TRANSITA") -> N/TRANSITA
B34: 26 | C34: Janete Malonda Cunha | E34: 16 | F34: 9.5 | H34: 14 | J34: =AVERAGE(E34,MAX(F34:G34),MAX(H34:I34)) -> 13.166667 | K34: =IF(J34>=10,"TRANSITA","N/TRANSITA") -> TRANSITA | L34: 16 | M34: 12 | O34: 13.5 | Q34: =AVERAGE(L34,MAX(M34:N34),MAX(O34:P34)) -> 13.833333 | R34: =IF(Q34>=10,"TRANSITA","N/TRANSITA") -> TRANSITA | X34: =AVERAGE(S34,MAX(T34:U34),MAX(V34:W34)) -> 0 | Y34: =SUM(J34,Q34,X34)/3 -> 9 | Z34: =IF(Y34>=10,"TRANSITA","N/TRANSITA") -> N/TRANSITA
B35: 27 | C35: Joana Albertina Mango | E35: 11 | F35: 11 | H35: 11 | J35: =AVERAGE(E35,MAX(F35:G35),MAX(H35:I35)) -> 11 | K35: =IF(J35>=10,"TRANSITA","N/TRANSITA") -> TRANSITA | L35: 14 | M35: 7 | O35: 10 | Q35: =AVERAGE(L35,MAX(M35:N35),MAX(O35:P35)) -> 10.333333 | R35: =IF(Q35>=10,"TRANSITA","N/TRANSITA") -> TRANSITA | X35: =AVERAGE(S35,MAX(T35:U35),MAX(V35:W35)) -> 0 | Y35: =SUM(J35,Q35,X35)/3 -> 7.1111111 | Z35: =IF(Y35>=10,"TRANSITA","N/TRANSITA") -> N/TRANSITA
B36: 28 | C36: Joana Laura Futi Muana | E36: 4 | F36: 5.5 | H36: 10 | J36: =AVERAGE(E36,MAX(F36:G36),MAX(H36:I36)) -> 6.5 | K36: =IF(J36>=10,"TRANSITA","N/TRANSITA") -> N/TRANSITA | L36: 8 | M36: 9 | O36: 14 | Q36: =AVERAGE(L36,MAX(M36:N36),MAX(O36:P36)) -> 10.333333 | R36: =IF(Q36>=10,"TRANSITA","N/TRANSITA") -> TRANSITA | X36: =AVERAGE(S36,MAX(T36:U36),MAX(V36:W36)) -> 0 | Y36: =SUM(J36,Q36,X36)/3 -> 5.6111111 | Z36: =IF(Y36>=10,"TRANSITA","N/TRANSITA") -> N/TRANSITA
B37: 29 | C37: Josefina Massanga Vumbi Goma | E37: 19 | F37: 14 | H37: 17.5 | J37: =AVERAGE(E37,MAX(F37:G37),MAX(H37:I37)) -> 16.833333 | K37: =IF(J37>=10,"TRANSITA","N/TRANSITA") -> TRANSITA | L37: 20 | M37: 16.5 | O37: 15 | Q37: =AVERAGE(L37,MAX(M37:N37),MAX(O37:P37)) -> 17.166667 | R37: =IF(Q37>=10,"TRANSITA","N/TRANSITA") -> TRANSITA | X37: =AVERAGE(S37,MAX(T37:U37),MAX(V37:W37)) -> 0 | Y37: =SUM(J37,Q37,X37)/3 -> 11.333333 | Z37: =IF(Y37>=10,"TRANSITA","N/TRANSITA") -> TRANSITA
B38: 30 | C38: Jurema Bernadete Nsunda | E38: 18 | F38: 11 | H38: 11.5 | J38: =AVERAGE(E38,MAX(F38:G38),MAX(H38:I38)) -> 13.5 | K38: =IF(J38>=10,"TRANSITA","N/TRANSITA") -> TRANSITA | L38: 17.5 | M38: 12 | O38: 15.5 | Q38: =AVERAGE(L38,MAX(M38:N38),MAX(O38:P38)) -> 15 | R38: =IF(Q38>=10,"TRANSITA","N/TRANSITA") -> TRANSITA | X38: =AVERAGE(S38,MAX(T38:U38),MAX(V38:W38)) -> 0 | Y38: =SUM(J38,Q38,X38)/3 -> 9.5 | Z38: =IF(Y38>=10,"TRANSITA","N/TRANSITA") -> N/TRANSITA
B39: 31 | C39: Madalena Lando António | E39: 16 | F39: 12.5 | H39: 15.5 | J39: =AVERAGE(E39,MAX(F39:G39),MAX(H39:I39)) -> 14.666667 | K39: =IF(J39>=10,"TRANSITA","N/TRANSITA") -> TRANSITA | L39: 15 | M39: 8.5 | O39: 14 | Q39: =AVERAGE(L39,MAX(M39:N39),MAX(O39:P39)) -> 12.5 | R39: =IF(Q39>=10,"TRANSITA","N/TRANSITA") -> TRANSITA | X39: =AVERAGE(S39,MAX(T39:U39),MAX(V39:W39)) -> 0 | Y39: =SUM(J39,Q39,X39)/3 -> 9.0555556 | Z39: =IF(Y39>=10,"TRANSITA","N/TRANSITA") -> N/TRANSITA
B40: 32 | C40: Marcos Nduli Sechie Gouveia | E40: 19.5 | F40: 19 | H40: 16 | J40: =AVERAGE(E40,MAX(F40:G40),MAX(H40:I40)) -> 18.166667 | K40: =IF(J40>=10,"TRANSITA","N/TRANSITA") -> TRANSITA | L40: 19 | M40: 12 | O40: 16.5 | Q40: =AVERAGE(L40,MAX(M40:N40),MAX(O40:P40)) -> 15.833333 | R40: =IF(Q40>=10,"TRANSITA","N/TRANSITA") -> TRANSITA | X40: =AVERAGE(S40,MAX(T40:U40),MAX(V40:W40)) -> 0 | Y40: =SUM(J40,Q40,X40)/3 -> 11.333333 | Z40: =IF(Y40>=10,"TRANSITA","N/TRANSITA") -> TRANSITA
B41: 33 | C41: Maria Buiti Tuadi Soca | E41: 18.5 | F41: 16 | H41: 17 | J41: =AVERAGE(E41,MAX(F41:G41),MAX(H41:I41)) -> 17.166667 | K41: =IF(J41>=10,"TRANSITA","N/TRANSITA") -> TRANSITA | L41: 19 | M41: 10 | O41: 10 | Q41: =AVERAGE(L41,MAX(M41:N41),MAX(O41:P41)) -> 13 | R41: =IF(Q41>=10,"TRANSITA","N/TRANSITA") -> TRANSITA | X41: =AVERAGE(S41,MAX(T41:U41),MAX(V41:W41)) -> 0 | Y41: =SUM(J41,Q41,X41)/3 -> 10.055556 | Z41: =IF(Y41>=10,"TRANSITA","N/TRANSITA") -> TRANSITA
... B52: 44 | C52: Teresa Gertrudes Luzia Tati | E52: 14 | F52: 5.5 | H52: 10 | J52: =AVERAGE(E52,MAX(F52:G52),MAX(H52:I52)) -> 9.8333333 | K52: =IF(J52>=10,"TRANSITA","N/TRANSITA") -> N/TRANSITA | L52: 14 | M52: 10 | O52: 14.5 | Q52: =AVERAGE(L52,MAX(M52:N52),MAX(O52:P52)) -> 12.833333 | R52: =IF(Q52>=10,"TRANSITA","N/TRANSITA") -> TRANSITA | X52: =AVERAGE(S52,MAX(T52:U52),MAX(V52:W52)) -> 0 | Y52: =SUM(J52,Q52,X52)/3 -> 7.5555556 | Z52: =IF(Y52>=10,"TRANSITA","N/TRANSITA") -> N/TRANSITA
A55: O (A) Professor (a) | S55: O Subdirector Pedagógico
A56: _______________________________ | S56: ___________________________
S57: ALBERTO SASSA TATI

Sheet 11CL-AC-A-IMUNOL.
A1: INSTITUTO TÉCNICO PRIVADO DE SAÚDE JOMORAIS
I3: DATA: 12/12/2025
B4: Classe: 11ª | I4: Disciplina: Imunologia | V4: Ano Lectivo:2025/2026
B5: Período: Vespertino | E5: Turma: A | V5: Curso: ANÁLISES CLÍNICAS
B6: MINI-PAUTA - TÉCNICO DE SAÚDE
B7: Nº | C7: Nome do (a) Aluno (a) | D7: FALTAS | E7: Avaliações/I Trimestre | K7: OBS | L7: Avaliações/II Trimestre | R7: OBS | S7: Avaliações/IIITrimestre | Y7: MFD | Z7: OBS | AA7: M | AB7: F | AC7: TRANSITA | AD7: N/TRANSITA | AE7: E.E.F
D8: J/I | E8: MAC | F8: NPP | G8: NPR1 | H8: NPT | I8: NPR2 | J8: MT1 | L8: MAC | M8: NPP | N8: NPR1 | O8: NPT | P8: NPR2 | Q8: MT2 | S8: MAC | T8: NPP | U8: NPR1 | V8: NPT | W8: NPR2 | X8: MT3 | AA8: =COUNTIF(Z9:Z58,"M") -> 0 | AB8: =COUNTIF(Z9:Z58,"F") -> 0 | AC8: =COUNTIF(Z9:Z58,"TRANSITA") -> 19 | AD8: =COUNTIF(Z9:Z58,"N/TRANSITA") -> 25 | AE8: =COUNTIF(Z9:Z58,"E.E.F") -> 0
B9: 1 | C9: Abrão Gomes | E9: 15.5 | F9: 15 | H9: 18 | J9: =AVERAGE(E9,MAX(F9:G9),MAX(H9:I9)) -> 16.166667 | K9: =IF(J9>=10,"TRANSITA","N/TRANSITA") -> TRANSITA | L9: 14 | M9: 20 | O9: 16 | Q9: =AVERAGE(L9,MAX(M9:N9),MAX(O9:P9)) -> 16.666667 | R9: =IF(Q9>=10,"TRANSITA","N/TRANSITA") -> TRANSITA | X9: =AVERAGE(S9,MAX(T9:U9),MAX(V9:W9)) -> 0 | Y9: =SUM(J9,Q9,X9)/3 -> 10.944444 | Z9: =IF(Y9>=10,"TRANSITA","N/TRANSITA") -> TRANSITA
B10: 2 | C10: Agostinho Mbaki Baza | E10: 17.5 | F10: 18 | H10: 19.5 | J10: =AVERAGE(E10,MAX(F10:G10),MAX(H10:I10)) -> 18.333333 | K10: =IF(J10>=10,"TRANSITA","N/TRANSITA") -> TRANSITA | L10: 16 | M10: 20 | O10: 20 | Q10: =AVERAGE(L10,MAX(M10:N10),MAX(O10:P10)) -> 18.666667 | R10: =IF(Q10>=10,"TRANSITA","N/TRANSITA") -> TRANSITA | X10: =AVERAGE(S10,MAX(T10:U10),MAX(V10:W10)) -> 0 | Y10: =SUM(J10,Q10,X10)/3 -> 12.333333 | Z10: =IF(Y10>=10,"TRANSITA","N/TRANSITA") -> TRANSITA | AA10: =SUM(AA8:AB9) -> 0
B11: 3 | C11: Albertina Vumbi Bazunga | E11: 12.75 | F11: 12 | H11: 20 | J11: =AVERAGE(E11,MAX(F11:G11),MAX(H11:I11)) -> 14.916667 | K11: =IF(J11>=10,"TRANSITA","N/TRANSITA") -> TRANSITA | L11: 12 | M11: 14.5 | O11: 15 | Q11: =AVERAGE(L11,MAX(M11:N11),MAX(O11:P11)) -> 13.833333 | R11: =IF(Q11>=10,"TRANSITA","N/TRANSITA") -> TRANSITA | X11: =AVERAGE(S11,MAX(T11:U11),MAX(V11:W11)) -> 0 | Y11: =SUM(J11,Q11,X11)/3 -> 9.5833333 | Z11: =IF(Y11>=10,"TRANSITA","N/TRANSITA") -> N/TRANSITA
B12: 4 | C12: Alberto Mambo Simba | E12: 16.25 | F12: 19 | H12: 17 | J12: =AVERAGE(E12,MAX(F12:G12),MAX(H12:I12)) -> 17.416667 | K12: =IF(J12>=10,"TRANSITA","N/TRANSITA") -> TRANSITA | L12: 16 | M12: 20 | O12: 12 | Q12: =AVERAGE(L12,MAX(M12:N12),MAX(O12:P12)) -> 16 | R12: =IF(Q12>=10,"TRANSITA","N/TRANSITA") -> TRANSITA | X12: =AVERAGE(S12,MAX(T12:U12),MAX(V12:W12)) -> 0 | Y12: =SUM(J12,Q12,X12)/3 -> 11.138889 | Z12: =IF(Y12>=10,"TRANSITA","N/TRANSITA") -> TRANSITA
B13: 5 | C13: Alda Catarina Mamata Balou | E13: 12 | F13: 10 | H13: 17 | J13: =AVERAGE(E13,MAX(F13:G13),MAX(H13:I13)) -> 13 | K13: =IF(J13>=10,"TRANSITA","N/TRANSITA") -> TRANSITA | L13: 10 | M13: 13 | O13: 17 | Q13: =AVERAGE(L13,MAX(M13:N13),MAX(O13:P13)) -> 13.333333 | R13: =IF(Q13>=10,"TRANSITA","N/TRANSITA") -> TRANSITA | X13: =AVERAGE(S13,MAX(T13:U13),MAX(V13:W13)) -> 0 | Y13: =SUM(J13,Q13,X13)/3 -> 8.7777778 | Z13: =IF(Y13>=10,"TRANSITA","N/TRANSITA") -> N/TRANSITA
B14: 6 | C14: Alice Bitumba Mavungo | E14: 13 | F14: 19.5 | H14: 13 | J14: =AVERAGE(E14,MAX(F14:G14),MAX(H14:I14)) -> 15.166667 | K14: =IF(J14>=10,"TRANSITA","N/TRANSITA") -> TRANSITA | L14: 14 | M14: 20 | O14: 15 | Q14: =AVERAGE(L14,MAX(M14:N14),MAX(O14:P14)) -> 16.333333 | R14: =IF(Q14>=10,"TRANSITA","N/TRANSITA") -> TRANSITA | X14: =AVERAGE(S14,MAX(T14:U14),MAX(V14:W14)) -> 0 | Y14: =SUM(J14,Q14,X14)/3 -> 10.5 | Z14: =IF(Y14>=10,"TRANSITA","N/TRANSITA") -> TRANSITA
B15: 7 | C15: Amélia Chibamba Chiama | E15: 14 | F15: 8 | H15: 20 | J15: =AVERAGE(E15,MAX(F15:G15),MAX(H15:I15)) -> 14 | K15: =IF(J15>=10,"TRANSITA","N/TRANSITA") -> TRANSITA | L15: 10 | M15: 12 | O15: 16 | Q15: =AVERAGE(L15,MAX(M15:N15),MAX(O15:P15)) -> 12.666667 | R15: =IF(Q15>=10,"TRANSITA","N/TRANSITA") -> TRANSITA | X15: =AVERAGE(S15,MAX(T15:U15),MAX(V15:W15)) -> 0 | Y15: =SUM(J15,Q15,X15)/3 -> 8.8888889 | Z15: =IF(Y15>=10,"TRANSITA","N/TRANSITA") -> N/TRANSITA
B16: 8 | C16: Ana De Jesus Custódio Sambo | E16: 13 | F16: 17.5 | H16: 11 | J16: =AVERAGE(E16,MAX(F16:G16),MAX(H16:I16)) -> 13.833333 | K16: =IF(J16>=10,"TRANSITA","N/TRANSITA") -> TRANSITA | L16: 14 | M16: 20 | O16: 12 | Q16: =AVERAGE(L16,MAX(M16:N16),MAX(O16:P16)) -> 15.333333 | R16: =IF(Q16>=10,"TRANSITA","N/TRANSITA") -> TRANSITA | X16: =AVERAGE(S16,MAX(T16:U16),MAX(V16:W16)) -> 0 | Y16: =SUM(J16,Q16,X16)/3 -> 9.7222222 | Z16: =IF(Y16>=10,"TRANSITA","N/TRANSITA") -> N/TRANSITA
B17: 9 | C17: Ana Soca Deca Luba | E17: 11 | F17: 19 | H17: 11 | J17: =AVERAGE(E17,MAX(F17:G17),MAX(H17:I17)) -> 13.666667 | K17: =IF(J17>=10,"TRANSITA","N/TRANSITA") -> TRANSITA | L17: 10 | M17: 5.5 | O17: 17 | Q17: =AVERAGE(L17,MAX(M17:N17),MAX(O17:P17)) -> 10.833333 | R17: =IF(Q17>=10,"TRANSITA","N/TRANSITA") -> TRANSITA | X17: =AVERAGE(S17,MAX(T17:U17),MAX(V17:W17)) -> 0 | Y17: =SUM(J17,Q17,X17)/3 -> 8.1666667 | Z17: =IF(Y17>=10,"TRANSITA","N/TRANSITA") -> N/TRANSITA
B18: 10 | C18: Angelina Buanga Poba | E18: 13 | F18: 8 | H18: 16 | J18: =AVERAGE(E18,MAX(F18:G18),MAX(H18:I18)) -> 12.333333 | K18: =IF(J18>=10,"TRANSITA","N/TRANSITA") -> TRANSITA | L18: 10 | M18: 8 | O18: 16 | Q18: =AVERAGE(L18,MAX(M18:N18),MAX(O18:P18)) -> 11.333333 | R18: =IF(Q18>=10,"TRANSITA","N/TRANSITA") -> TRANSITA | X18: =AVERAGE(S18,MAX(T18:U18),MAX(V18:W18)) -> 0 | Y18: =SUM(J18,Q18,X18)/3 -> 7.8888889 | Z18: =IF(Y18>=10,"TRANSITA","N/TRANSITA") -> N/TRANSITA
B19: 11 | C19: Antoaneta Menga Futi Gime | E19: 12.25 | F19: 17 | H19: 16 | J19: =AVERAGE(E19,MAX(F19:G19),MAX(H19:I19)) -> 15.083333 | K19: =IF(J19>=10,"TRANSITA","N/TRANSITA") -> TRANSITA | L19: 16 | M19: 20 | O19: 19 | Q19: =AVERAGE(L19,MAX(M19:N19),MAX(O19:P19)) -> 18.333333 | R19: =IF(Q19>=10,"TRANSITA","N/TRANSITA") -> TRANSITA | X19: =AVERAGE(S19,MAX(T19:U19),MAX(V19:W19)) -> 0 | Y19: =SUM(J19,Q19,X19)/3 -> 11.138889 | Z19: =IF(Y19>=10,"TRANSITA","N/TRANSITA") -> TRANSITA
B20: 12 | C20: Arinalda De Canatividade Prata Bungo | E20: 16.25 | F20: 19.5 | H20: 16.5 | J20: =AVERAGE(E20,MAX(F20:G20),MAX(H20:I20)) -> 17.416667 | K20: =IF(J20>=10,"TRANSITA","N/TRANSITA") -> TRANSITA | L20: 15 | M20: 20 | O20: 15.5 | Q20: =AVERAGE(L20,MAX(M20:N20),MAX(O20:P20)) -> 16.833333 | R20: =IF(Q20>=10,"TRANSITA","N/TRANSITA") -> TRANSITA | X20: =AVERAGE(S20,MAX(T20:U20),MAX(V20:W20)) -> 0 | Y20: =SUM(J20,Q20,X20)/3 -> 11.416667 | Z20: =IF(Y20>=10,"TRANSITA","N/TRANSITA") -> TRANSITA
B21: 13 | C21: Basílio Araújo Simba Mabiala | E21: 13.5 | F21: 20 | H21: 14.5 | J21: =AVERAGE(E21,MAX(F21:G21),MAX(H21:I21)) -> 16 | K21: =IF(J21>=10,"TRANSITA","N/TRANSITA") -> TRANSITA | L21: 15 | M21: 20 | O21: 20 | Q21: =AVERAGE(L21,MAX(M21:N21),MAX(O21:P21)) -> 18.333333 | R21: =IF(Q21>=10,"TRANSITA","N/TRANSITA") -> TRANSITA | X21: =AVERAGE(S21,MAX(T21:U21),MAX(V21:W21)) -> 0 | Y21: =SUM(J21,Q21,X21)/3 -> 11.444444 | Z21: =IF(Y21>=10,"TRANSITA","N/TRANSITA") -> TRANSITA
B22: 14 | C22: Carlota Mbungo Conde | E22: 11 | F22: 12 | H22: 12.5 | J22: =AVERAGE(E22,MAX(F22:G22),MAX(H22:I22)) -> 11.833333 | K22: =IF(J22>=10,"TRANSITA","N/TRANSITA") -> TRANSITA | L22: 10 | M22: 13 | O22: 2 | Q22: =AVERAGE(L22,MAX(M22:N22),MAX(O22:P22)) -> 8.3333333 | R22: =IF(Q22>=10,"TRANSITA","N/TRANSITA") -> N/TRANSITA | X22: =AVERAGE(S22,MAX(T22:U22),MAX(V22:W22)) -> 0 | Y22: =SUM(J22,Q22,X22)/3 -> 6.7222222 | Z22: =IF(Y22>=10,"TRANSITA","N/TRANSITA") -> N/TRANSITA
... B26: 18 | C26: Elisa Zuzi Bumba Da Silva | E26: 12.5 | F26: 10 | H26: 13.5 | J26: =AVERAGE(E26,MAX(F26:G26),MAX(H26:I26)) -> 12 | K26: =IF(J26>=10,"TRANSITA","N/TRANSITA") -> TRANSITA | L26: 12 | M26: 17.5 | O26: 16 | Q26: =AVERAGE(L26,MAX(M26:N26),MAX(O26:P26)) -> 15.166667 | R26: =IF(Q26>=10,"TRANSITA","N/TRANSITA") -> TRANSITA | X26: =AVERAGE(S26,MAX(T26:U26),MAX(V26:W26)) -> 0 | Y26: =SUM(J26,Q26,X26)/3 -> 9.0555556 | Z26: =IF(Y26>=10,"TRANSITA","N/TRANSITA") -> N/TRANSITA
B27: 19 | C27: Felicidade Muanda Bititi | J27: =AVERAGE(E27,MAX(F27:G27),MAX(H27:I27)) -> 0 | K27: =IF(J27>=10,"TRANSITA","N/TRANSITA") -> N/TRANSITA | Q27: =AVERAGE(L27,MAX(M27:N27),MAX(O27:P27)) -> 0 | R27: =IF(Q27>=10,"TRANSITA","N/TRANSITA") -> N/TRANSITA | X27: =AVERAGE(S27,MAX(T27:U27),MAX(V27:W27)) -> 0 | Y27: =SUM(J27,Q27,X27)/3 -> 0 | Z27: =IF(Y27>=10,"TRANSITA","N/TRANSITA") -> N/TRANSITA
B28: 20 | C28: Fernanda Pedro Tavares | E28: 13 | F28: 12.5 | H28: 10 | J28: =AVERAGE(E28,MAX(F28:G28),MAX(H28:I28)) -> 11.833333 | K28: =IF(J28>=10,"TRANSITA","N/TRANSITA") -> TRANSITA | Q28: =AVERAGE(L28,MAX(M28:N28),MAX(O28:P28)) -> 0 | R28: =IF(Q28>=10,"TRANSITA","N/TRANSITA") -> N/TRANSITA | X28: =AVERAGE(S28,MAX(T28:U28),MAX(V28:W28)) -> 0 | Y28: =SUM(J28,Q28,X28)/3 -> 3.9444444 | Z28: =IF(Y28>=10,"TRANSITA","N/TRANSITA") -> N/TRANSITA
B29: 21 | C29: Gertrudes Buanga Zuzi | E29: 10 | F29: 8 | H29: 10 | J29: =AVERAGE(E29,MAX(F29:G29),MAX(H29:I29)) -> 9.3333333 | K29: =IF(J29>=10,"TRANSITA","N/TRANSITA") -> N/TRANSITA | L29: 10 | M29: 11 | O29: 15.5 | Q29: =AVERAGE(L29,MAX(M29:N29),MAX(O29:P29)) -> 12.166667 | R29: =IF(Q29>=10,"TRANSITA","N/TRANSITA") -> TRANSITA | X29: =AVERAGE(S29,MAX(T29:U29),MAX(V29:W29)) -> 0 | Y29: =SUM(J29,Q29,X29)/3 -> 7.1666667 | Z29: =IF(Y29>=10,"TRANSITA","N/TRANSITA") -> N/TRANSITA
B30: 22 | C30: Helena Kalembela Miguel | E30: 15.5 | F30: 19.5 | H30: 14.5 | J30: =AVERAGE(E30,MAX(F30:G30),MAX(H30:I30)) -> 16.5 | K30: =IF(J30>=10,"TRANSITA","N/TRANSITA") -> TRANSITA | L30: 15 | M30: 16 | O30: 19.5 | Q30: =AVERAGE(L30,MAX(M30:N30),MAX(O30:P30)) -> 16.833333 | R30: =IF(Q30>=10,"TRANSITA","N/TRANSITA") -> TRANSITA | X30: =AVERAGE(S30,MAX(T30:U30),MAX(V30:W30)) -> 0 | Y30: =SUM(J30,Q30,X30)/3 -> 11.111111 | Z30: =IF(Y30>=10,"TRANSITA","N/TRANSITA") -> TRANSITA
B31: 23 | C31: Helena Maravilha Zinga Sumbo | E31: 14 | F31: 16 | H31: 11 | J31: =AVERAGE(E31,MAX(F31:G31),MAX(H31:I31)) -> 13.666667 | K31: =IF(J31>=10,"TRANSITA","N/TRANSITA") -> TRANSITA | L31: 15 | M31: 20 | O31: 12 | Q31: =AVERAGE(L31,MAX(M31:N31),MAX(O31:P31)) -> 15.666667 | R31: =IF(Q31>=10,"TRANSITA","N/TRANSITA") -> TRANSITA | X31: =AVERAGE(S31,MAX(T31:U31),MAX(V31:W31)) -> 0 | Y31: =SUM(J31,Q31,X31)/3 -> 9.7777778 | Z31: =IF(Y31>=10,"TRANSITA","N/TRANSITA") -> N/TRANSITA
B32: 24 | C32: Inês Filomena Muanda Baiona | E32: 10.5 | F32: 10 | H32: 11 | J32: =AVERAGE(E32,MAX(F32:G32),MAX(H32:I32)) -> 10.5 | K32: =IF(J32>=10,"TRANSITA","N/TRANSITA") -> TRANSITA | L32: 11 | M32: 13.5 | O32: 14 | Q32: =AVERAGE(L32,MAX(M32:N32),MAX(O32:P32)) -> 12.833333 | R32: =IF(Q32>=10,"TRANSITA","N/TRANSITA") -> TRANSITA | X32: =AVERAGE(S32,MAX(T32:U32),MAX(V32:W32)) -> 0 | Y32: =SUM(J32,Q32,X32)/3 -> 7.7777778 | Z32: =IF(Y32>=10,"TRANSITA","N/TRANSITA") -> N/TRANSITA
B33: 25 | C33: Isabel Ndaia Muanda | E33: 10 | F33: 19.5 | H33: 10 | J33: =AVERAGE(E33,MAX(F33:G33),MAX(H33:I33)) -> 13.166667 | K33: =IF(J33>=10,"TRANSITA","N/TRANSITA") -> TRANSITA | L33: 10 | M33: 7.5 | O33: 16 | Q33: =AVERAGE(L33,MAX(M33:N33),MAX(O33:P33)) -> 11.166667 | R33: =IF(Q33>=10,"TRANSITA","N/TRANSITA") -> TRANSITA | X33: =AVERAGE(S33,MAX(T33:U33),MAX(V33:W33)) -> 0 | Y33: =SUM(J33,Q33,X33)/3 -> 8.1111111 | Z33: =IF(Y33>=10,"TRANSITA","N/TRANSITA") -> N/TRANSITA
B34: 26 | C34: Janete Malonda Cunha | E34: 15.5 | F34: 19 | H34: 16 | J34: =AVERAGE(E34,MAX(F34:G34),MAX(H34:I34)) -> 16.833333 | K34: =IF(J34>=10,"TRANSITA","N/TRANSITA") -> TRANSITA | L34: 16 | M34: 20 | O34: 18.5 | Q34: =AVERAGE(L34,MAX(M34:N34),MAX(O34:P34)) -> 18.166667 | R34: =IF(Q34>=10,"TRANSITA","N/TRANSITA") -> TRANSITA | X34: =AVERAGE(S34,MAX(T34:U34),MAX(V34:W34)) -> 0 | Y34: =SUM(J34,Q34,X34)/3 -> 11.666667 | Z34: =IF(Y34>=10,"TRANSITA","N/TRANSITA") -> TRANSITA
B35: 27 | C35: Joana Albertina Mango | E35: 10.5 | F35: 17 | H35: 17 | J35: =AVERAGE(E35,MAX(F35:G35),MAX(H35:I35)) -> 14.833333 | K35: =IF(J35>=10,"TRANSITA","N/TRANSITA") -> TRANSITA | L35: 10 | M35: 12.5 | O35: 13 | Q35: =AVERAGE(L35,MAX(M35:N35),MAX(O35:P35)) -> 11.833333 | R35: =IF(Q35>=10,"TRANSITA","N/TRANSITA") -> TRANSITA | X35: =AVERAGE(S35,MAX(T35:U35),MAX(V35:W35)) -> 0 | Y35: =SUM(J35,Q35,X35)/3 -> 8.8888889 | Z35: =IF(Y35>=10,"TRANSITA","N/TRANSITA") -> N/TRANSITA
B36: 28 | C36: Joana Laura Futi Muana | E36: 15 | F36: 12.5 | H36: 18 | J36: =AVERAGE(E36,MAX(F36:G36),MAX(H36:I36)) -> 15.166667 | K36: =IF(J36>=10,"TRANSITA","N/TRANSITA") -> TRANSITA | L36: 15 | M36: 20 | O36: 16 | Q36: =AVERAGE(L36,MAX(M36:N36),MAX(O36:P36)) -> 17 | R36: =IF(Q36>=10,"TRANSITA","N/TRANSITA") -> TRANSITA | X36: =AVERAGE(S36,MAX(T36:U36),MAX(V36:W36)) -> 0 | Y36: =SUM(J36,Q36,X36)/3 -> 10.722222 | Z36: =IF(Y36>=10,"TRANSITA","N/TRANSITA") -> TRANSITA
B37: 29 | C37: Josefina Massanga Vumbi Goma | E37: 17.5 | F37: 20 | H37: 19.5 | J37: =AVERAGE(E37,MAX(F37:G37),MAX(H37:I37)) -> 19 | K37: =IF(J37>=10,"TRANSITA","N/TRANSITA") -> TRANSITA | L37: 16 | M37: 20 | O37: 20 | Q37: =AVERAGE(L37,MAX(M37:N37),MAX(O37:P37)) -> 18.666667 | R37: =IF(Q37>=10,"TRANSITA","N/TRANSITA") -> TRANSITA | X37: =AVERAGE(S37,MAX(T37:U37),MAX(V37:W37)) -> 0 | Y37: =SUM(J37,Q37,X37)/3 -> 12.555556 | Z37: =IF(Y37>=10,"TRANSITA","N/TRANSITA") -> TRANSITA
B38: 30 | C38: Jurema Bernadete Nsunda | E38: 12 | F38: 20 | H38: 13 | J38: =AVERAGE(E38,MAX(F38:G38),MAX(H38:I38)) -> 15 | K38: =IF(J38>=10,"TRANSITA","N/TRANSITA") -> TRANSITA | L38: 16 | M38: 20 | O38: 11 | Q38: =AVERAGE(L38,MAX(M38:N38),MAX(O38:P38)) -> 15.666667 | R38: =IF(Q38>=10,"TRANSITA","N/TRANSITA") -> TRANSITA | X38: =AVERAGE(S38,MAX(T38:U38),MAX(V38:W38)) -> 0 | Y38: =SUM(J38,Q38,X38)/3 -> 10.222222 | Z38: =IF(Y38>=10,"TRANSITA","N/TRANSITA") -> TRANSITA
B39: 31 | C39: Madalena Lando António | E39: 12.75 | F39: 19.5 | H39: 20 | J39: =AVERAGE(E39,MAX(F39:G39),MAX(H39:I39)) -> 17.416667 | K39: =IF(J39>=10,"TRANSITA","N/TRANSITA") -> TRANSITA | L39: 15 | M39: 13 | O39: 20 | Q39: =AVERAGE(L39,MAX(M39:N39),MAX(O39:P39)) -> 16 | R39: =IF(Q39>=10,"TRANSITA","N/TRANSITA") -> TRANSITA | X39: =AVERAGE(S39,MAX(T39:U39),MAX(V39:W39)) -> 0 | Y39: =SUM(J39,Q39,X39)/3 -> 11.138889 | Z39: =IF(Y39>=10,"TRANSITA","N/TRANSITA") -> TRANSITA
B40: 32 | C40: Marcos Nduli Sechie Gouveia | E40: 17.75 | F40: 20 | H40: 19 | J40: =AVERAGE(E40,MAX(F40:G40),MAX(H40:I40)) -> 18.916667 | K40: =IF(J40>=10,"TRANSITA","N/TRANSITA") -> TRANSITA | L40: 16 | M40: 20 | O40: 20 | Q40: =AVERAGE(L40,MAX(M40:N40),MAX(O40:P40)) -> 18.666667 | R40: =IF(Q40>=10,"TRANSITA","N/TRANSITA") -> TRANSITA | X40: =AVERAGE(S40,MAX(T40:U40),MAX(V40:W40)) -> 0 | Y40: =SUM(J40,Q40,X40)/3 -> 12.527778 | Z40: =IF(Y40>=10,"TRANSITA","N/TRANSITA") -> TRANSITA
... B52: 44 | C52: Teresa Gertrudes Luzia Tati | E52: 13.5 | F52: 12.5 | H52: 20 | J52: =AVERAGE(E52,MAX(F52:G52),MAX(H52:I52)) -> 15.333333 | K52: =IF(J52>=10,"TRANSITA","N/TRANSITA") -> TRANSITA | L52: 10 | M52: 2 | O52: 17 | Q52: =AVERAGE(L52,MAX(M52:N52),MAX(O52:P52)) -> 9.6666667 | R52: =IF(Q52>=10,"TRANSITA","N/TRANSITA") -> N/TRANSITA | X52: =AVERAGE(S52,MAX(T52:U52),MAX(V52:W52)) -> 0 | Y52: =SUM(J52,Q52,X52)/3 -> 8.3333333 | Z52: =IF(Y52>=10,"TRANSITA","N/TRANSITA") -> N/TRANSITA
A55: O (A) Professor (a) | S55: O Subdirector Pedagógico
A56: _______________________________ | S56: ___________________________
S57: ALBERTO SASSA TATI

Sheet 11CL-AC-A-URINOL.
A1: INSTITUTO TÉCNICO PRIVADO DE SAÚDE JOMORAIS
I3: DATA: 12/12/2025
B4: Classe: 11ª | I4: Disciplina: Urinologia | V4: Ano Lectivo:2025/2026
B5: Período: Vespertino | E5: Turma: A | V5: Curso: ANÁLISES CLÍNICAS
B6: MINI-PAUTA - TÉCNICO DE SAÚDE
B7: Nº | C7: Nome do (a) Aluno (a) | D7: FALTAS | E7: Avaliações/I Trimestre | K7: OBS | L7: Avaliações/II Trimestre | R7: OBS | S7: Avaliações/IIITrimestre | Y7: MFD | Z7: OBS | AA7: M | AB7: F | AC7: TRANSITA | AD7: N/TRANSITA | AE7: E.E.F
D8: J/I | E8: MAC | F8: NPP | G8: NPR1 | H8: NPT | I8: NPR2 | J8: MT1 | L8: MAC | M8: NPP | N8: NPR1 | O8: NPT | P8: NPR2 | Q8: MT2 | S8: MAC | T8: NPP | U8: NPR1 | V8: NPT | W8: NPR2 | X8: MT3 | AA8: =COUNTIF(Z9:Z58,"M") -> 0 | AB8: =COUNTIF(Z9:Z58,"F") -> 0 | AC8: =COUNTIF(Z9:Z58,"TRANSITA") -> 5 | AD8: =COUNTIF(Z9:Z58,"N/TRANSITA") -> 39 | AE8: =COUNTIF(Z9:Z58,"E.E.F") -> 0
B9: 1 | C9: Abrão Gomes | E9: 10 | F9: 14.5 | H9: 12 | J9: =AVERAGE(E9,MAX(F9:G9),MAX(H9:I9)) -> 12.166667 | K9: =IF(J9>=10,"TRANSITA","N/TRANSITA") -> TRANSITA | L9: 16 | M9: 11 | O9: 11.5 | Q9: =AVERAGE(L9,MAX(M9:N9),MAX(O9:P9)) -> 12.833333 | R9: =IF(Q9>=10,"TRANSITA","N/TRANSITA") -> TRANSITA | X9: =AVERAGE(S9,MAX(T9:U9),MAX(V9:W9)) -> 0 | Y9: =SUM(J9,Q9,X9)/3 -> 8.3333333 | Z9: =IF(Y9>=10,"TRANSITA","N/TRANSITA") -> N/TRANSITA
B10: 2 | C10: Agostinho Mbaki Baza | E10: 12 | F10: 18.5 | H10: 19 | J10: =AVERAGE(E10,MAX(F10:G10),MAX(H10:I10)) -> 16.5 | K10: =IF(J10>=10,"TRANSITA","N/TRANSITA") -> TRANSITA | L10: 19 | M10: 13 | O10: 16.5 | Q10: =AVERAGE(L10,MAX(M10:N10),MAX(O10:P10)) -> 16.166667 | R10: =IF(Q10>=10,"TRANSITA","N/TRANSITA") -> TRANSITA | X10: =AVERAGE(S10,MAX(T10:U10),MAX(V10:W10)) -> 0 | Y10: =SUM(J10,Q10,X10)/3 -> 10.888889 | Z10: =IF(Y10>=10,"TRANSITA","N/TRANSITA") -> TRANSITA | AA10: =SUM(AA8:AB9) -> 0
B11: 3 | C11: Albertina Vumbi Bazunga | E11: 12 | F11: 11 | H11: 17.5 | J11: =AVERAGE(E11,MAX(F11:G11),MAX(H11:I11)) -> 13.5 | K11: =IF(J11>=10,"TRANSITA","N/TRANSITA") -> TRANSITA | L11: 12 | M11: 7.5 | O11: 14.5 | Q11: =AVERAGE(L11,MAX(M11:N11),MAX(O11:P11)) -> 11.333333 | R11: =IF(Q11>=10,"TRANSITA","N/TRANSITA") -> TRANSITA | X11: =AVERAGE(S11,MAX(T11:U11),MAX(V11:W11)) -> 0 | Y11: =SUM(J11,Q11,X11)/3 -> 8.2777778 | Z11: =IF(Y11>=10,"TRANSITA","N/TRANSITA") -> N/TRANSITA
B12: 4 | C12: Alberto Mambo Simba | E12: 16 | F12: 15.5 | H12: 18.5 | J12: =AVERAGE(E12,MAX(F12:G12),MAX(H12:I12)) -> 16.666667 | K12: =IF(J12>=10,"TRANSITA","N/TRANSITA") -> TRANSITA | L12: 9.5 | M12: 14 | O12: 14.5 | Q12: =AVERAGE(L12,MAX(M12:N12),MAX(O12:P12)) -> 12.666667 | R12: =IF(Q12>=10,"TRANSITA","N/TRANSITA") -> TRANSITA | X12: =AVERAGE(S12,MAX(T12:U12),MAX(V12:W12)) -> 0 | Y12: =SUM(J12,Q12,X12)/3 -> 9.7777778 | Z12: =IF(Y12>=10,"TRANSITA","N/TRANSITA") -> N/TRANSITA
B13: 5 | C13: Alda Catarina Mamata Balou | E13: 18 | F13: 8.5 | H13: 14.5 | J13: =AVERAGE(E13,MAX(F13:G13),MAX(H13:I13)) -> 13.666667 | K13: =IF(J13>=10,"TRANSITA","N/TRANSITA") -> TRANSITA | L13: 8 | M13: 9 | O13: 13 | Q13: =AVERAGE(L13,MAX(M13:N13),MAX(O13:P13)) -> 10 | R13: =IF(Q13>=10,"TRANSITA","N/TRANSITA") -> TRANSITA | X13: =AVERAGE(S13,MAX(T13:U13),MAX(V13:W13)) -> 0 | Y13: =SUM(J13,Q13,X13)/3 -> 7.8888889 | Z13: =IF(Y13>=10,"TRANSITA","N/TRANSITA") -> N/TRANSITA
B14: 6 | C14: Alice Bitumba Mavungo | F14: 14 | H14: 14.5 | J14: =AVERAGE(E14,MAX(F14:G14),MAX(H14:I14)) -> 14.25 | K14: =IF(J14>=10,"TRANSITA","N/TRANSITA") -> TRANSITA | L14: 10.5 | M14: 11 | O14: 15 | Q14: =AVERAGE(L14,MAX(M14:N14),MAX(O14:P14)) -> 12.166667 | R14: =IF(Q14>=10,"TRANSITA","N/TRANSITA") -> TRANSITA | X14: =AVERAGE(S14,MAX(T14:U14),MAX(V14:W14)) -> 0 | Y14: =SUM(J14,Q14,X14)/3 -> 8.8055556 | Z14: =IF(Y14>=10,"TRANSITA","N/TRANSITA") -> N/TRANSITA
B15: 7 | C15: Amélia Chibamba Chiama | E15: 13 | F15: 14.5 | H15: 19 | J15: =AVERAGE(E15,MAX(F15:G15),MAX(H15:I15)) -> 15.5 | K15: =IF(J15>=10,"TRANSITA","N/TRANSITA") -> TRANSITA | L15: 8 | M15: 13 | O15: 15.5 | Q15: =AVERAGE(L15,MAX(M15:N15),MAX(O15:P15)) -> 12.166667 | R15: =IF(Q15>=10,"TRANSITA","N/TRANSITA") -> TRANSITA | X15: =AVERAGE(S15,MAX(T15:U15),MAX(V15:W15)) -> 0 | Y15: =SUM(J15,Q15,X15)/3 -> 9.2222222 | Z15: =IF(Y15>=10,"TRANSITA","N/TRANSITA") -> N/TRANSITA
B16: 8 | C16: Ana De Jesus Custódio Sambo | E16: 12 | F16: 10.5 | H16: 18.5 | J16: =AVERAGE(E16,MAX(F16:G16),MAX(H16:I16)) -> 13.666667 | K16: =IF(J16>=10,"TRANSITA","N/TRANSITA") -> TRANSITA | L16: 9 | M16: 10.5 | O16: 14 | Q16: =AVERAGE(L16,MAX(M16:N16),MAX(O16:P16)) -> 11.166667 | R16: =IF(Q16>=10,"TRANSITA","N/TRANSITA") -> TRANSITA | X16: =AVERAGE(S16,MAX(T16:U16),MAX(V16:W16)) -> 0 | Y16: =SUM(J16,Q16,X16)/3 -> 8.2777778 | Z16: =IF(Y16>=10,"TRANSITA","N/TRANSITA") -> N/TRANSITA
B17: 9 | C17: Ana Soca Deca Luba | F17: 8 | H17: 0 | J17: =AVERAGE(E17,MAX(F17:G17),MAX(H17:I17)) -> 4 | K17: =IF(J17>=10,"TRANSITA","N/TRANSITA") -> N/TRANSITA | L17: 11 | M17: 9 | O17: 12 | Q17: =AVERAGE(L17,MAX(M17:N17),MAX(O17:P17)) -> 10.666667 | R17: =IF(Q17>=10,"TRANSITA","N/TRANSITA") -> TRANSITA | X17: =AVERAGE(S17,MAX(T17:U17),MAX(V17:W17)) -> 0 | Y17: =SUM(J17,Q17,X17)/3 -> 4.8888889 | Z17: =IF(Y17>=10,"TRANSITA","N/TRANSITA") -> N/TRANSITA
B18: 10 | C18: Angelina Buanga Poba | E18: 11 | F18: 12.5 | H18: 14.5 | J18: =AVERAGE(E18,MAX(F18:G18),MAX(H18:I18)) -> 12.666667 | K18: =IF(J18>=10,"TRANSITA","N/TRANSITA") -> TRANSITA | L18: 12 | M18: 11 | O18: 12 | Q18: =AVERAGE(L18,MAX(M18:N18),MAX(O18:P18)) -> 11.666667 | R18: =IF(Q18>=10,"TRANSITA","N/TRANSITA") -> TRANSITA | X18: =AVERAGE(S18,MAX(T18:U18),MAX(V18:W18)) -> 0 | Y18: =SUM(J18,Q18,X18)/3 -> 8.1111111 | Z18: =IF(Y18>=10,"TRANSITA","N/TRANSITA") -> N/TRANSITA
B19: 11 | C19: Antoaneta Menga Futi Gime | E19: 16 | F19: 13 | H19: 18 | J19: =AVERAGE(E19,MAX(F19:G19),MAX(H19:I19)) -> 15.666667 | K19: =IF(J19>=10,"TRANSITA","N/TRANSITA") -> TRANSITA | L19: 6.5 | M19: 11 | O19: 13.5 | Q19: =AVERAGE(L19,MAX(M19:N19),MAX(O19:P19)) -> 10.333333 | R19: =IF(Q19>=10,"TRANSITA","N/TRANSITA") -> TRANSITA | X19: =AVERAGE(S19,MAX(T19:U19),MAX(V19:W19)) -> 0 | Y19: =SUM(J19,Q19,X19)/3 -> 8.6666667 | Z19: =IF(Y19>=10,"TRANSITA","N/TRANSITA") -> N/TRANSITA
B20: 12 | C20: Arinalda De Canatividade Prata Bungo | E20: 16 | F20: 15.5 | H20: 17.5 | J20: =AVERAGE(E20,MAX(F20:G20),MAX(H20:I20)) -> 16.333333 | K20: =IF(J20>=10,"TRANSITA","N/TRANSITA") -> TRANSITA | L20: 14 | M20: 9 | O20: 13 | Q20: =AVERAGE(L20,MAX(M20:N20),MAX(O20:P20)) -> 12 | R20: =IF(Q20>=10,"TRANSITA","N/TRANSITA") -> TRANSITA | X20: =AVERAGE(S20,MAX(T20:U20),MAX(V20:W20)) -> 0 | Y20: =SUM(J20,Q20,X20)/3 -> 9.4444444 | Z20: =IF(Y20>=10,"TRANSITA","N/TRANSITA") -> N/TRANSITA
B21: 13 | C21: Basílio Araújo Simba Mabiala | E21: 16 | F21: 15.5 | H21: 13 | J21: =AVERAGE(E21,MAX(F21:G21),MAX(H21:I21)) -> 14.833333 | K21: =IF(J21>=10,"TRANSITA","N/TRANSITA") -> TRANSITA | L21: 15 | M21: 11 | O21: 10.5 | Q21: =AVERAGE(L21,MAX(M21:N21),MAX(O21:P21)) -> 12.166667 | R21: =IF(Q21>=10,"TRANSITA","N/TRANSITA") -> TRANSITA | X21: =AVERAGE(S21,MAX(T21:U21),MAX(V21:W21)) -> 0 | Y21: =SUM(J21,Q21,X21)/3 -> 9 | Z21: =IF(Y21>=10,"TRANSITA","N/TRANSITA") -> N/TRANSITA
B22: 14 | C22: Carlota Mbungo Conde | E22: 12 | F22: 10.5 | H22: 13.5 | J22: =AVERAGE(E22,MAX(F22:G22),MAX(H22:I22)) -> 12 | K22: =IF(J22>=10,"TRANSITA","N/TRANSITA") -> TRANSITA | L22: 11 | M22: 9 | O22: 10 | Q22: =AVERAGE(L22,MAX(M22:N22),MAX(O22:P22)) -> 10 | R22: =IF(Q22>=10,"TRANSITA","N/TRANSITA") -> TRANSITA | X22: =AVERAGE(S22,MAX(T22:U22),MAX(V22:W22)) -> 0 | Y22: =SUM(J22,Q22,X22)/3 -> 7.3333333 | Z22: =IF(Y22>=10,"TRANSITA","N/TRANSITA") -> N/TRANSITA
B23: 15 | C23: Catarina Luemba Makuama | E23: 4 | F23: 7.5 | H23: 14 | J23: =AVERAGE(E23,MAX(F23:G23),MAX(H23:I23)) -> 8.5 | K23: =IF(J23>=10,"TRANSITA","N/TRANSITA") -> N/TRANSITA | L23: 5 | M23: 9 | O23: 10 | Q23: =AVERAGE(L23,MAX(M23:N23),MAX(O23:P23)) -> 8 | R23: =IF(Q23>=10,"TRANSITA","N/TRANSITA") -> N/TRANSITA | X23: =AVERAGE(S23,MAX(T23:U23),MAX(V23:W23)) -> 0 | Y23: =SUM(J23,Q23,X23)/3 -> 5.5 | Z23: =IF(Y23>=10,"TRANSITA","N/TRANSITA") -> N/TRANSITA
B24: 16 | C24: Cristina Conde Sassi | E24: 13 | F24: 10.25 | H24: 15 | J24: =AVERAGE(E24,MAX(F24:G24),MAX(H24:I24)) -> 12.75 | K24: =IF(J24>=10,"TRANSITA","N/TRANSITA") -> TRANSITA | L24: 13 | M24: 9.5 | O24: 15.5 | Q24: =AVERAGE(L24,MAX(M24:N24),MAX(O24:P24)) -> 12.666667 | R24: =IF(Q24>=10,"TRANSITA","N/TRANSITA") -> TRANSITA | X24: =AVERAGE(S24,MAX(T24:U24),MAX(V24:W24)) -> 0 | Y24: =SUM(J24,Q24,X24)/3 -> 8.4722222 | Z24: =IF(Y24>=10,"TRANSITA","N/TRANSITA") -> N/TRANSITA
B25: 17 | C25: Dorcas Milando Dembi | E25: 13 | F25: 8.5 | H25: 12 | J25: =AVERAGE(E25,MAX(F25:G25),MAX(H25:I25)) -> 11.166667 | K25: =IF(J25>=10,"TRANSITA","N/TRANSITA") -> TRANSITA | L25: 17 | M25: 14 | O25: 13 | Q25: =AVERAGE(L25,MAX(M25:N25),MAX(O25:P25)) -> 14.666667 | R25: =IF(Q25>=10,"TRANSITA","N/TRANSITA") -> TRANSITA | X25: =AVERAGE(S25,MAX(T25:U25),MAX(V25:W25)) -> 0 | Y25: =SUM(J25,Q25,X25)/3 -> 8.6111111 | Z25: =IF(Y25>=10,"TRANSITA","N/TRANSITA") -> N/TRANSITA
B26: 18 | C26: Elisa Zuzi Bumba Da Silva | E26: 16 | F26: 14.5 | H26: 16.5 | J26: =AVERAGE(E26,MAX(F26:G26),MAX(H26:I26)) -> 15.666667 | K26: =IF(J26>=10,"TRANSITA","N/TRANSITA") -> TRANSITA | L26: 15 | M26: 10 | O26: 13.5 | Q26: =AVERAGE(L26,MAX(M26:N26),MAX(O26:P26)) -> 12.833333 | R26: =IF(Q26>=10,"TRANSITA","N/TRANSITA") -> TRANSITA | X26: =AVERAGE(S26,MAX(T26:U26),MAX(V26:W26)) -> 0 | Y26: =SUM(J26,Q26,X26)/3 -> 9.5 | Z26: =IF(Y26>=10,"TRANSITA","N/TRANSITA") -> N/TRANSITA
B27: 19 | C27: Felicidade Muanda Bititi | J27: =AVERAGE(E27,MAX(F27:G27),MAX(H27:I27)) -> 0 | K27: =IF(J27>=10,"TRANSITA","N/TRANSITA") -> N/TRANSITA | Q27: =AVERAGE(L27,MAX(M27:N27),MAX(O27:P27)) -> 0 | R27: =IF(Q27>=10,"TRANSITA","N/TRANSITA") -> N/TRANSITA | X27: =AVERAGE(S27,MAX(T27:U27),MAX(V27:W27)) -> 0 | Y27: =SUM(J27,Q27,X27)/3 -> 0 | Z27: =IF(Y27>=10,"TRANSITA","N/TRANSITA") -> N/TRANSITA
B28: 20 | C28: Fernanda Pedro Tavares | F28: 7 | H28: 8.5 | J28: =AVERAGE(E28,MAX(F28:G28),MAX(H28:I28)) -> 7.75 | K28: =IF(J28>=10,"TRANSITA","N/TRANSITA") -> N/TRANSITA | L28: 0 | Q28: =AVERAGE(L28,MAX(M28:N28),MAX(O28:P28)) -> 0 | R28: =IF(Q28>=10,"TRANSITA","N/TRANSITA") -> N/TRANSITA | X28: =AVERAGE(S28,MAX(T28:U28),MAX(V28:W28)) -> 0 | Y28: =SUM(J28,Q28,X28)/3 -> 2.5833333 | Z28: =IF(Y28>=10,"TRANSITA","N/TRANSITA") -> N/TRANSITA
B29: 21 | C29: Gertrudes Buanga Zuzi | E29: 12 | F29: 15.5 | H29: 16 | J29: =AVERAGE(E29,MAX(F29:G29),MAX(H29:I29)) -> 14.5 | K29: =IF(J29>=10,"TRANSITA","N/TRANSITA") -> TRANSITA | L29: 4 | M29: 9 | O29: 15.5 | Q29: =AVERAGE(L29,MAX(M29:N29),MAX(O29:P29)) -> 9.5 | R29: =IF(Q29>=10,"TRANSITA","N/TRANSITA") -> N/TRANSITA | X29: =AVERAGE(S29,MAX(T29:U29),MAX(V29:W29)) -> 0 | Y29: =SUM(J29,Q29,X29)/3 -> 8 | Z29: =IF(Y29>=10,"TRANSITA","N/TRANSITA") -> N/TRANSITA
B30: 22 | C30: Helena Kalembela Miguel | E30: 16 | F30: 14.5 | H30: 15.5 | J30: =AVERAGE(E30,MAX(F30:G30),MAX(H30:I30)) -> 15.333333 | K30: =IF(J30>=10,"TRANSITA","N/TRANSITA") -> TRANSITA | L30: 16 | M30: 13 | O30: 13 | Q30: =AVERAGE(L30,MAX(M30:N30),MAX(O30:P30)) -> 14 | R30: =IF(Q30>=10,"TRANSITA","N/TRANSITA") -> TRANSITA | X30: =AVERAGE(S30,MAX(T30:U30),MAX(V30:W30)) -> 0 | Y30: =SUM(J30,Q30,X30)/3 -> 9.7777778 | Z30: =IF(Y30>=10,"TRANSITA","N/TRANSITA") -> N/TRANSITA
B31: 23 | C31: Helena Maravilha Zinga Sumbo | F31: 11.5 | H31: 11.5 | J31: =AVERAGE(E31,MAX(F31:G31),MAX(H31:I31)) -> 11.5 | K31: =IF(J31>=10,"TRANSITA","N/TRANSITA") -> TRANSITA | L31: 5 | M31: 8.5 | O31: 16.5 | Q31: =AVERAGE(L31,MAX(M31:N31),MAX(O31:P31)) -> 10 | R31: =IF(Q31>=10,"TRANSITA","N/TRANSITA") -> TRANSITA | X31: =AVERAGE(S31,MAX(T31:U31),MAX(V31:W31)) -> 0 | Y31: =SUM(J31,Q31,X31)/3 -> 7.1666667 | Z31: =IF(Y31>=10,"TRANSITA","N/TRANSITA") -> N/TRANSITA
B32: 24 | C32: Inês Filomena Muanda Baiona | E32: 13 | H32: 5 | J32: =AVERAGE(E32,MAX(F32:G32),MAX(H32:I32)) -> 6 | K32: =IF(J32>=10,"TRANSITA","N/TRANSITA") -> N/TRANSITA | L32: 5 | M32: 8.5 | O32: 6.5 | Q32: =AVERAGE(L32,MAX(M32:N32),MAX(O32:P32)) -> 6.6666667 | R32: =IF(Q32>=10,"TRANSITA","N/TRANSITA") -> N/TRANSITA | X32: =AVERAGE(S32,MAX(T32:U32),MAX(V32:W32)) -> 0 | Y32: =SUM(J32,Q32,X32)/3 -> 4.2222222 | Z32: =IF(Y32>=10,"TRANSITA","N/TRANSITA") -> N/TRANSITA
B33: 25 | C33: Isabel Ndaia Muanda | E33: 13 | F33: 13.5 | H33: 14.5 | J33: =AVERAGE(E33,MAX(F33:G33),MAX(H33:I33)) -> 13.666667 | K33: =IF(J33>=10,"TRANSITA","N/TRANSITA") -> TRANSITA | L33: 7.5 | M33: 11.5 | O33: 11 | Q33: =AVERAGE(L33,MAX(M33:N33),MAX(O33:P33)) -> 10 | R33: =IF(Q33>=10,"TRANSITA","N/TRANSITA") -> TRANSITA | X33: =AVERAGE(S33,MAX(T33:U33),MAX(V33:W33)) -> 0 | Y33: =SUM(J33,Q33,X33)/3 -> 7.8888889 | Z33: =IF(Y33>=10,"TRANSITA","N/TRANSITA") -> N/TRANSITA
B34: 26 | C34: Janete Malonda Cunha | E34: 18 | F34: 13.5 | H34: 18.5 | J34: =AVERAGE(E34,MAX(F34:G34),MAX(H34:I34)) -> 16.666667 | K34: =IF(J34>=10,"TRANSITA","N/TRANSITA") -> TRANSITA | L34: 17 | M34: 14.5 | O34: 17 | Q34: =AVERAGE(L34,MAX(M34:N34),MAX(O34:P34)) -> 16.166667 | R34: =IF(Q34>=10,"TRANSITA","N/TRANSITA") -> TRANSITA | X34: =AVERAGE(S34,MAX(T34:U34),MAX(V34:W34)) -> 0 | Y34: =SUM(J34,Q34,X34)/3 -> 10.944444 | Z34: =IF(Y34>=10,"TRANSITA","N/TRANSITA") -> TRANSITA
B35: 27 | C35: Joana Albertina Mango | E35: 6 | F35: 8.25 | H35: 14.5 | J35: =AVERAGE(E35,MAX(F35:G35),MAX(H35:I35)) -> 9.5833333 | K35: =IF(J35>=10,"TRANSITA","N/TRANSITA") -> N/TRANSITA | L35: 11 | M35: 12 | O35: 11 | Q35: =AVERAGE(L35,MAX(M35:N35),MAX(O35:P35)) -> 11.333333 | R35: =IF(Q35>=10,"TRANSITA","N/TRANSITA") -> TRANSITA | X35: =AVERAGE(S35,MAX(T35:U35),MAX(V35:W35)) -> 0 | Y35: =SUM(J35,Q35,X35)/3 -> 6.9722222 | Z35: =IF(Y35>=10,"TRANSITA","N/TRANSITA") -> N/TRANSITA
B36: 28 | C36: Joana Laura Futi Muana | F36: 14.5 | H36: 15.5 | J36: =AVERAGE(E36,MAX(F36:G36),MAX(H36:I36)) -> 15 | K36: =IF(J36>=10,"TRANSITA","N/TRANSITA") -> TRANSITA | L36: 0 | M36: 9 | O36: 11.5 | Q36: =AVERAGE(L36,MAX(M36:N36),MAX(O36:P36)) -> 6.8333333 | R36: =IF(Q36>=10,"TRANSITA","N/TRANSITA") -> N/TRANSITA | X36: =AVERAGE(S36,MAX(T36:U36),MAX(V36:W36)) -> 0 | Y36: =SUM(J36,Q36,X36)/3 -> 7.2777778 | Z36: =IF(Y36>=10,"TRANSITA","N/TRANSITA") -> N/TRANSITA
B37: 29 | C37: Josefina Massanga Vumbi Goma | E37: 19 | F37: 18.5 | H37: 16 | J37: =AVERAGE(E37,MAX(F37:G37),MAX(H37:I37)) -> 17.833333 | K37: =IF(J37>=10,"TRANSITA","N/TRANSITA") -> TRANSITA | L37: 18 | M37: 13.5 | O37: 15 | Q37: =AVERAGE(L37,MAX(M37:N37),MAX(O37:P37)) -> 15.5 | R37: =IF(Q37>=10,"TRANSITA","N/TRANSITA") -> TRANSITA | X37: =AVERAGE(S37,MAX(T37:U37),MAX(V37:W37)) -> 0 | Y37: =SUM(J37,Q37,X37)/3 -> 11.111111 | Z37: =IF(Y37>=10,"TRANSITA","N/TRANSITA") -> TRANSITA
B38: 30 | C38: Jurema Bernadete Nsunda | E38: 4 | F38: 13.5 | H38: 13.5 | J38: =AVERAGE(E38,MAX(F38:G38),MAX(H38:I38)) -> 10.333333 | K38: =IF(J38>=10,"TRANSITA","N/TRANSITA") -> TRANSITA | L38: 8 | M38: 12 | O38: 10 | Q38: =AVERAGE(L38,MAX(M38:N38),MAX(O38:P38)) -> 10 | R38: =IF(Q38>=10,"TRANSITA","N/TRANSITA") -> TRANSITA | X38: =AVERAGE(S38,MAX(T38:U38),MAX(V38:W38)) -> 0 | Y38: =SUM(J38,Q38,X38)/3 -> 6.7777778 | Z38: =IF(Y38>=10,"TRANSITA","N/TRANSITA") -> N/TRANSITA
B39: 31 | C39: Madalena Lando António | E39: 16 | F39: 13.5 | H39: 17.5 | J39: =AVERAGE(E39,MAX(F39:G39),MAX(H39:I39)) -> 15.666667 | K39: =IF(J39>=10,"TRANSITA","N/TRANSITA") -> TRANSITA | L39: 12 | M39: 9 | O39: 12.5 | Q39: =AVERAGE(L39,MAX(M39:N39),MAX(O39:P39)) -> 11.166667 | R39: =IF(Q39>=10,"TRANSITA","N/TRANSITA") -> TRANSITA | X39: =AVERAGE(S39,MAX(T39:U39),MAX(V39:W39)) -> 0 | Y39: =SUM(J39,Q39,X39)/3 -> 8.9444444 | Z39: =IF(Y39>=10,"TRANSITA","N/TRANSITA") -> N/TRANSITA
B40: 32 | C40: Marcos Nduli Sechie Gouveia | E40: 16 | F40: 17.5 | H40: 19 | J40: =AVERAGE(E40,MAX(F40:G40),MAX(H40:I40)) -> 17.5 | K40: =IF(J40>=10,"TRANSITA","N/TRANSITA") -> TRANSITA | L40: 15 | M40: 14 | O40: 14.5 | Q40: =AVERAGE(L40,MAX(M40:N40),MAX(O40:P40)) -> 14.5 | R40: =IF(Q40>=10,"TRANSITA","N/TRANSITA") -> TRANSITA | X40: =AVERAGE(S40,MAX(T40:U40),MAX(V40:W40)) -> 0 | Y40: =SUM(J40,Q40,X40)/3 -> 10.666667 | Z40: =IF(Y40>=10,"TRANSITA","N/TRANSITA") -> TRANSITA
B41: 33 | C41: Maria Buiti Tuadi Soca | E41: 16 | F41: 14 | H41: 18 | J41: =AVERAGE(E41,MAX(F41:G41),MAX(H41:I41)) -> 16 | K41: =IF(J41>=10,"TRANSITA","N/TRANSITA") -> TRANSITA | L41: 11.5 | M41: 16 | O41: 11.5 | Q41: =AVERAGE(L41,MAX(M41:N41),MAX(O41:P41)) -> 13 | R41: =IF(Q41>=10,"TRANSITA","N/TRANSITA") -> TRANSITA | X41: =AVERAGE(S41,MAX(T41:U41),MAX(V41:W41)) -> 0 | Y41: =SUM(J41,Q41,X41)/3 -> 9.6666667 | Z41: =IF(Y41>=10,"TRANSITA","N/TRANSITA") -> N/TRANSITA
B42: 34 | C42: Maria Catarina Piosso | F42: 10.5 | H42: 11.5 | J42: =AVERAGE(E42,MAX(F42:G42),MAX(H42:I42)) -> 11 | K42: =IF(J42>=10,"TRANSITA","N/TRANSITA") -> TRANSITA | L42: 0 | M42: 7 | O42: 9 | Q42: =AVERAGE(L42,MAX(M42:N42),MAX(O42:P42)) -> 5.3333333 | R42: =IF(Q42>=10,"TRANSITA","N/TRANSITA") -> N/TRANSITA | X42: =AVERAGE(S42,MAX(T42:U42),MAX(V42:W42)) -> 0 | Y42: =SUM(J42,Q42,X42)/3 -> 5.4444444 | Z42: =IF(Y42>=10,"TRANSITA","N/TRANSITA") -> N/TRANSITA
B43: 35 | C43: Maria das Dores da Silva Lemos | E43: 12 | F43: 8.5 | H43: 18.5 | J43: =AVERAGE(E43,MAX(F43:G43),MAX(H43:I43)) -> 13 | K43: =IF(J43>=10,"TRANSITA","N/TRANSITA") -> TRANSITA | L43: 15 | M43: 10 | O43: 14.5 | Q43: =AVERAGE(L43,MAX(M43:N43),MAX(O43:P43)) -> 13.166667 | R43: =IF(Q43>=10,"TRANSITA","N/TRANSITA") -> TRANSITA | X43: =AVERAGE(S43,MAX(T43:U43),MAX(V43:W43)) -> 0 | Y43: =SUM(J43,Q43,X43)/3 -> 8.7222222 | Z43: =IF(Y43>=10,"TRANSITA","N/TRANSITA") -> N/TRANSITA
B44: 36 | C44: Maria De Fátima Builo Luamba | H44: 16.5 | J44: =AVERAGE(E44,MAX(F44:G44),MAX(H44:I44)) -> 8.25 | K44: =IF(J44>=10,"TRANSITA","N/TRANSITA") -> N/TRANSITA | L44: 6 | M44: 13.5 | O44: 11 | Q44: =AVERAGE(L44,MAX(M44:N44),MAX(O44:P44)) -> 10.166667 | R44: =IF(Q44>=10,"TRANSITA","N/TRANSITA") -> TRANSITA | X44: =AVERAGE(S44,MAX(T44:U44),MAX(V44:W44)) -> 0 | Y44: =SUM(J44,Q44,X44)/3 -> 6.1388889 | Z44: =IF(Y44>=10,"TRANSITA","N/TRANSITA") -> N/TRANSITA
B45: 37 | C45: Maria Lando Panzo Quibinda | F45: 14.5 | H45: 15.5 | J45: =AVERAGE(E45,MAX(F45:G45),MAX(H45:I45)) -> 15 | K45: =IF(J45>=10,"TRANSITA","N/TRANSITA") -> TRANSITA | L45: 15 | M45: 10 | O45: 10 | Q45: =AVERAGE(L45,MAX(M45:N45),MAX(O45:P45)) -> 11.666667 | R45: =IF(Q45>=10,"TRANSITA","N/TRANSITA") -> TRANSITA | X45: =AVERAGE(S45,MAX(T45:U45),MAX(V45:W45)) -> 0 | Y45: =SUM(J45,Q45,X45)/3 -> 8.8888889 | Z45: =IF(Y45>=10,"TRANSITA","N/TRANSITA") -> N/TRANSITA
B46: 38 | C46: Maria Télica Conde | E46: 8 | F46: 9 | H46: 14.5 | J46: =AVERAGE(E46,MAX(F46:G46),MAX(H46:I46)) -> 10.5 | K46: =IF(J46>=10,"TRANSITA","N/TRANSITA") -> TRANSITA | L46: 8 | M46: 8.5 | O46: 11 | Q46: =AVERAGE(L46,MAX(M46:N46),MAX(O46:P46)) -> 9.1666667 | R46: =IF(Q46>=10,"TRANSITA","N/TRANSITA") -> N/TRANSITA | X46: =AVERAGE(S46,MAX(T46:U46),MAX(V46:W46)) -> 0 | Y46: =SUM(J46,Q46,X46)/3 -> 6.5555556 | Z46: =IF(Y46>=10,"TRANSITA","N/TRANSITA") -> N/TRANSITA
B47: 39 | C47: Natália Casimiro Muanda | E47: 7 | F47: 6 | H47: 8 | J47: =AVERAGE(E47,MAX(F47:G47),MAX(H47:I47)) -> 7 | K47: =IF(J47>=10,"TRANSITA","N/TRANSITA") -> N/TRANSITA | L47: 13 | M47: 7.5 | O47: 10.5 | Q47: =AVERAGE(L47,MAX(M47:N47),MAX(O47:P47)) -> 10.333333 | R47: =IF(Q47>=10,"TRANSITA","N/TRANSITA") -> TRANSITA | X47: =AVERAGE(S47,MAX(T47:U47),MAX(V47:W47)) -> 0 | Y47: =SUM(J47,Q47,X47)/3 -> 5.7777778 | Z47: =IF(Y47>=10,"TRANSITA","N/TRANSITA") -> N/TRANSITA
B48: 40 | C48: Natália Divina Luemba Chincócolo | E48: 13 | F48: 10.5 | H48: 12.5 | J48: =AVERAGE(E48,MAX(F48:G48),MAX(H48:I48)) -> 12 | K48: =IF(J48>=10,"TRANSITA","N/TRANSITA") -> TRANSITA | L48: 12 | M48: 7 | O48: 11.5 | Q48: =AVERAGE(L48,MAX(M48:N48),MAX(O48:P48)) -> 10.166667 | R48: =IF(Q48>=10,"TRANSITA","N/TRANSITA") -> TRANSITA | X48: =AVERAGE(S48,MAX(T48:U48),MAX(V48:W48)) -> 0 | Y48: =SUM(J48,Q48,X48)/3 -> 7.3888889 | Z48: =IF(Y48>=10,"TRANSITA","N/TRANSITA") -> N/TRANSITA
B49: 41 | C49: Pascoalina Betchi Tati | F49: 12.5 | H49: 17 | J49: =AVERAGE(E49,MAX(F49:G49),MAX(H49:I49)) -> 14.75 | K49: =IF(J49>=10,"TRANSITA","N/TRANSITA") -> TRANSITA | L49: 10 | M49: 10.5 | O49: 14.5 | Q49: =AVERAGE(L49,MAX(M49:N49),MAX(O49:P49)) -> 11.666667 | R49: =IF(Q49>=10,"TRANSITA","N/TRANSITA") -> TRANSITA | X49: =AVERAGE(S49,MAX(T49:U49),MAX(V49:W49)) -> 0 | Y49: =SUM(J49,Q49,X49)/3 -> 8.8055556 | Z49: =IF(Y49>=10,"TRANSITA","N/TRANSITA") -> N/TRANSITA
B50: 42 | C50: Pelágia Nsunda Poba Sassa | E50: 14 | F50: 13.5 | H50: 19 | J50: =AVERAGE(E50,MAX(F50:G50),MAX(H50:I50)) -> 15.5 | K50: =IF(J50>=10,"TRANSITA","N/TRANSITA") -> TRANSITA | L50: 19 | M50: 13.5 | O50: 14.5 | Q50: =AVERAGE(L50,MAX(M50:N50),MAX(O50:P50)) -> 15.666667 | R50: =IF(Q50>=10,"TRANSITA","N/TRANSITA") -> TRANSITA | X50: =AVERAGE(S50,MAX(T50:U50),MAX(V50:W50)) -> 0 | Y50: =SUM(J50,Q50,X50)/3 -> 10.388889 | Z50: =IF(Y50>=10,"TRANSITA","N/TRANSITA") -> TRANSITA
B51: 43 | C51: Rachel Celina André Mingas | E51: 4 | F51: 8.5 | H51: 13 | J51: =AVERAGE(E51,MAX(F51:G51),MAX(H51:I51)) -> 8.5 | K51: =IF(J51>=10,"TRANSITA","N/TRANSITA") -> N/TRANSITA | L51: 3.5 | M51: 8 | O51: 13 | Q51: =AVERAGE(L51,MAX(M51:N51),MAX(O51:P51)) -> 8.1666667 | R51: =IF(Q51>=10,"TRANSITA","N/TRANSITA") -> N/TRANSITA | X51: =AVERAGE(S51,MAX(T51:U51),MAX(V51:W51)) -> 0 | Y51: =SUM(J51,Q51,X51)/3 -> 5.5555556 | Z51: =IF(Y51>=10,"TRANSITA","N/TRANSITA") -> N/TRANSITA
B52: 44 | C52: Teresa Gertrudes Luzia Tati | E52: 12 | F52: 9 | H52: 10 | J52: =AVERAGE(E52,MAX(F52:G52),MAX(H52:I52)) -> 10.333333 | K52: =IF(J52>=10,"TRANSITA","N/TRANSITA") -> TRANSITA | L52: 17 | M52: 12 | O52: 14.5 | Q52: =AVERAGE(L52,MAX(M52:N52),MAX(O52:P52)) -> 14.5 | R52: =IF(Q52>=10,"TRANSITA","N/TRANSITA") -> TRANSITA | X52: =AVERAGE(S52,MAX(T52:U52),MAX(V52:W52)) -> 0 | Y52: =SUM(J52,Q52,X52)/3 -> 8.2777778 | Z52: =IF(Y52>=10,"TRANSITA","N/TRANSITA") -> N/TRANSITA
A55: O (A) Professor (a) | S55: O Subdirector Pedagógico
A56: _______________________________ | S56: ___________________________
S57: ALBERTO SASSA TATI

Sheet 11CL-AC-A-PRASITOL.
A1: INSTITUTO TÉCNICO PRIVADO DE SAÚDE JOMORAIS
I3: DATA: 12/12/2025
B4: Classe: 11ª | I4: Disciplina: Parasitologia | V4: Ano Lectivo:2025/2026
B5: Período: Vespertino | E5: Turma: A | V5: Curso: ANÁLISES CLÍNICAS
B6: MINI-PAUTA - TÉCNICO DE SAÚDE
B7: Nº | C7: Nome do (a) Aluno (a) | D7: FALTAS | E7: Avaliações/I Trimestre | K7: OBS | L7: Avaliações/II Trimestre | R7: OBS | S7: Avaliações/IIITrimestre | Y7: MFD | Z7: OBS | AA7: M | AB7: F | AC7: TRANSITA | AD7: N/TRANSITA | AE7: E.E.F
D8: J/I | E8: MAC | F8: NPP | G8: NPR1 | H8: NPT | I8: NPR2 | J8: MT1 | L8: MAC | M8: NPP | N8: NPR1 | O8: NPT | P8: NPR2 | Q8: MT2 | S8: MAC | T8: NPP | U8: NPR1 | V8: NPT | W8: NPR2 | X8: MT3 | AA8: =COUNTIF(Z9:Z58,"M") -> 0 | AB8: =COUNTIF(Z9:Z58,"F") -> 0 | AC8: =COUNTIF(Z9:Z58,"TRANSITA") -> 8 | AD8: =COUNTIF(Z9:Z58,"N/TRANSITA") -> 36 | AE8: =COUNTIF(Z9:Z58,"E.E.F") -> 0
B9: 1 | C9: Abrão Gomes | E9: 17 | F9: 6 | H9: 9 | J9: =AVERAGE(E9,MAX(F9:G9),MAX(H9:I9)) -> 10.666667 | K9: =IF(J9>=10,"TRANSITA","N/TRANSITA") -> TRANSITA | L9: 16 | M9: 8 | O9: 16 | Q9: =AVERAGE(L9,MAX(M9:N9),MAX(O9:P9)) -> 13.333333 | R9: =IF(Q9>=10,"TRANSITA","N/TRANSITA") -> TRANSITA | X9: =AVERAGE(S9,MAX(T9:U9),MAX(V9:W9)) -> 0 | Y9: =SUM(J9,Q9,X9)/3 -> 8 | Z9: =IF(Y9>=10,"TRANSITA","N/TRANSITA") -> N/TRANSITA
B10: 2 | C10: Agostinho Mbaki Baza | E10: 20 | F10: 16 | H10: 16 | J10: =AVERAGE(E10,MAX(F10:G10),MAX(H10:I10)) -> 17.333333 | K10: =IF(J10>=10,"TRANSITA","N/TRANSITA") -> TRANSITA | L10: 16 | M10: 20 | O10: 19 | Q10: =AVERAGE(L10,MAX(M10:N10),MAX(O10:P10)) -> 18.333333 | R10: =IF(Q10>=10,"TRANSITA","N/TRANSITA") -> TRANSITA | X10: =AVERAGE(S10,MAX(T10:U10),MAX(V10:W10)) -> 0 | Y10: =SUM(J10,Q10,X10)/3 -> 11.888889 | Z10: =IF(Y10>=10,"TRANSITA","N/TRANSITA") -> TRANSITA | AA10: =SUM(AA8:AB9) -> 0
B11: 3 | C11: Albertina Vumbi Bazunga | E11: 17 | F11: 8 | H11: 14 | J11: =AVERAGE(E11,MAX(F11:G11),MAX(H11:I11)) -> 13 | K11: =IF(J11>=10,"TRANSITA","N/TRANSITA") -> TRANSITA | L11: 14 | M11: 20 | O11: 10.5 | Q11: =AVERAGE(L11,MAX(M11:N11),MAX(O11:P11)) -> 14.833333 | R11: =IF(Q11>=10,"TRANSITA","N/TRANSITA") -> TRANSITA | X11: =AVERAGE(S11,MAX(T11:U11),MAX(V11:W11)) -> 0 | Y11: =SUM(J11,Q11,X11)/3 -> 9.2777778 | Z11: =IF(Y11>=10,"TRANSITA","N/TRANSITA") -> N/TRANSITA
B12: 4 | C12: Alberto Mambo Simba | E12: 18 | F12: 10 | H12: 14 | J12: =AVERAGE(E12,MAX(F12:G12),MAX(H12:I12)) -> 14 | K12: =IF(J12>=10,"TRANSITA","N/TRANSITA") -> TRANSITA | L12: 16 | M12: 20 | O12: 15.5 | Q12: =AVERAGE(L12,MAX(M12:N12),MAX(O12:P12)) -> 17.166667 | R12: =IF(Q12>=10,"TRANSITA","N/TRANSITA") -> TRANSITA | X12: =AVERAGE(S12,MAX(T12:U12),MAX(V12:W12)) -> 0 | Y12: =SUM(J12,Q12,X12)/3 -> 10.388889 | Z12: =IF(Y12>=10,"TRANSITA","N/TRANSITA") -> TRANSITA
B13: 5 | C13: Alda Catarina Mamata Balou | E13: 15 | F13: 3 | H13: 15.5 | J13: =AVERAGE(E13,MAX(F13:G13),MAX(H13:I13)) -> 11.166667 | K13: =IF(J13>=10,"TRANSITA","N/TRANSITA") -> TRANSITA | L13: 14 | M13: 20 | O13: 16.5 | Q13: =AVERAGE(L13,MAX(M13:N13),MAX(O13:P13)) -> 16.833333 | R13: =IF(Q13>=10,"TRANSITA","N/TRANSITA") -> TRANSITA | X13: =AVERAGE(S13,MAX(T13:U13),MAX(V13:W13)) -> 0 | Y13: =SUM(J13,Q13,X13)/3 -> 9.3333333 | Z13: =IF(Y13>=10,"TRANSITA","N/TRANSITA") -> N/TRANSITA
B14: 6 | C14: Alice Bitumba Mavungo | E14: 14 | F14: 6 | H14: 12 | J14: =AVERAGE(E14,MAX(F14:G14),MAX(H14:I14)) -> 10.666667 | K14: =IF(J14>=10,"TRANSITA","N/TRANSITA") -> TRANSITA | L14: 13 | M14: 20 | O14: 14.5 | Q14: =AVERAGE(L14,MAX(M14:N14),MAX(O14:P14)) -> 15.833333 | R14: =IF(Q14>=10,"TRANSITA","N/TRANSITA") -> TRANSITA | X14: =AVERAGE(S14,MAX(T14:U14),MAX(V14:W14)) -> 0 | Y14: =SUM(J14,Q14,X14)/3 -> 8.8333333 | Z14: =IF(Y14>=10,"TRANSITA","N/TRANSITA") -> N/TRANSITA
B15: 7 | C15: Amélia Chibamba Chiama | E15: 18 | F15: 7 | H15: 13 | J15: =AVERAGE(E15,MAX(F15:G15),MAX(H15:I15)) -> 12.666667 | K15: =IF(J15>=10,"TRANSITA","N/TRANSITA") -> TRANSITA | L15: 16 | M15: 20 | O15: 15 | Q15: =AVERAGE(L15,MAX(M15:N15),MAX(O15:P15)) -> 17 | R15: =IF(Q15>=10,"TRANSITA","N/TRANSITA") -> TRANSITA | X15: =AVERAGE(S15,MAX(T15:U15),MAX(V15:W15)) -> 0 | Y15: =SUM(J15,Q15,X15)/3 -> 9.8888889 | Z15: =IF(Y15>=10,"TRANSITA","N/TRANSITA") -> N/TRANSITA
B16: 8 | C16: Ana De Jesus Custódio Sambo | E16: 14 | F16: 7 | H16: 8 | J16: =AVERAGE(E16,MAX(F16:G16),MAX(H16:I16)) -> 9.6666667 | K16: =IF(J16>=10,"TRANSITA","N/TRANSITA") -> N/TRANSITA | L16: 15 | M16: 20 | O16: 14 | Q16: =AVERAGE(L16,MAX(M16:N16),MAX(O16:P16)) -> 16.333333 | R16: =IF(Q16>=10,"TRANSITA","N/TRANSITA") -> TRANSITA | X16: =AVERAGE(S16,MAX(T16:U16),MAX(V16:W16)) -> 0 | Y16: =SUM(J16,Q16,X16)/3 -> 8.6666667 | Z16: =IF(Y16>=10,"TRANSITA","N/TRANSITA") -> N/TRANSITA
B17: 9 | C17: Ana Soca Deca Luba | E17: 16 | F17: 4.5 | H17: 14 | J17: =AVERAGE(E17,MAX(F17:G17),MAX(H17:I17)) -> 11.5 | K17: =IF(J17>=10,"TRANSITA","N/TRANSITA") -> TRANSITA | L17: 14 | M17: 20 | O17: 15 | Q17: =AVERAGE(L17,MAX(M17:N17),MAX(O17:P17)) -> 16.333333 | R17: =IF(Q17>=10,"TRANSITA","N/TRANSITA") -> TRANSITA | X17: =AVERAGE(S17,MAX(T17:U17),MAX(V17:W17)) -> 0 | Y17: =SUM(J17,Q17,X17)/3 -> 9.2777778 | Z17: =IF(Y17>=10,"TRANSITA","N/TRANSITA") -> N/TRANSITA
