Workbook

Sheet 1ºT-11ª-FAR-UNICA-PAUTA
A1: INSTITUTO TÉCNICO PRIVADO DE SAÚDE JOMORAIS
B7: PAUTA DE APROVEITAMENTO ESCOLAR
C8: ÁREA DE FORMAÇÃO: SAÚDE
H9: 11ª CLASSE | M9: CURSO: FARMÁCIA | AC9: PERÍODO: VESPERTNO
B10: O Director do Instituto | AD10: 1º TRIMESTRE | AH10: MF: | AI10: =SUM(AI12,AI11) -> 55
B11: ________________________________________ | H11: TURMA: | J11: ÚNICA | AH11: M | AI11: =COUNTIF(AV17:AV71,"M") -> 12 | AR11: 46003
B12: GABRIEL PRÓSPERO MABIALA | Z12: ANO LECTIVO: 2025/2026 | AH12: F | AI12: =COUNTIF(AV17:AV71,"F") -> 43
B13: DATA______/______/2025
B14: Nº | C14: Nº PROC | D14: NOME | E14: DISCIPLINA A REPETIR | F14: L. Port | I14: Mat. | L14: Biologia | O14: Inglês | R14: Patologia | U14: Micoparasit. | X14: Farmacologia | AA14: Farmacog. | AD14: TPM | AG14: Qca Org. | AJ14: Ed. Física | AM14: Botânica | AP14: A.F.H | AS14: OBS | AT14: MÉDIA | AU14: Idade | AV14: Género | AW14: DADOS ESTATÍSTICOS
F15: FALTAS | H15: MT1º | I15: FALTAS | K15: MT1º | L15: FALTAS | N15: MT1º | O15: FALTAS | Q15: MT1º | R15: FALTAS | T15: MT1º | U15: FALTAS | W15: MT1º | X15: FALTAS | Z15: MT1º | AA15: FALTAS | AC15: MT1º | AD15: FALTAS | AF15: MT1º | AG15: FALTAS | AI15: MT1º | AJ15: FALTAS | AL15: MT1º | AM15: FALTAS | AO15: MT1º | AP15: FALTAS | AR15: MT1º | AW15: MATRICULADOS | AY15: TRANSITA | BA15: N/TRANSITA | BC15: Desistido/a
F16: J | G16: I | I16: J | J16: I | L16: J | M16: I | O16: J | P16: I | R16: J | S16: I | U16: J | V16: I | X16: J | Y16: I | AA16: J | AB16: I | AD16: J | AE16: I | AG16: J | AH16: I | AJ16: J | AK16: I | AM16: J | AN16: I | AP16: J | AQ16: I | AW16: M | AX16: F | AY16: M | AZ16: F | BA16: M | BB16: F | BC16: M | BD16: F
B17: 1 | C17: 4068 | D17: Alice Cungi Alfredo | H17: =SUM('11CL-FAR-L PORT'!J9) -> 9.3333333 | K17: =SUM('11CL-FAR-MAT'!J9) -> 6.6666667 | N17: =SUM('11CL-FAR-BIOL'!J9) -> 11.666667 | Q17: =SUM('11CL-FAR-INGLES'!J9) -> 8 | T17: =SUM('11CL-FAR-PATOL'!J9) -> 3 | W17: =SUM('11CL-FAR-MPARASITOL'!J9) -> 1.1666667 | Z17: =SUM('11CL-FAR-FARMACOL'!J9) -> 8.6666667 | AC17: =SUM('11CL-FAR-FARMACOG'!J9) -> 7.8333333 | AF17: =SUM('11CL-FAR-TPM'!J9) -> 10 | AI17: =SUM('11CL-FAR-QCA ORG.'!J9) -> 9.3333333 | AL17: =SUM('11CL-FAR-ED. FIS'!J9) -> 12 | AO17: =SUM('11CL-FAR-BOTANICA'!J9) -> 8 | AR17: =SUM('11CL-FAR-AFH'!J9) -> 8.3333333 | AS17: N/TRANSITA | AT17: =AVERAGE(H17:AR17) -> 8 | AU17: 22 | AV17: F | AW17: =COUNTIF(AV17:AV71,"M") -> 12 | AX17: =COUNTIF(AV17:AV71,"F") -> 43 | AY17: =COUNTIFS(AS17:AS71,"Transita",AV17:AV71,"M") -> 1 | AZ17: =COUNTIFS(AS17:AS71,"Transita",AV17:AV71,"F") -> 2 | BA17: =COUNTIFS(AS17:AS71,"N/Transita",AV17:AV71,"M") -> 11 | BB17: =COUNTIFS(AS17:AS71,"N/Transita",AV17:AV71,"F") -> 37 | BC17: =COUNTIFS(AS17:AS71,"DESISTIDO",AV17:AV71,"M") -> 0 | BD17: =COUNTIFS(AS17:AS71,"DESISTIDA",AV17:AV71,"F") -> 4
B18: 2 | C18: 3983 | D18: Amélia Mauricio Macaia | H18: =SUM('11CL-FAR-L PORT'!J10) -> 9.8333333 | K18: =SUM('11CL-FAR-MAT'!J10) -> 7.8333333 | N18: =SUM('11CL-FAR-BIOL'!J10) -> 11.666667 | Q18: =SUM('11CL-FAR-INGLES'!J10) -> 13.333333 | T18: =SUM('11CL-FAR-PATOL'!J10) -> 11 | W18: =SUM('11CL-FAR-MPARASITOL'!J10) -> 9.6666667 | Z18: =SUM('11CL-FAR-FARMACOL'!J10) -> 10.666667 | AC18: =SUM('11CL-FAR-FARMACOG'!J10) -> 12 | AF18: =SUM('11CL-FAR-TPM'!J10) -> 11.333333 | AI18: =SUM('11CL-FAR-QCA ORG.'!J10) -> 9.8333333 | AL18: =SUM('11CL-FAR-ED. FIS'!J10) -> 15 | AO18: =SUM('11CL-FAR-BOTANICA'!J10) -> 8.8333333 | AR18: =SUM('11CL-FAR-AFH'!J10) -> 16.333333 | AS18: N/TRANSITA | AT18: =AVERAGE(H18:AR18) -> 11.333333 | AU18: 18 | AV18: F | AW18: =SUM(AW17:AX17) -> 55 | AY18: =SUM(AY16:AZ17) -> 3 | BA18: =SUM(BA16:BB17) -> 48 | BC18: =SUM(BC16:BD17) -> 4
B19: 3 | C19: 4163 | D19: Angelina Umba Esperança Luyeye | H19: =SUM('11CL-FAR-L PORT'!J11) -> 11.333333 | K19: =SUM('11CL-FAR-MAT'!J11) -> 12.5 | N19: =SUM('11CL-FAR-BIOL'!J11) -> 10.333333 | Q19: =SUM('11CL-FAR-INGLES'!J11) -> 12.333333 | T19: =SUM('11CL-FAR-PATOL'!J11) -> 12.666667 | W19: =SUM('11CL-FAR-MPARASITOL'!J11) -> 9 | Z19: =SUM('11CL-FAR-FARMACOL'!J11) -> 14 | AC19: =SUM('11CL-FAR-FARMACOG'!J11) -> 9.3333333 | AF19: =SUM('11CL-FAR-TPM'!J11) -> 7 | AI19: =SUM('11CL-FAR-QCA ORG.'!J11) -> 11.333333 | AL19: =SUM('11CL-FAR-ED. FIS'!J11) -> 14 | AO19: =SUM('11CL-FAR-BOTANICA'!J11) -> 9 | AR19: =SUM('11CL-FAR-AFH'!J11) -> 8.1666667 | AS19: N/TRANSITA | AT19: =AVERAGE(H19:AR19) -> 10.846154 | AU19: 20 | AV19: F
B20: 4 | C20: 3939 | D20: Armindo Maciala Mendes | H20: =SUM('11CL-FAR-L PORT'!J12) -> 16.666667 | K20: =SUM('11CL-FAR-MAT'!J12) -> 20 | N20: =SUM('11CL-FAR-BIOL'!J12) -> 17.333333 | Q20: =SUM('11CL-FAR-INGLES'!J12) -> 19 | T20: =SUM('11CL-FAR-PATOL'!J12) -> 14.666667 | W20: =SUM('11CL-FAR-MPARASITOL'!J12) -> 12 | Z20: =SUM('11CL-FAR-FARMACOL'!J12) -> 14 | AC20: =SUM('11CL-FAR-FARMACOG'!J12) -> 10 | AF20: =SUM('11CL-FAR-TPM'!J12) -> 15 | AI20: =SUM('11CL-FAR-QCA ORG.'!J12) -> 16.666667 | AL20: =SUM('11CL-FAR-ED. FIS'!J12) -> 17 | AO20: =SUM('11CL-FAR-BOTANICA'!J12) -> 16.5 | AR20: =SUM('11CL-FAR-AFH'!J12) -> 17.666667 | AS20: TRANSITA | AT20: =AVERAGE(H20:AR20) -> 15.884615 | AU20: 20 | AV20: M
B21: 5 | C21: 3461 | D21: Beatriz Lelo Nombo | H21: =SUM('11CL-FAR-L PORT'!J13) -> 15.666667 | K21: =SUM('11CL-FAR-MAT'!J13) -> 6 | N21: =SUM('11CL-FAR-BIOL'!J13) -> 15.333333 | Q21: =SUM('11CL-FAR-INGLES'!J13) -> 16.666667 | T21: =SUM('11CL-FAR-PATOL'!J13) -> 16.666667 | W21: =SUM('11CL-FAR-MPARASITOL'!J13) -> 10 | Z21: =SUM('11CL-FAR-FARMACOL'!J13) -> 15.333333 | AC21: =SUM('11CL-FAR-FARMACOG'!J13) -> 15.333333 | AF21: =SUM('11CL-FAR-TPM'!J13) -> 16 | AI21: =SUM('11CL-FAR-QCA ORG.'!J13) -> 15.666667 | AL21: =SUM('11CL-FAR-ED. FIS'!J13) -> 15 | AO21: =SUM('11CL-FAR-BOTANICA'!J13) -> 14.5 | AR21: =SUM('11CL-FAR-AFH'!J13) -> 14.833333 | AS21: N/TRANSITA | AT21: =AVERAGE(H21:AR21) -> 14.384615 | AU21: 17 | AV21: F
B22: 6 | C22: 4030 | D22: Carolina Zuzi Nhimi | H22: =SUM('11CL-FAR-L PORT'!J14) -> 13.333333 | K22: =SUM('11CL-FAR-MAT'!J14) -> 13.333333 | N22: =SUM('11CL-FAR-BIOL'!J14) -> 8.3333333 | Q22: =SUM('11CL-FAR-INGLES'!J14) -> 12 | T22: =SUM('11CL-FAR-PATOL'!J14) -> 9.8333333 | W22: =SUM('11CL-FAR-MPARASITOL'!J14) -> 3.6666667 | Z22: =SUM('11CL-FAR-FARMACOL'!J14) -> 12.666667 | AC22: =SUM('11CL-FAR-FARMACOG'!J14) -> 10 | AF22: =SUM('11CL-FAR-TPM'!J14) -> 13.666667 | AI22: =SUM('11CL-FAR-QCA ORG.'!J14) -> 13.333333 | AL22: =SUM('11CL-FAR-ED. FIS'!J14) -> 13 | AO22: =SUM('11CL-FAR-BOTANICA'!J14) -> 11.666667 | AR22: =SUM('11CL-FAR-AFH'!J14) -> 16.5 | AS22: N/TRANSITA | AT22: =AVERAGE(H22:AR22) -> 11.641026 | AU22: 20 | AV22: F
B23: 7 | C23: 3086 | D23: Catarina Simba Buela | H23: =SUM('11CL-FAR-L PORT'!J15) -> 9 | K23: =SUM('11CL-FAR-MAT'!J15) -> 17.666667 | N23: =SUM('11CL-FAR-BIOL'!J15) -> 12.666667 | Q23: =SUM('11CL-FAR-INGLES'!J15) -> 12 | T23: =SUM('11CL-FAR-PATOL'!J15) -> 11.666667 | W23: =SUM('11CL-FAR-MPARASITOL'!J15) -> 9.3333333 | Z23: =SUM('11CL-FAR-FARMACOL'!J15) -> 11 | AC23: =SUM('11CL-FAR-FARMACOG'!J15) -> 9 | AF23: =SUM('11CL-FAR-TPM'!J15) -> 9.6666667 | AI23: =SUM('11CL-FAR-QCA ORG.'!J15) -> 9 | AL23: =SUM('11CL-FAR-ED. FIS'!J15) -> 13 | AO23: =SUM('11CL-FAR-BOTANICA'!J15) -> 12 | AR23: =SUM('11CL-FAR-AFH'!J15) -> 11.166667 | AS23: N/TRANSITA | AT23: =AVERAGE(H23:AR23) -> 11.320513 | AU23: 29 | AV23: F
B24: 8 | C24: 4117 | D24: Cecília Suami Lando Massiala | H24: =SUM('11CL-FAR-L PORT'!J16) -> 5.8333333 | K24: =SUM('11CL-FAR-MAT'!J16) -> 8 | N24: =SUM('11CL-FAR-BIOL'!J16) -> 9 | Q24: =SUM('11CL-FAR-INGLES'!J16) -> 11.666667 | T24: =SUM('11CL-FAR-PATOL'!J16) -> 1.6666667 | W24: =SUM('11CL-FAR-MPARASITOL'!J16) -> 2.1666667 | Z24: =SUM('11CL-FAR-FARMACOL'!J16) -> 9.6666667 | AC24: =SUM('11CL-FAR-FARMACOG'!J16) -> 10 | AF24: =SUM('11CL-FAR-TPM'!J16) -> 9.3333333 | AI24: =SUM('11CL-FAR-QCA ORG.'!J16) -> 5.8333333 | AL24: =SUM('11CL-FAR-ED. FIS'!J16) -> 15 | AO24: =SUM('11CL-FAR-BOTANICA'!J16) -> 7.5 | AR24: =SUM('11CL-FAR-AFH'!J16) -> 9 | AS24: N/TRANSITA | AT24: =AVERAGE(H24:AR24) -> 8.0512821 | AU24: 21 | AV24: M
B25: 9 | C25: 4080 | D25: Clara Sungo Buati Chiânica | H25: =SUM('11CL-FAR-L PORT'!J17) -> 13.666667 | K25: =SUM('11CL-FAR-MAT'!J17) -> 17 | N25: =SUM('11CL-FAR-BIOL'!J17) -> 12.333333 | Q25: =SUM('11CL-FAR-INGLES'!J17) -> 15.333333 | T25: =SUM('11CL-FAR-PATOL'!J17) -> 11.666667 | W25: =SUM('11CL-FAR-MPARASITOL'!J17) -> 10.666667 | Z25: =SUM('11CL-FAR-FARMACOL'!J17) -> 11.5 | AC25: =SUM('11CL-FAR-FARMACOG'!J17) -> 10.333333 | AF25: =SUM('11CL-FAR-TPM'!J17) -> 9 | AI25: =SUM('11CL-FAR-QCA ORG.'!J17) -> 13.666667 | AL25: =SUM('11CL-FAR-ED. FIS'!J17) -> 14 | AO25: =SUM('11CL-FAR-BOTANICA'!J17) -> 13.833333 | AR25: =SUM('11CL-FAR-AFH'!J17) -> 10.166667 | AS25: N/TRANSITA | AT25: =AVERAGE(H25:AR25) -> 12.551282 | AU25: 19 | AV25: F
B26: 10 | C26: 3986 | D26: Clementina Paca V. Guimbi | H26: =SUM('11CL-FAR-L PORT'!J18) -> 10.5 | K26: =SUM('11CL-FAR-MAT'!J18) -> 8.6666667 | N26: =SUM('11CL-FAR-BIOL'!J18) -> 10.333333 | Q26: =SUM('11CL-FAR-INGLES'!J18) -> 4.6666667 | T26: =SUM('11CL-FAR-PATOL'!J18) -> 4.6666667 | W26: =SUM('11CL-FAR-MPARASITOL'!J18) -> 2.5 | Z26: =SUM('11CL-FAR-FARMACOL'!J18) -> 9.6666667 | AC26: =SUM('11CL-FAR-FARMACOG'!J18) -> 9.3333333 | AF26: =SUM('11CL-FAR-TPM'!J18) -> 8 | AI26: =SUM('11CL-FAR-QCA ORG.'!J18) -> 10.5 | AL26: =SUM('11CL-FAR-ED. FIS'!J18) -> 10 | AO26: =SUM('11CL-FAR-BOTANICA'!J18) -> 2 | AR26: =SUM('11CL-FAR-AFH'!J18) -> 7.5 | AS26: N/TRANSITA | AT26: =AVERAGE(H26:AR26) -> 7.5641026 | AU26: 19 | AV26: F
B27: 11 | C27: 4094 | D27: Cleúsia Da Conceição Mboco Kilombo | H27: =SUM('11CL-FAR-L PORT'!J19) -> 6.6666667 | K27: =SUM('11CL-FAR-MAT'!J19) -> 7.6666667 | N27: =SUM('11CL-FAR-BIOL'!J19) -> 11 | Q27: =SUM('11CL-FAR-INGLES'!J19) -> 10.333333 | T27: =SUM('11CL-FAR-PATOL'!J19) -> 3.8333333 | W27: =SUM('11CL-FAR-MPARASITOL'!J19) -> 4.5 | Z27: =SUM('11CL-FAR-FARMACOL'!J19) -> 11.166667 | AC27: =SUM('11CL-FAR-FARMACOG'!J19) -> 10 | AF27: =SUM('11CL-FAR-TPM'!J19) -> 0 | AI27: =SUM('11CL-FAR-QCA ORG.'!J19) -> 6.6666667 | AL27: =SUM('11CL-FAR-ED. FIS'!J19) -> 10 | AO27: =SUM('11CL-FAR-BOTANICA'!J19) -> 4.6666667 | AR27: =SUM('11CL-FAR-AFH'!J19) -> 11.5 | AS27: N/TRANSITA | AT27: =AVERAGE(H27:AR27) -> 7.5384615 | AU27: 19 | AV27: F
B28: 12 | C28: 4175 | D28: Damália Isaias Bumba | H28: =SUM('11CL-FAR-L PORT'!J20) -> 13 | K28: =SUM('11CL-FAR-MAT'!J20) -> 14.833333 | N28: =SUM('11CL-FAR-BIOL'!J20) -> 9.6666667 | Q28: =SUM('11CL-FAR-INGLES'!J20) -> 13 | T28: =SUM('11CL-FAR-PATOL'!J20) -> 14.5 | W28: =SUM('11CL-FAR-MPARASITOL'!J20) -> 10.333333 | Z28: =SUM('11CL-FAR-FARMACOL'!J20) -> 13 | AC28: =SUM('11CL-FAR-FARMACOG'!J20) -> 12.5 | AF28: =SUM('11CL-FAR-TPM'!J20) -> 8.6666667 | AI28: =SUM('11CL-FAR-QCA ORG.'!J20) -> 13 | AL28: =SUM('11CL-FAR-ED. FIS'!J20) -> 11 | AO28: =SUM('11CL-FAR-BOTANICA'!J20) -> 10.666667 | AR28: =SUM('11CL-FAR-AFH'!J20) -> 10.833333 | AS28: N/TRANSITA | AT28: =AVERAGE(H28:AR28) -> 11.923077 | AU28: 22 | AV28: F
B29: 13 | C29: 2532 | D29: Divina Pemba Dembe | H29: =SUM('11CL-FAR-L PORT'!J21) -> 11.5 | K29: =SUM('11CL-FAR-MAT'!J21) -> 14.666667 | N29: =SUM('11CL-FAR-BIOL'!J21) -> 10.333333 | Q29: =SUM('11CL-FAR-INGLES'!J21) -> 15.333333 | T29: =SUM('11CL-FAR-PATOL'!J21) -> 14.166667 | W29: =SUM('11CL-FAR-MPARASITOL'!J21) -> 12.333333 | Z29: =SUM('11CL-FAR-FARMACOL'!J21) -> 13.666667 | AC29: =SUM('11CL-FAR-FARMACOG'!J21) -> 11 | AF29: =SUM('11CL-FAR-TPM'!J21) -> 10 | AI29: =SUM('11CL-FAR-QCA ORG.'!J21) -> 11.5 | AL29: =SUM('11CL-FAR-ED. FIS'!J21) -> 14 | AO29: =SUM('11CL-FAR-BOTANICA'!J21) -> 13.833333 | AR29: =SUM('11CL-FAR-AFH'!J21) -> 12 | AS29: N/TRANSITA | AT29: =AVERAGE(H29:AR29) -> 12.641026 | AU29: 19 | AV29: F
B30: 14 | C30: 3737 | D30: Emíliana Pemba Baza Jonace | H30: =SUM('11CL-FAR-L PORT'!J22) -> 12.333333 | K30: =SUM('11CL-FAR-MAT'!J22) -> 8 | N30: =SUM('11CL-FAR-BIOL'!J22) -> 13.666667 | Q30: =SUM('11CL-FAR-INGLES'!J22) -> 18.666667 | T30: =SUM('11CL-FAR-PATOL'!J22) -> 16.333333 | W30: =SUM('11CL-FAR-MPARASITOL'!J22) -> 8.6666667 | Z30: =SUM('11CL-FAR-FARMACOL'!J22) -> 0 | AC30: =SUM('11CL-FAR-FARMACOG'!J22) -> 12 | AF30: =SUM('11CL-FAR-TPM'!J22) -> 14.333333 | AI30: =SUM('11CL-FAR-QCA ORG.'!J22) -> 12.333333 | AL30: =SUM('11CL-FAR-ED. FIS'!J22) -> 16 | AO30: =SUM('11CL-FAR-BOTANICA'!J22) -> 11.666667 | AR30: =SUM('11CL-FAR-AFH'!J22) -> 14.333333 | AS30: N/TRANSITA | AT30: =AVERAGE(H30:AR30) -> 12.179487 | AU30: 17 | AV30: F
... B65: 49 | C65: 4044 | D65: Rosangela Andreia Pedro Brás Tati | H65: =SUM('11CL-FAR-L PORT'!J57) -> 15.166667 | K65: =SUM('11CL-FAR-MAT'!J57) -> 11.666667 | N65: =SUM('11CL-FAR-BIOL'!J57) -> 14.666667 | Q65: =SUM('11CL-FAR-INGLES'!J57) -> 20 | T65: =SUM('11CL-FAR-PATOL'!J57) -> 16.833333 | W65: =SUM('11CL-FAR-MPARASITOL'!J57) -> 10.833333 | Z65: =SUM('11CL-FAR-FARMACOL'!J57) -> 13.333333 | AC65: =SUM('11CL-FAR-FARMACOG'!J57) -> 13.5 | AF65: =SUM('11CL-FAR-TPM'!J57) -> 15 | AI65: =SUM('11CL-FAR-QCA ORG.'!J57) -> 15.166667 | AL65: =SUM('11CL-FAR-ED. FIS'!J57) -> 15 | AO65: =SUM('11CL-FAR-BOTANICA'!J57) -> 15.666667 | AR65: =SUM('11CL-FAR-AFH'!J57) -> 15.166667 | AS65: TRANSITA | AT65: =AVERAGE(H65:AR65) -> 14.769231 | AU65: 17 | AV65: F
B66: 50 | C66: 3263 | D66: Simélia Milando Pungui | H66: =SUM('11CL-FAR-L PORT'!J58) -> 0 | K66: =SUM('11CL-FAR-MAT'!J58) -> 0 | N66: =SUM('11CL-FAR-BIOL'!J58) -> 0 | Q66: =SUM('11CL-FAR-INGLES'!J58) -> 0 | T66: =SUM('11CL-FAR-PATOL'!J58) -> 0 | W66: =SUM('11CL-FAR-MPARASITOL'!J58) -> 0 | Z66: =SUM('11CL-FAR-FARMACOL'!J58) -> 0 | AC66: =SUM('11CL-FAR-FARMACOG'!J58) -> 0 | AF66: =SUM('11CL-FAR-TPM'!J58) -> 0 | AI66: =SUM('11CL-FAR-QCA ORG.'!J58) -> 0 | AL66: =SUM('11CL-FAR-ED. FIS'!J58) -> 10 | AO66: =SUM('11CL-FAR-BOTANICA'!J58) -> 0 | AR66: =SUM('11CL-FAR-AFH'!J58) -> 10 | AS66: DESISTIDA | AT66: =AVERAGE(H66:AR66) -> 1.5384615 | AU66: 27 | AV66: F | AX66: MÁXIMA | AY66: =MAX(AT17:AT71) -> 15.884615
B67: 51 | C67: 3610 | D67: Teresa Ndonda Costa | H67: =SUM('11CL-FAR-L PORT'!J59) -> 10.333333 | K67: =SUM('11CL-FAR-MAT'!J59) -> 10.666667 | N67: =SUM('11CL-FAR-BIOL'!J59) -> 8.6666667 | Q67: =SUM('11CL-FAR-INGLES'!J59) -> 13 | T67: =SUM('11CL-FAR-PATOL'!J59) -> 5.8333333 | W67: =SUM('11CL-FAR-MPARASITOL'!J59) -> 4 | Z67: =SUM('11CL-FAR-FARMACOL'!J59) -> 10 | AC67: =SUM('11CL-FAR-FARMACOG'!J59) -> 9.3333333 | AF67: =SUM('11CL-FAR-TPM'!J59) -> 9.3333333 | AI67: =SUM('11CL-FAR-QCA ORG.'!J59) -> 10.333333 | AL67: =SUM('11CL-FAR-ED. FIS'!J59) -> 14 | AO67: =SUM('11CL-FAR-BOTANICA'!J59) -> 2 | AR67: =SUM('11CL-FAR-AFH'!J59) -> 10 | AS67: N/TRANSITA | AT67: =AVERAGE(H67:AR67) -> 9.0384615 | AU67: 17 | AV67: F
B68: 52 | C68: 3451 | D68: Teresa Tchiânica Londa Futi | H68: =SUM('11CL-FAR-L PORT'!J60) -> 12.5 | K68: =SUM('11CL-FAR-MAT'!J60) -> 12.333333 | N68: =SUM('11CL-FAR-BIOL'!J60) -> 10.666667 | Q68: =SUM('11CL-FAR-INGLES'!J60) -> 15 | T68: =SUM('11CL-FAR-PATOL'!J60) -> 12 | W68: =SUM('11CL-FAR-MPARASITOL'!J60) -> 11.333333 | Z68: =SUM('11CL-FAR-FARMACOL'!J60) -> 12 | AC68: =SUM('11CL-FAR-FARMACOG'!J60) -> 12.333333 | AF68: =SUM('11CL-FAR-TPM'!J60) -> 8.3333333 | AI68: =SUM('11CL-FAR-QCA ORG.'!J60) -> 12.5 | AL68: =SUM('11CL-FAR-ED. FIS'!J60) -> 15 | AO68: =SUM('11CL-FAR-BOTANICA'!J60) -> 9.3333333 | AR68: =SUM('11CL-FAR-AFH'!J60) -> 11.5 | AS68: N/TRANSITA | AT68: =AVERAGE(H68:AR68) -> 11.910256 | AU68: 21 | AV68: F | AX68: NOME DO/A ALUNO/A
B69: 53 | C69: 3185 | D69: Tiago Nguala Puna Vela | H69: =SUM('11CL-FAR-L PORT'!J61) -> 12 | K69: =SUM('11CL-FAR-MAT'!J61) -> 18.5 | N69: =SUM('11CL-FAR-BIOL'!J61) -> 10.666667 | Q69: =SUM('11CL-FAR-INGLES'!J61) -> 17.666667 | T69: =SUM('11CL-FAR-PATOL'!J61) -> 17 | W69: =SUM('11CL-FAR-MPARASITOL'!J61) -> 8.6666667 | Z69: =SUM('11CL-FAR-FARMACOL'!J61) -> 13.666667 | AC69: =SUM('11CL-FAR-FARMACOG'!J61) -> 13 | AF69: =SUM('11CL-FAR-TPM'!J61) -> 16.666667 | AI69: =SUM('11CL-FAR-QCA ORG.'!J61) -> 12 | AL69: =SUM('11CL-FAR-ED. FIS'!J61) -> 16.333333 | AO69: =SUM('11CL-FAR-BOTANICA'!J61) -> 16.833333 | AR69: =SUM('11CL-FAR-AFH'!J61) -> 17.666667 | AS69: N/TRANSITA | AT69: =AVERAGE(H69:AR69) -> 14.666667 | AU69: 20 | AV69: M | AX69: IDADE:
B70: 54 | C70: 4132 | D70: Virgínia Béua Bachi | H70: =SUM('11CL-FAR-L PORT'!J62) -> 8.6666667 | K70: =SUM('11CL-FAR-MAT'!J62) -> 7.5 | N70: =SUM('11CL-FAR-BIOL'!J62) -> 11 | Q70: =SUM('11CL-FAR-INGLES'!J62) -> 17.333333 | T70: =SUM('11CL-FAR-PATOL'!J62) -> 10.666667 | W70: =SUM('11CL-FAR-MPARASITOL'!J62) -> 9.1666667 | Z70: =SUM('11CL-FAR-FARMACOL'!J62) -> 12 | AC70: =SUM('11CL-FAR-FARMACOG'!J62) -> 12.166667 | AF70: =SUM('11CL-FAR-TPM'!J62) -> 9 | AI70: =SUM('11CL-FAR-QCA ORG.'!J62) -> 8.6666667 | AL70: =SUM('11CL-FAR-ED. FIS'!J62) -> 14 | AO70: =SUM('11CL-FAR-BOTANICA'!J62) -> 11 | AR70: =SUM('11CL-FAR-AFH'!J62) -> 14.833333 | AS70: N/TRANSITA | AT70: =AVERAGE(H70:AR70) -> 11.230769 | AU70: 21 | AV70: F
B71: 55 | C71: 2941 | D71: Zacarias Bungo Nguimbi | H71: =SUM('11CL-FAR-L PORT'!J63) -> 11.5 | K71: =SUM('11CL-FAR-MAT'!J63) -> 11.166667 | N71: =SUM('11CL-FAR-BIOL'!J63) -> 11.333333 | Q71: =SUM('11CL-FAR-INGLES'!J63) -> 12.333333 | T71: =SUM('11CL-FAR-PATOL'!J63) -> 12 | W71: =SUM('11CL-FAR-MPARASITOL'!J63) -> 8.1666667 | Z71: =SUM('11CL-FAR-FARMACOL'!J63) -> 9.6666667 | AC71: =SUM('11CL-FAR-FARMACOG'!J63) -> 9.6666667 | AF71: =SUM('11CL-FAR-TPM'!J63) -> 10 | AI71: =SUM('11CL-FAR-QCA ORG.'!J63) -> 11.5 | AL71: =SUM('11CL-FAR-ED. FIS'!J63) -> 14 | AO71: =SUM('11CL-FAR-BOTANICA'!J63) -> 12.333333 | AR71: =SUM('11CL-FAR-AFH'!J63) -> 11.666667 | AS71: N/TRANSITA | AT71: =AVERAGE(H71:AR71) -> 11.179487 | AU71: 19 | AV71: M
B72: DATA DO CONSELHO DE TURMA______/______/2025
B74: ODirector de Turma | X74: O Subdirector Pedagógico
B75: _____________________________________
B76: SAMUEL BERNUÁRIO CALINHA | X76: ALBERTO SASSA TATI

Sheet 2ºT-11ª-FAR-UNICA-PAUTA
A1: INSTITUTO TÉCNICO PRIVADO DE SAÚDE JOMORAIS
B7: PAUTA DE APROVEITAMENTO ESCOLAR
C8: ÁREA DE FORMAÇÃO: SAÚDE
H9: 11ª CLASSE | M9: CURSO: FARMÁCIA | AC9: PERÍODO: VESPERTNO
B10: O Director do Instituto | AD10: 2º TRIMESTRE | AH10: MF: | AI10: =SUM(AI12,AI11) -> 55
B11: ________________________________________ | H11: TURMA: | J11: ÚNICA | AH11: M | AI11: =COUNTIF(AV17:AV71,"M") -> 12 | AR11: 46118
B12: GABRIEL PRÓSPERO MABIALA | Z12: ANO LECTIVO: 2025/2026 | AH12: F | AI12: =COUNTIF(AV17:AV71,"F") -> 43
B13: DATA______/______/2025
B14: Nº | C14: Nº PROC | D14: NOME | E14: DISCIPLINA A REPETIR | F14: L. Port | I14: Mat. | L14: Biologia | O14: Inglês | R14: Patologia | U14: Micoparasit. | X14: Farmacologia | AA14: Farmacog. | AD14: TPM | AG14: Qca Org. | AJ14: Ed. Física | AM14: Botânica | AP14: A.F.H | AS14: OBS | AT14: MÉDIA | AU14: Idade | AV14: Género | AW14: DADOS ESTATÍSTICOS
F15: FALTAS | H15: MT2º | I15: FALTAS | K15: MT2º | L15: FALTAS | N15: MT2º | O15: FALTAS | Q15: MT2º | R15: FALTAS | T15: MT2º | U15: FALTAS | W15: MT2º | X15: FALTAS | Z15: MT2º | AA15: FALTAS | AC15: MT2º | AD15: FALTAS | AF15: MT2º | AG15: FALTAS | AI15: MT2º | AJ15: FALTAS | AL15: MT2º | AM15: FALTAS | AO15: MT2º | AP15: FALTAS | AR15: MT2º | AW15: MATRICULADOS | AY15: TRANSITA | BA15: N/TRANSITA | BC15: Desistido/a
F16: J | G16: I | I16: J | J16: I | L16: J | M16: I | O16: J | P16: I | R16: J | S16: I | U16: J | V16: I | X16: J | Y16: I | AA16: J | AB16: I | AD16: J | AE16: I | AG16: J | AH16: I | AJ16: J | AK16: I | AM16: J | AN16: I | AP16: J | AQ16: I | AW16: M | AX16: F | AY16: M | AZ16: F | BA16: M | BB16: F | BC16: M | BD16: F
B17: 1 | C17: 4068 | D17: Alice Cungi Alfredo | H17: =SUM('11CL-FAR-L PORT'!Q9) -> 7.1666667 | K17: =SUM('11CL-FAR-MAT'!Q9) -> 6.6666667 | N17: =SUM('11CL-FAR-BIOL'!Q9) -> 7.3333333 | Q17: =SUM('11CL-FAR-INGLES'!Q9) -> 8.6666667 | T17: =SUM('11CL-FAR-PATOL'!Q9) -> 5.5 | W17: =SUM('11CL-FAR-MPARASITOL'!Q9) -> 6.5 | Z17: =SUM('11CL-FAR-FARMACOL'!Q9) -> 8.1666667 | AC17: =SUM('11CL-FAR-FARMACOG'!Q9) -> 6.6666667 | AF17: =SUM('11CL-FAR-TPM'!Q9) -> 5 | AI17: =SUM('11CL-FAR-QCA ORG.'!Q9) -> 7.1666667 | AL17: =SUM('11CL-FAR-ED. FIS'!Q9) -> 13 | AO17: =SUM('11CL-FAR-BOTANICA'!Q9) -> 9.5 | AR17: =SUM('11CL-FAR-AFH'!Q9) -> 10.666667 | AS17: N/TRANSITA | AT17: =AVERAGE(H17:AR17) -> 7.8461538 | AU17: 22 | AV17: F | AW17: =COUNTIF(AV17:AV71,"M") -> 12 | AX17: =COUNTIF(AV17:AV71,"F") -> 43 | AY17: =COUNTIFS(AS17:AS71,"Transita",AV17:AV71,"M") -> 0 | AZ17: =COUNTIFS(AS17:AS71,"Transita",AV17:AV71,"F") -> 2 | BA17: =COUNTIFS(AS17:AS71,"N/Transita",AV17:AV71,"M") -> 12 | BB17: =COUNTIFS(AS17:AS71,"N/Transita",AV17:AV71,"F") -> 35 | BC17: =COUNTIFS(AS17:AS71,"DESISTIDO",AV17:AV71,"M") -> 0 | BD17: =COUNTIFS(AS17:AS71,"DESISTIDA",AV17:AV71,"F") -> 6
B18: 2 | C18: 3983 | D18: Amélia Mauricio Macaia | H18: =SUM('11CL-FAR-L PORT'!Q10) -> 8.3333333 | K18: =SUM('11CL-FAR-MAT'!Q10) -> 8.1666667 | N18: =SUM('11CL-FAR-BIOL'!Q10) -> 13 | Q18: =SUM('11CL-FAR-INGLES'!Q10) -> 12.333333 | T18: =SUM('11CL-FAR-PATOL'!Q10) -> 5.3333333 | W18: =SUM('11CL-FAR-MPARASITOL'!Q10) -> 2.8333333 | Z18: =SUM('11CL-FAR-FARMACOL'!Q10) -> 7.5 | AC18: =SUM('11CL-FAR-FARMACOG'!Q10) -> 10.333333 | AF18: =SUM('11CL-FAR-TPM'!Q10) -> 12.333333 | AI18: =SUM('11CL-FAR-QCA ORG.'!Q10) -> 8.3333333 | AL18: =SUM('11CL-FAR-ED. FIS'!Q10) -> 3.3333333 | AO18: =SUM('11CL-FAR-BOTANICA'!Q10) -> 10.5 | AR18: =SUM('11CL-FAR-AFH'!Q10) -> 13.333333 | AS18: N/TRANSITA | AT18: =AVERAGE(H18:AR18) -> 8.8974359 | AU18: 18 | AV18: F | AW18: =SUM(AW17:AX17) -> 55 | AY18: =SUM(AY16:AZ17) -> 2 | BA18: =SUM(BA16:BB17) -> 47 | BC18: =SUM(BC16:BD17) -> 6
B19: 3 | C19: 4163 | D19: Angelina Umba Esperança Luyeye | H19: =SUM('11CL-FAR-L PORT'!Q11) -> 9.5 | K19: =SUM('11CL-FAR-MAT'!Q11) -> 7.6666667 | N19: =SUM('11CL-FAR-BIOL'!Q11) -> 10.666667 | Q19: =SUM('11CL-FAR-INGLES'!Q11) -> 12.666667 | T19: =SUM('11CL-FAR-PATOL'!Q11) -> 11.333333 | W19: =SUM('11CL-FAR-MPARASITOL'!Q11) -> 11.666667 | Z19: =SUM('11CL-FAR-FARMACOL'!Q11) -> 10 | AC19: =SUM('11CL-FAR-FARMACOG'!Q11) -> 7.8333333 | AF19: =SUM('11CL-FAR-TPM'!Q11) -> 10.666667 | AI19: =SUM('11CL-FAR-QCA ORG.'!Q11) -> 9.5 | AL19: =SUM('11CL-FAR-ED. FIS'!Q11) -> 14 | AO19: =SUM('11CL-FAR-BOTANICA'!Q11) -> 11.5 | AR19: =SUM('11CL-FAR-AFH'!Q11) -> 10.666667 | AS19: N/TRANSITA | AT19: =AVERAGE(H19:AR19) -> 10.589744 | AU19: 20 | AV19: F
B20: 4 | C20: 3939 | D20: Armindo Maciala Mendes | H20: =SUM('11CL-FAR-L PORT'!Q12) -> 12.5 | K20: =SUM('11CL-FAR-MAT'!Q12) -> 15 | N20: =SUM('11CL-FAR-BIOL'!Q12) -> 14.666667 | Q20: =SUM('11CL-FAR-INGLES'!Q12) -> 16 | T20: =SUM('11CL-FAR-PATOL'!Q12) -> 11.666667 | W20: =SUM('11CL-FAR-MPARASITOL'!Q12) -> 10.333333 | Z20: =SUM('11CL-FAR-FARMACOL'!Q12) -> 12.833333 | AC20: =SUM('11CL-FAR-FARMACOG'!Q12) -> 9.3333333 | AF20: =SUM('11CL-FAR-TPM'!Q12) -> 15 | AI20: =SUM('11CL-FAR-QCA ORG.'!Q12) -> 12.5 | AL20: =SUM('11CL-FAR-ED. FIS'!Q12) -> 18 | AO20: =SUM('11CL-FAR-BOTANICA'!Q12) -> 14.5 | AR20: =SUM('11CL-FAR-AFH'!Q12) -> 13.666667 | AS20: N/TRANSITA | AT20: =AVERAGE(H20:AR20) -> 13.538462 | AU20: 20 | AV20: M
B21: 5 | C21: 3461 | D21: Beatriz Lelo Nombo | H21: =SUM('11CL-FAR-L PORT'!Q13) -> 7.3333333 | K21: =SUM('11CL-FAR-MAT'!Q13) -> 13.333333 | N21: =SUM('11CL-FAR-BIOL'!Q13) -> 16 | Q21: =SUM('11CL-FAR-INGLES'!Q13) -> 18 | T21: =SUM('11CL-FAR-PATOL'!Q13) -> 10 | W21: =SUM('11CL-FAR-MPARASITOL'!Q13) -> 10 | Z21: =SUM('11CL-FAR-FARMACOL'!Q13) -> 12.166667 | AC21: =SUM('11CL-FAR-FARMACOG'!Q13) -> 15 | AF21: =SUM('11CL-FAR-TPM'!Q13) -> 16 | AI21: =SUM('11CL-FAR-QCA ORG.'!Q13) -> 7.3333333 | AL21: =SUM('11CL-FAR-ED. FIS'!Q13) -> 10 | AO21: =SUM('11CL-FAR-BOTANICA'!Q13) -> 13.666667 | AR21: =SUM('11CL-FAR-AFH'!Q13) -> 12.666667 | AS21: N/TRANSITA | AT21: =AVERAGE(H21:AR21) -> 12.423077 | AU21: 17 | AV21: F
B22: 6 | C22: 4030 | D22: Carolina Zuzi Nhimi | H22: =SUM('11CL-FAR-L PORT'!Q14) -> 8.8333333 | K22: =SUM('11CL-FAR-MAT'!Q14) -> 10.166667 | N22: =SUM('11CL-FAR-BIOL'!Q14) -> 10.333333 | Q22: =SUM('11CL-FAR-INGLES'!Q14) -> 11.666667 | T22: =SUM('11CL-FAR-PATOL'!Q14) -> 9 | W22: =SUM('11CL-FAR-MPARASITOL'!Q14) -> 5.3333333 | Z22: =SUM('11CL-FAR-FARMACOL'!Q14) -> 10.166667 | AC22: =SUM('11CL-FAR-FARMACOG'!Q14) -> 10.666667 | AF22: =SUM('11CL-FAR-TPM'!Q14) -> 13.333333 | AI22: =SUM('11CL-FAR-QCA ORG.'!Q14) -> 8.8333333 | AL22: =SUM('11CL-FAR-ED. FIS'!Q14) -> 15 | AO22: =SUM('11CL-FAR-BOTANICA'!Q14) -> 12 | AR22: =SUM('11CL-FAR-AFH'!Q14) -> 11.666667 | AS22: N/TRANSITA | AT22: =AVERAGE(H22:AR22) -> 10.538462 | AU22: 20 | AV22: F
B23: 7 | C23: 3086 | D23: Catarina Simba Buela | H23: =SUM('11CL-FAR-L PORT'!Q15) -> 7 | K23: =SUM('11CL-FAR-MAT'!Q15) -> 7.3333333 | N23: =SUM('11CL-FAR-BIOL'!Q15) -> 10.666667 | Q23: =SUM('11CL-FAR-INGLES'!Q15) -> 17 | T23: =SUM('11CL-FAR-PATOL'!Q15) -> 11.333333 | W23: =SUM('11CL-FAR-MPARASITOL'!Q15) -> 11.166667 | Z23: =SUM('11CL-FAR-FARMACOL'!Q15) -> 9.5 | AC23: =SUM('11CL-FAR-FARMACOG'!Q15) -> 11 | AF23: =SUM('11CL-FAR-TPM'!Q15) -> 9 | AI23: =SUM('11CL-FAR-QCA ORG.'!Q15) -> 7 | AL23: =SUM('11CL-FAR-ED. FIS'!Q15) -> 15 | AO23: =SUM('11CL-FAR-BOTANICA'!Q15) -> 10.666667 | AR23: =SUM('11CL-FAR-AFH'!Q15) -> 11.333333 | AS23: N/TRANSITA | AT23: =AVERAGE(H23:AR23) -> 10.615385 | AU23: 29 | AV23: F
B24: 8 | C24: 4117 | D24: Cecília Suami Lando Massiala | H24: =SUM('11CL-FAR-L PORT'!Q16) -> 5.6666667 | K24: =SUM('11CL-FAR-MAT'!Q16) -> 7.3333333 | N24: =SUM('11CL-FAR-BIOL'!Q16) -> 7.6666667 | Q24: =SUM('11CL-FAR-INGLES'!Q16) -> 12.666667 | T24: =SUM('11CL-FAR-PATOL'!Q16) -> 5.6666667 | W24: =SUM('11CL-FAR-MPARASITOL'!Q16) -> 5.8333333 | Z24: =SUM('11CL-FAR-FARMACOL'!Q16) -> 7.6666667 | AC24: =SUM('11CL-FAR-FARMACOG'!Q16) -> 6.6666667 | AF24: =SUM('11CL-FAR-TPM'!Q16) -> 7 | AI24: =SUM('11CL-FAR-QCA ORG.'!Q16) -> 5.6666667 | AL24: =SUM('11CL-FAR-ED. FIS'!Q16) -> 10 | AO24: =SUM('11CL-FAR-BOTANICA'!Q16) -> 7.3333333 | AR24: =SUM('11CL-FAR-AFH'!Q16) -> 11 | AS24: N/TRANSITA | AT24: =AVERAGE(H24:AR24) -> 7.7051282 | AU24: 21 | AV24: M
B25: 9 | C25: 4080 | D25: Clara Sungo Buati Chiânica | H25: =SUM('11CL-FAR-L PORT'!Q17) -> 8.6666667 | K25: =SUM('11CL-FAR-MAT'!Q17) -> 8.3333333 | N25: =SUM('11CL-FAR-BIOL'!Q17) -> 12.666667 | Q25: =SUM('11CL-FAR-INGLES'!Q17) -> 16.666667 | T25: =SUM('11CL-FAR-PATOL'!Q17) -> 11.5 | W25: =SUM('11CL-FAR-MPARASITOL'!Q17) -> 4.3333333 | Z25: =SUM('11CL-FAR-FARMACOL'!Q17) -> 7.5 | AC25: =SUM('11CL-FAR-FARMACOG'!Q17) -> 9.3333333 | AF25: =SUM('11CL-FAR-TPM'!Q17) -> 9.3333333 | AI25: =SUM('11CL-FAR-QCA ORG.'!Q17) -> 8.6666667 | AL25: =SUM('11CL-FAR-ED. FIS'!Q17) -> 7 | AO25: =SUM('11CL-FAR-BOTANICA'!Q17) -> 10 | AR25: =SUM('11CL-FAR-AFH'!Q17) -> 11 | AS25: N/TRANSITA | AT25: =AVERAGE(H25:AR25) -> 9.6153846 | AU25: 19 | AV25: F
B26: 10 | C26: 3986 | D26: Clementina Paca V. Guimbi | H26: =SUM('11CL-FAR-L PORT'!Q18) -> 6 | K26: =SUM('11CL-FAR-MAT'!Q18) -> 6.3333333 | N26: =SUM('11CL-FAR-BIOL'!Q18) -> 9.3333333 | Q26: =SUM('11CL-FAR-INGLES'!Q18) -> 11.666667 | T26: =SUM('11CL-FAR-PATOL'!Q18) -> 6.6666667 | W26: =SUM('11CL-FAR-MPARASITOL'!Q18) -> 10 | Z26: =SUM('11CL-FAR-FARMACOL'!Q18) -> 0 | AC26: =SUM('11CL-FAR-FARMACOG'!Q18) -> 7 | AF26: =SUM('11CL-FAR-TPM'!Q18) -> 5.6666667 | AI26: =SUM('11CL-FAR-QCA ORG.'!Q18) -> 6 | AL26: =SUM('11CL-FAR-ED. FIS'!Q18) -> 15.666667 | AO26: =SUM('11CL-FAR-BOTANICA'!Q18) -> 5.3333333 | AR26: =SUM('11CL-FAR-AFH'!Q18) -> 10 | AS26: N/TRANSITA | AT26: =AVERAGE(H26:AR26) -> 7.6666667 | AU26: 19 | AV26: F
B27: 11 | C27: 4094 | D27: Cleúsia Da Conceição Mboco Kilombo | H27: =SUM('11CL-FAR-L PORT'!Q19) -> 7 | K27: =SUM('11CL-FAR-MAT'!Q19) -> 7.8333333 | N27: =SUM('11CL-FAR-BIOL'!Q19) -> 10.666667 | Q27: =SUM('11CL-FAR-INGLES'!Q19) -> 12.666667 | T27: =SUM('11CL-FAR-PATOL'!Q19) -> 11.333333 | W27: =SUM('11CL-FAR-MPARASITOL'!Q19) -> 9 | Z27: =SUM('11CL-FAR-FARMACOL'!Q19) -> 9.1666667 | AC27: =SUM('11CL-FAR-FARMACOG'!Q19) -> 7.6666667 | AF27: =SUM('11CL-FAR-TPM'!Q19) -> 10.666667 | AI27: =SUM('11CL-FAR-QCA ORG.'!Q19) -> 7 | AL27: =SUM('11CL-FAR-ED. FIS'!Q19) -> 13 | AO27: =SUM('11CL-FAR-BOTANICA'!Q19) -> 4 | AR27: =SUM('11CL-FAR-AFH'!Q19) -> 12.333333 | AS27: N/TRANSITA | AT27: =AVERAGE(H27:AR27) -> 9.4102564 | AU27: 19 | AV27: F
B28: 12 | C28: 4175 | D28: Damália Isaias Bumba | H28: =SUM('11CL-FAR-L PORT'!Q20) -> 9.3333333 | K28: =SUM('11CL-FAR-MAT'!Q20) -> 7.6666667 | N28: =SUM('11CL-FAR-BIOL'!Q20) -> 10.666667 | Q28: =SUM('11CL-FAR-INGLES'!Q20) -> 13.333333 | T28: =SUM('11CL-FAR-PATOL'!Q20) -> 11.333333 | W28: =SUM('11CL-FAR-MPARASITOL'!Q20) -> 11.333333 | Z28: =SUM('11CL-FAR-FARMACOL'!Q20) -> 9.5 | AC28: =SUM('11CL-FAR-FARMACOG'!Q20) -> 10.833333 | AF28: =SUM('11CL-FAR-TPM'!Q20) -> 12 | AI28: =SUM('11CL-FAR-QCA ORG.'!Q20) -> 9.3333333 | AL28: =SUM('11CL-FAR-ED. FIS'!Q20) -> 11 | AO28: =SUM('11CL-FAR-BOTANICA'!Q20) -> 11 | AR28: =SUM('11CL-FAR-AFH'!Q20) -> 12 | AS28: N/TRANSITA | AT28: =AVERAGE(H28:AR28) -> 10.717949 | AU28: 22 | AV28: F
B29: 13 | C29: 2532 | D29: Divina Pemba Dembe | H29: =SUM('11CL-FAR-L PORT'!Q21) -> 8.6666667 | K29: =SUM('11CL-FAR-MAT'!Q21) -> 8.3333333 | N29: =SUM('11CL-FAR-BIOL'!Q21) -> 13.666667 | Q29: =SUM('11CL-FAR-INGLES'!Q21) -> 16.666667 | T29: =SUM('11CL-FAR-PATOL'!Q21) -> 10 | W29: =SUM('11CL-FAR-MPARASITOL'!Q21) -> 10 | Z29: =SUM('11CL-FAR-FARMACOL'!Q21) -> 8.8333333 | AC29: =SUM('11CL-FAR-FARMACOG'!Q21) -> 11.333333 | AF29: =SUM('11CL-FAR-TPM'!Q21) -> 11 | AI29: =SUM('11CL-FAR-QCA ORG.'!Q21) -> 8.6666667 | AL29: =SUM('11CL-FAR-ED. FIS'!Q21) -> 12 | AO29: =SUM('11CL-FAR-BOTANICA'!Q21) -> 7 | AR29: =SUM('11CL-FAR-AFH'!Q21) -> 12 | AS29: N/TRANSITA | AT29: =AVERAGE(H29:AR29) -> 10.628205 | AU29: 19 | AV29: F
B30: 14 | C30: 3737 | D30: Emíliana Pemba Baza Jonace | H30: =SUM('11CL-FAR-L PORT'!Q22) -> 10.5 | K30: =SUM('11CL-FAR-MAT'!Q22) -> 9.1666667 | N30: =SUM('11CL-FAR-BIOL'!Q22) -> 13.333333 | Q30: =SUM('11CL-FAR-INGLES'!Q22) -> 19.333333 | T30: =SUM('11CL-FAR-PATOL'!Q22) -> 8.8333333 | W30: =SUM('11CL-FAR-MPARASITOL'!Q22) -> 5.5 | Z30: =SUM('11CL-FAR-FARMACOL'!Q22) -> 0 | AC30: =SUM('11CL-FAR-FARMACOG'!Q22) -> 11.333333 | AF30: =SUM('11CL-FAR-TPM'!Q22) -> 10 | AI30: =SUM('11CL-FAR-QCA ORG.'!Q22) -> 10.5 | AL30: =SUM('11CL-FAR-ED. FIS'!Q22) -> 16 | AO30: =SUM('11CL-FAR-BOTANICA'!Q22) -> 14 | AR30: =SUM('11CL-FAR-AFH'!Q22) -> 15.666667 | AS30: N/TRANSITA | AT30: =AVERAGE(H30:AR30) -> 11.089744 | AU30: 17 | AV30: F
... B65: 49 | C65: 4044 | D65: Rosangela Andreia Pedro Brás Tati | H65: =SUM('11CL-FAR-L PORT'!Q57) -> 10.166667 | K65: =SUM('11CL-FAR-MAT'!Q57) -> 16.333333 | N65: =SUM('11CL-FAR-BIOL'!Q57) -> 17.666667 | Q65: =SUM('11CL-FAR-INGLES'!Q57) -> 19.666667 | T65: =SUM('11CL-FAR-PATOL'!Q57) -> 11.333333 | W65: =SUM('11CL-FAR-MPARASITOL'!Q57) -> 11.833333 | Z65: =SUM('11CL-FAR-FARMACOL'!Q57) -> 10.333333 | AC65: =SUM('11CL-FAR-FARMACOG'!Q57) -> 14 | AF65: =SUM('11CL-FAR-TPM'!Q57) -> 14 | AI65: =SUM('11CL-FAR-QCA ORG.'!Q57) -> 10.166667 | AL65: =SUM('11CL-FAR-ED. FIS'!Q57) -> 13 | AO65: =SUM('11CL-FAR-BOTANICA'!Q57) -> 14.833333 | AR65: =SUM('11CL-FAR-AFH'!Q57) -> 12.666667 | AS65: TRANSITA | AT65: =AVERAGE(H65:AR65) -> 13.538462 | AU65: 17 | AV65: F
B66: 50 | C66: 3263 | D66: Simélia Milando Pungui | H66: =SUM('11CL-FAR-L PORT'!Q58) -> 0 | K66: =SUM('11CL-FAR-MAT'!Q58) -> 0 | N66: =SUM('11CL-FAR-BIOL'!Q58) -> 0 | Q66: =SUM('11CL-FAR-INGLES'!Q58) -> 0 | T66: =SUM('11CL-FAR-PATOL'!Q58) -> 0 | W66: =SUM('11CL-FAR-MPARASITOL'!Q58) -> 0 | Z66: =SUM('11CL-FAR-FARMACOL'!Q58) -> 0 | AC66: =SUM('11CL-FAR-FARMACOG'!Q58) -> 0 | AF66: =SUM('11CL-FAR-TPM'!Q58) -> 0 | AI66: =SUM('11CL-FAR-QCA ORG.'!Q58) -> 0 | AL66: =SUM('11CL-FAR-ED. FIS'!Q58) -> 0 | AO66: =SUM('11CL-FAR-BOTANICA'!Q58) -> 0 | AR66: =SUM('11CL-FAR-AFH'!Q58) -> 12.666667 | AS66: DESISTIDA | AT66: =AVERAGE(H66:AR66) -> 0.97435897 | AU66: 27 | AV66: F | AX66: MÁXIMA | AY66: =MAX(AT17:AT71) -> 14.782051
B67: 51 | C67: 3610 | D67: Teresa Ndonda Costa | H67: =SUM('11CL-FAR-L PORT'!Q59) -> 6.3333333 | K67: =SUM('11CL-FAR-MAT'!Q59) -> 6 | N67: =SUM('11CL-FAR-BIOL'!Q59) -> 8.6666667 | Q67: =SUM('11CL-FAR-INGLES'!Q59) -> 8.6666667 | T67: =SUM('11CL-FAR-PATOL'!Q59) -> 8.3333333 | W67: =SUM('11CL-FAR-MPARASITOL'!Q59) -> 6.6666667 | Z67: =SUM('11CL-FAR-FARMACOL'!Q59) -> 6.8333333 | AC67: =SUM('11CL-FAR-FARMACOG'!Q59) -> 8 | AF67: =SUM('11CL-FAR-TPM'!Q59) -> 5.3333333 | AI67: =SUM('11CL-FAR-QCA ORG.'!Q59) -> 6.3333333 | AL67: =SUM('11CL-FAR-ED. FIS'!Q59) -> 7 | AO67: =SUM('11CL-FAR-BOTANICA'!Q59) -> 8.1666667 | AR67: =SUM('11CL-FAR-AFH'!Q59) -> 9 | AS67: N/TRANSITA | AT67: =AVERAGE(H67:AR67) -> 7.3333333 | AU67: 17 | AV67: F
B68: 52 | C68: 3451 | D68: Teresa Tchiânica Londa Futi | H68: =SUM('11CL-FAR-L PORT'!Q60) -> 6.1666667 | K68: =SUM('11CL-FAR-MAT'!Q60) -> 8.5 | N68: =SUM('11CL-FAR-BIOL'!Q60) -> 13 | Q68: =SUM('11CL-FAR-INGLES'!Q60) -> 16.666667 | T68: =SUM('11CL-FAR-PATOL'!Q60) -> 5.6666667 | W68: =SUM('11CL-FAR-MPARASITOL'!Q60) -> 5 | Z68: =SUM('11CL-FAR-FARMACOL'!Q60) -> 7.8333333 | AC68: =SUM('11CL-FAR-FARMACOG'!Q60) -> 12 | AF68: =SUM('11CL-FAR-TPM'!Q60) -> 9 | AI68: =SUM('11CL-FAR-QCA ORG.'!Q60) -> 6.1666667 | AL68: =SUM('11CL-FAR-ED. FIS'!Q60) -> 10 | AO68: =SUM('11CL-FAR-BOTANICA'!Q60) -> 10.666667 | AR68: =SUM('11CL-FAR-AFH'!Q60) -> 10.333333 | AS68: N/TRANSITA | AT68: =AVERAGE(H68:AR68) -> 9.3076923 | AU68: 21 | AV68: F | AX68: NOME DO/A ALUNO/A
B69: 53 | C69: 3185 | D69: Tiago Nguala Puna Vela | H69: =SUM('11CL-FAR-L PORT'!Q61) -> 9.3333333 | K69: =SUM('11CL-FAR-MAT'!Q61) -> 15.666667 | N69: =SUM('11CL-FAR-BIOL'!Q61) -> 11.666667 | Q69: =SUM('11CL-FAR-INGLES'!Q61) -> 18.666667 | T69: =SUM('11CL-FAR-PATOL'!Q61) -> 10.333333 | W69: =SUM('11CL-FAR-MPARASITOL'!Q61) -> 8.6666667 | Z69: =SUM('11CL-FAR-FARMACOL'!Q61) -> 12 | AC69: =SUM('11CL-FAR-FARMACOG'!Q61) -> 10.333333 | AF69: =SUM('11CL-FAR-TPM'!Q61) -> 13 | AI69: =SUM('11CL-FAR-QCA ORG.'!Q61) -> 9.3333333 | AL69: =SUM('11CL-FAR-ED. FIS'!Q61) -> 14 | AO69: =SUM('11CL-FAR-BOTANICA'!Q61) -> 10.5 | AR69: =SUM('11CL-FAR-AFH'!Q61) -> 18 | AS69: N/TRANSITA | AT69: =AVERAGE(H69:AR69) -> 12.423077 | AU69: 20 | AV69: M | AX69: IDADE:
B70: 54 | C70: 4132 | D70: Virgínia Béua Bachi | H70: =SUM('11CL-FAR-L PORT'!Q62) -> 8.1666667 | K70: =SUM('11CL-FAR-MAT'!Q62) -> 11 | N70: =SUM('11CL-FAR-BIOL'!Q62) -> 13.333333 | Q70: =SUM('11CL-FAR-INGLES'!Q62) -> 15.666667 | T70: =SUM('11CL-FAR-PATOL'!Q62) -> 11.5 | W70: =SUM('11CL-FAR-MPARASITOL'!Q62) -> 6.8333333 | Z70: =SUM('11CL-FAR-FARMACOL'!Q62) -> 7.3333333 | AC70: =SUM('11CL-FAR-FARMACOG'!Q62) -> 10.666667 | AF70: =SUM('11CL-FAR-TPM'!Q62) -> 11.333333 | AI70: =SUM('11CL-FAR-QCA ORG.'!Q62) -> 8.1666667 | AL70: =SUM('11CL-FAR-ED. FIS'!Q62) -> 12.666667 | AO70: =SUM('11CL-FAR-BOTANICA'!Q62) -> 11.5 | AR70: =SUM('11CL-FAR-AFH'!Q62) -> 11 | AS70: N/TRANSITA | AT70: =AVERAGE(H70:AR70) -> 10.705128 | AU70: 21 | AV70: F
B71: 55 | C71: 2941 | D71: Zacarias Bungo Nguimbi | H71: =SUM('11CL-FAR-L PORT'!Q63) -> 9.6666667 | K71: =SUM('11CL-FAR-MAT'!Q63) -> 6.6666667 | N71: =SUM('11CL-FAR-BIOL'!Q63) -> 10.333333 | Q71: =SUM('11CL-FAR-INGLES'!Q63) -> 15.333333 | T71: =SUM('11CL-FAR-PATOL'!Q63) -> 13.333333 | W71: =SUM('11CL-FAR-MPARASITOL'!Q63) -> 11 | Z71: =SUM('11CL-FAR-FARMACOL'!Q63) -> 7.5 | AC71: =SUM('11CL-FAR-FARMACOG'!Q63) -> 6.6666667 | AF71: =SUM('11CL-FAR-TPM'!Q63) -> 8.3333333 | AI71: =SUM('11CL-FAR-QCA ORG.'!Q63) -> 9.6666667 | AL71: =SUM('11CL-FAR-ED. FIS'!Q63) -> 10 | AO71: =SUM('11CL-FAR-BOTANICA'!Q63) -> 7.8333333 | AR71: =SUM('11CL-FAR-AFH'!Q63) -> 13 | AS71: N/TRANSITA | AT71: =AVERAGE(H71:AR71) -> 9.9487179 | AU71: 19 | AV71: M
B72: DATA DO CONSELHO DE TURMA______/______/2025
B74: ODirector de Turma | X74: O Subdirector Pedagógico
B75: _____________________________________
B76: SAMUEL BERNUÁRIO CALINHA | X76: ALBERTO SASSA TATI

Sheet 11CL-FAR-L PORT
A1: INSTITUTO TÉCNICP PRIVADO DE SAÚDE JOMORAIS
I3: DATA: 12/12/2025
B4: Classe: 11ª | E4: Disciplina: Língua Portuguesa | V4: Ano Lectivo:2025/2026
B5: Período: Vespertino | E5: Turma: Única | X5: Curso: FARMÁCIA
B6: MINI-PAUTA - TÉCNICO DE SAÚDE
B7: Nº | C7: Nome do (a) Aluno (a) | D7: FALTAS | E7: Avaliações/I Trimestre | K7: OBS | L7: Avaliações/II Trimestre | R7: OBS | S7: Avaliações/IIITrimestre | Y7: MFD | Z7: OBS | AA7: M | AB7: F | AC7: TRANSITA | AD7: N/TRANSITA | AE7: E.E.F
D8: J/I | E8: MAC | F8: NPP | G8: NPR1 | H8: NPT | I8: NPR2 | J8: MT1 | L8: MAC | M8: NPP | N8: NPR1 | O8: NPT | P8: NPR2 | Q8: MT2 | S8: MAC | T8: NPP | U8: NPR1 | V8: NPT | W8: NPR2 | X8: MT3 | AA8: =COUNTIF(Z9:Z69,"M") -> 0 | AB8: =COUNTIF(Z9:Z69,"F") -> 0 | AC8: =COUNTIF(Z9:Z69,"TRANSITA") -> 0 | AD8: =COUNTIF(Z9:Z69,"N/TRANSITA") -> 55 | AE8: =COUNTIF(Z9:Z69,"E.E.F") -> 0
B9: 1 | C9: Alice Cungi Alfredo | E9: 13.5 | F9: 10 | H9: 4.5 | J9: =AVERAGE(E9,MAX(F9:G9),MAX(H9:I9)) -> 9.3333333 | K9: =IF(J9>=10,"TRANSITA","N/TRANSITA") -> N/TRANSITA | L9: 10 | M9: 8 | O9: 3.5 | Q9: =AVERAGE(L9,MAX(M9:N9),MAX(O9:P9)) -> 7.1666667 | R9: =IF(Q9>=10,"TRANSITA","N/TRANSITA") -> N/TRANSITA | X9: =AVERAGE(S9,MAX(T9:U9),MAX(V9:W9)) -> 0 | Y9: =SUM(J9,Q9,X9)/3 -> 5.5 | Z9: =IF(Y9>=10,"TRANSITA","N/TRANSITA") -> N/TRANSITA
B10: 2 | C10: Amélia Mauricio Macaia | E10: 13.5 | F10: 10 | H10: 6 | J10: =AVERAGE(E10,MAX(F10:G10),MAX(H10:I10)) -> 9.8333333 | K10: =IF(J10>=10,"TRANSITA","N/TRANSITA") -> N/TRANSITA | L10: 10 | M10: 9 | O10: 6 | Q10: =AVERAGE(L10,MAX(M10:N10),MAX(O10:P10)) -> 8.3333333 | R10: =IF(Q10>=10,"TRANSITA","N/TRANSITA") -> N/TRANSITA | X10: =AVERAGE(S10,MAX(T10:U10),MAX(V10:W10)) -> 0 | Y10: =SUM(J10,Q10,X10)/3 -> 6.0555556 | Z10: =IF(Y10>=10,"TRANSITA","N/TRANSITA") -> N/TRANSITA | AA10: =SUM(AA8:AB9) -> 0
B11: 3 | C11: Angelina Umba Esperança Luyeye | E11: 14.5 | F11: 10 | H11: 9.5 | J11: =AVERAGE(E11,MAX(F11:G11),MAX(H11:I11)) -> 11.333333 | K11: =IF(J11>=10,"TRANSITA","N/TRANSITA") -> TRANSITA | L11: 10 | M11: 10 | O11: 8.5 | Q11: =AVERAGE(L11,MAX(M11:N11),MAX(O11:P11)) -> 9.5 | R11: =IF(Q11>=10,"TRANSITA","N/TRANSITA") -> N/TRANSITA | X11: =AVERAGE(S11,MAX(T11:U11),MAX(V11:W11)) -> 0 | Y11: =SUM(J11,Q11,X11)/3 -> 6.9444444 | Z11: =IF(Y11>=10,"TRANSITA","N/TRANSITA") -> N/TRANSITA
B12: 4 | C12: Armindo Maciala Mendes | E12: 17 | F12: 18 | H12: 15 | J12: =AVERAGE(E12,MAX(F12:G12),MAX(H12:I12)) -> 16.666667 | K12: =IF(J12>=10,"TRANSITA","N/TRANSITA") -> TRANSITA | L12: 10 | M12: 14 | O12: 13.5 | Q12: =AVERAGE(L12,MAX(M12:N12),MAX(O12:P12)) -> 12.5 | R12: =IF(Q12>=10,"TRANSITA","N/TRANSITA") -> TRANSITA | X12: =AVERAGE(S12,MAX(T12:U12),MAX(V12:W12)) -> 0 | Y12: =SUM(J12,Q12,X12)/3 -> 9.7222222 | Z12: =IF(Y12>=10,"TRANSITA","N/TRANSITA") -> N/TRANSITA
B13: 5 | C13: Beatriz Lelo Nombo | E13: 17 | F13: 18 | H13: 12 | J13: =AVERAGE(E13,MAX(F13:G13),MAX(H13:I13)) -> 15.666667 | K13: =IF(J13>=10,"TRANSITA","N/TRANSITA") -> TRANSITA | L13: 10 | O13: 12 | Q13: =AVERAGE(L13,MAX(M13:N13),MAX(O13:P13)) -> 7.3333333 | R13: =IF(Q13>=10,"TRANSITA","N/TRANSITA") -> N/TRANSITA | X13: =AVERAGE(S13,MAX(T13:U13),MAX(V13:W13)) -> 0 | Y13: =SUM(J13,Q13,X13)/3 -> 7.6666667 | Z13: =IF(Y13>=10,"TRANSITA","N/TRANSITA") -> N/TRANSITA
B14: 6 | C14: Carolina Zuzi Nhimi | E14: 10 | F14: 16 | H14: 14 | J14: =AVERAGE(E14,MAX(F14:G14),MAX(H14:I14)) -> 13.333333 | K14: =IF(J14>=10,"TRANSITA","N/TRANSITA") -> TRANSITA | L14: 10 | M14: 12 | O14: 4.5 | Q14: =AVERAGE(L14,MAX(M14:N14),MAX(O14:P14)) -> 8.8333333 | R14: =IF(Q14>=10,"TRANSITA","N/TRANSITA") -> N/TRANSITA | X14: =AVERAGE(S14,MAX(T14:U14),MAX(V14:W14)) -> 0 | Y14: =SUM(J14,Q14,X14)/3 -> 7.3888889 | Z14: =IF(Y14>=10,"TRANSITA","N/TRANSITA") -> N/TRANSITA
B15: 7 | C15: Catarina Simba Buela | E15: 10 | F15: 10 | H15: 7 | J15: =AVERAGE(E15,MAX(F15:G15),MAX(H15:I15)) -> 9 | K15: =IF(J15>=10,"TRANSITA","N/TRANSITA") -> N/TRANSITA | L15: 10 | M15: 7 | O15: 4 | Q15: =AVERAGE(L15,MAX(M15:N15),MAX(O15:P15)) -> 7 | R15: =IF(Q15>=10,"TRANSITA","N/TRANSITA") -> N/TRANSITA | X15: =AVERAGE(S15,MAX(T15:U15),MAX(V15:W15)) -> 0 | Y15: =SUM(J15,Q15,X15)/3 -> 5.3333333 | Z15: =IF(Y15>=10,"TRANSITA","N/TRANSITA") -> N/TRANSITA
B16: 8 | C16: Cecília Suami Lando Massiala | E16: 13.5 | H16: 4 | J16: =AVERAGE(E16,MAX(F16:G16),MAX(H16:I16)) -> 5.8333333 | K16: =IF(J16>=10,"TRANSITA","N/TRANSITA") -> N/TRANSITA | L16: 10 | M16: 7 | Q16: =AVERAGE(L16,MAX(M16:N16),MAX(O16:P16)) -> 5.6666667 | R16: =IF(Q16>=10,"TRANSITA","N/TRANSITA") -> N/TRANSITA | X16: =AVERAGE(S16,MAX(T16:U16),MAX(V16:W16)) -> 0 | Y16: =SUM(J16,Q16,X16)/3 -> 3.8333333 | Z16: =IF(Y16>=10,"TRANSITA","N/TRANSITA") -> N/TRANSITA
B17: 9 | C17: Clara Sungo Buati Chiânica | E17: 15 | F17: 17 | H17: 9 | J17: =AVERAGE(E17,MAX(F17:G17),MAX(H17:I17)) -> 13.666667 | K17: =IF(J17>=10,"TRANSITA","N/TRANSITA") -> TRANSITA | L17: 10 | M17: 6.5 | O17: 9.5 | Q17: =AVERAGE(L17,MAX(M17:N17),MAX(O17:P17)) -> 8.6666667 | R17: =IF(Q17>=10,"TRANSITA","N/TRANSITA") -> N/TRANSITA | X17: =AVERAGE(S17,MAX(T17:U17),MAX(V17:W17)) -> 0 | Y17: =SUM(J17,Q17,X17)/3 -> 7.4444444 | Z17: =IF(Y17>=10,"TRANSITA","N/TRANSITA") -> N/TRANSITA
B18: 10 | C18: Clementina Paca V. Guimbi | E18: 13 | F18: 10 | H18: 8.5 | J18: =AVERAGE(E18,MAX(F18:G18),MAX(H18:I18)) -> 10.5 | K18: =IF(J18>=10,"TRANSITA","N/TRANSITA") -> TRANSITA | L18: 10 | M18: 8 | Q18: =AVERAGE(L18,MAX(M18:N18),MAX(O18:P18)) -> 6 | R18: =IF(Q18>=10,"TRANSITA","N/TRANSITA") -> N/TRANSITA | X18: =AVERAGE(S18,MAX(T18:U18),MAX(V18:W18)) -> 0 | Y18: =SUM(J18,Q18,X18)/3 -> 5.5 | Z18: =IF(Y18>=10,"TRANSITA","N/TRANSITA") -> N/TRANSITA
B19: 11 | C19: Cleúsia Da Conceição Mboco Kilombo | E19: 13 | H19: 7 | J19: =AVERAGE(E19,MAX(F19:G19),MAX(H19:I19)) -> 6.6666667 | K19: =IF(J19>=10,"TRANSITA","N/TRANSITA") -> N/TRANSITA | L19: 10 | M19: 11 | Q19: =AVERAGE(L19,MAX(M19:N19),MAX(O19:P19)) -> 7 | R19: =IF(Q19>=10,"TRANSITA","N/TRANSITA") -> N/TRANSITA | X19: =AVERAGE(S19,MAX(T19:U19),MAX(V19:W19)) -> 0 | Y19: =SUM(J19,Q19,X19)/3 -> 4.5555556 | Z19: =IF(Y19>=10,"TRANSITA","N/TRANSITA") -> N/TRANSITA
B20: 12 | C20: Damália Isaias Bumba | E20: 14 | F20: 16 | H20: 9 | J20: =AVERAGE(E20,MAX(F20:G20),MAX(H20:I20)) -> 13 | K20: =IF(J20>=10,"TRANSITA","N/TRANSITA") -> TRANSITA | L20: 10 | M20: 10 | O20: 8 | Q20: =AVERAGE(L20,MAX(M20:N20),MAX(O20:P20)) -> 9.3333333 | R20: =IF(Q20>=10,"TRANSITA","N/TRANSITA") -> N/TRANSITA | X20: =AVERAGE(S20,MAX(T20:U20),MAX(V20:W20)) -> 0 | Y20: =SUM(J20,Q20,X20)/3 -> 7.4444444 | Z20: =IF(Y20>=10,"TRANSITA","N/TRANSITA") -> N/TRANSITA
B21: 13 | C21: Divina Pemba Dembe | E21: 14 | F21: 13.5 | H21: 7 | J21: =AVERAGE(E21,MAX(F21:G21),MAX(H21:I21)) -> 11.5 | K21: =IF(J21>=10,"TRANSITA","N/TRANSITA") -> TRANSITA | L21: 10 | M21: 9 | O21: 7 | Q21: =AVERAGE(L21,MAX(M21:N21),MAX(O21:P21)) -> 8.6666667 | R21: =IF(Q21>=10,"TRANSITA","N/TRANSITA") -> N/TRANSITA | X21: =AVERAGE(S21,MAX(T21:U21),MAX(V21:W21)) -> 0 | Y21: =SUM(J21,Q21,X21)/3 -> 6.7222222 | Z21: =IF(Y21>=10,"TRANSITA","N/TRANSITA") -> N/TRANSITA
B22: 14 | C22: Emíliana Pemba Baza Jonace | E22: 13.5 | F22: 16 | H22: 7.5 | J22: =AVERAGE(E22,MAX(F22:G22),MAX(H22:I22)) -> 12.333333 | K22: =IF(J22>=10,"TRANSITA","N/TRANSITA") -> TRANSITA | L22: 10 | M22: 12 | O22: 9.5 | Q22: =AVERAGE(L22,MAX(M22:N22),MAX(O22:P22)) -> 10.5 | R22: =IF(Q22>=10,"TRANSITA","N/TRANSITA") -> TRANSITA | X22: =AVERAGE(S22,MAX(T22:U22),MAX(V22:W22)) -> 0 | Y22: =SUM(J22,Q22,X22)/3 -> 7.6111111 | Z22: =IF(Y22>=10,"TRANSITA","N/TRANSITA") -> N/TRANSITA
B23: 15 | C23: Esmênia Constância Pedro Mendes | E23: 14 | F23: 10 | H23: 13 | J23: =AVERAGE(E23,MAX(F23:G23),MAX(H23:I23)) -> 12.333333 | K23: =IF(J23>=10,"TRANSITA","N/TRANSITA") -> TRANSITA | L23: 10 | M23: 12 | O23: 10 | Q23: =AVERAGE(L23,MAX(M23:N23),MAX(O23:P23)) -> 10.666667 | R23: =IF(Q23>=10,"TRANSITA","N/TRANSITA") -> TRANSITA | X23: =AVERAGE(S23,MAX(T23:U23),MAX(V23:W23)) -> 0 | Y23: =SUM(J23,Q23,X23)/3 -> 7.6666667 | Z23: =IF(Y23>=10,"TRANSITA","N/TRANSITA") -> N/TRANSITA
B24: 16 | C24: Esperança Muanda | E24: 13.5 | F24: 17 | H24: 10 | J24: =AVERAGE(E24,MAX(F24:G24),MAX(H24:I24)) -> 13.5 | K24: =IF(J24>=10,"TRANSITA","N/TRANSITA") -> TRANSITA | L24: 10 | M24: 12 | O24: 6.5 | Q24: =AVERAGE(L24,MAX(M24:N24),MAX(O24:P24)) -> 9.5 | R24: =IF(Q24>=10,"TRANSITA","N/TRANSITA") -> N/TRANSITA | X24: =AVERAGE(S24,MAX(T24:U24),MAX(V24:W24)) -> 0 | Y24: =SUM(J24,Q24,X24)/3 -> 7.6666667 | Z24: =IF(Y24>=10,"TRANSITA","N/TRANSITA") -> N/TRANSITA
B25: 17 | C25: Esperança Velância Gomes | E25: 13.5 | F25: 11.5 | H25: 10 | J25: =AVERAGE(E25,MAX(F25:G25),MAX(H25:I25)) -> 11.666667 | K25: =IF(J25>=10,"TRANSITA","N/TRANSITA") -> TRANSITA | L25: 10 | M25: 5 | O25: 3 | Q25: =AVERAGE(L25,MAX(M25:N25),MAX(O25:P25)) -> 6 | R25: =IF(Q25>=10,"TRANSITA","N/TRANSITA") -> N/TRANSITA | X25: =AVERAGE(S25,MAX(T25:U25),MAX(V25:W25)) -> 0 | Y25: =SUM(J25,Q25,X25)/3 -> 5.8888889 | Z25: =IF(Y25>=10,"TRANSITA","N/TRANSITA") -> N/TRANSITA
B26: 18 | C26: Eunice Domingas Umbar | E26: 15 | F26: 17 | H26: 13.5 | J26: =AVERAGE(E26,MAX(F26:G26),MAX(H26:I26)) -> 15.166667 | K26: =IF(J26>=10,"TRANSITA","N/TRANSITA") -> TRANSITA | L26: 12 | M26: 12 | O26: 7 | Q26: =AVERAGE(L26,MAX(M26:N26),MAX(O26:P26)) -> 10.333333 | R26: =IF(Q26>=10,"TRANSITA","N/TRANSITA") -> TRANSITA | X26: =AVERAGE(S26,MAX(T26:U26),MAX(V26:W26)) -> 0 | Y26: =SUM(J26,Q26,X26)/3 -> 8.5 | Z26: =IF(Y26>=10,"TRANSITA","N/TRANSITA") -> N/TRANSITA
B27: 19 | C27: Faustino Cardoso | E27: 14 | F27: 13.5 | H27: 7.5 | J27: =AVERAGE(E27,MAX(F27:G27),MAX(H27:I27)) -> 11.666667 | K27: =IF(J27>=10,"TRANSITA","N/TRANSITA") -> TRANSITA | L27: 10 | M27: 8 | O27: 10.5 | Q27: =AVERAGE(L27,MAX(M27:N27),MAX(O27:P27)) -> 9.5 | R27: =IF(Q27>=10,"TRANSITA","N/TRANSITA") -> N/TRANSITA | X27: =AVERAGE(S27,MAX(T27:U27),MAX(V27:W27)) -> 0 | Y27: =SUM(J27,Q27,X27)/3 -> 7.0555556 | Z27: =IF(Y27>=10,"TRANSITA","N/TRANSITA") -> N/TRANSITA
B28: 20 | C28: Felicidade Buzi Guerra | E28: 13.5 | F28: 10 | H28: 8.25 | J28: =AVERAGE(E28,MAX(F28:G28),MAX(H28:I28)) -> 10.583333 | K28: =IF(J28>=10,"TRANSITA","N/TRANSITA") -> TRANSITA | Q28: =AVERAGE(L28,MAX(M28:N28),MAX(O28:P28)) -> 0 | R28: =IF(Q28>=10,"TRANSITA","N/TRANSITA") -> N/TRANSITA | X28: =AVERAGE(S28,MAX(T28:U28),MAX(V28:W28)) -> 0 | Y28: =SUM(J28,Q28,X28)/3 -> 3.5277778 | Z28: =IF(Y28>=10,"TRANSITA","N/TRANSITA") -> N/TRANSITA
B29: 21 | C29: Filipe Binjunga Futi | E29: 14 | F29: 12 | H29: 8 | J29: =AVERAGE(E29,MAX(F29:G29),MAX(H29:I29)) -> 11.333333 | K29: =IF(J29>=10,"TRANSITA","N/TRANSITA") -> TRANSITA | O29: 8.5 | Q29: =AVERAGE(L29,MAX(M29:N29),MAX(O29:P29)) -> 4.25 | R29: =IF(Q29>=10,"TRANSITA","N/TRANSITA") -> N/TRANSITA | X29: =AVERAGE(S29,MAX(T29:U29),MAX(V29:W29)) -> 0 | Y29: =SUM(J29,Q29,X29)/3 -> 5.1944444 | Z29: =IF(Y29>=10,"TRANSITA","N/TRANSITA") -> N/TRANSITA
B30: 22 | C30: Graça Tucola Mavungo | E30: 14 | F30: 16 | H30: 11 | J30: =AVERAGE(E30,MAX(F30:G30),MAX(H30:I30)) -> 13.666667 | K30: =IF(J30>=10,"TRANSITA","N/TRANSITA") -> TRANSITA | L30: 10 | M30: 12 | O30: 10.5 | Q30: =AVERAGE(L30,MAX(M30:N30),MAX(O30:P30)) -> 10.833333 | R30: =IF(Q30>=10,"TRANSITA","N/TRANSITA") -> TRANSITA | X30: =AVERAGE(S30,MAX(T30:U30),MAX(V30:W30)) -> 0 | Y30: =SUM(J30,Q30,X30)/3 -> 8.1666667 | Z30: =IF(Y30>=10,"TRANSITA","N/TRANSITA") -> N/TRANSITA
B31: 23 | C31: Helena Ernestina Pemba Cole | E31: 13 | F31: 10 | J31: =AVERAGE(E31,MAX(F31:G31),MAX(H31:I31)) -> 7.6666667 | K31: =IF(J31>=10,"TRANSITA","N/TRANSITA") -> N/TRANSITA | M31: 8 | O31: 5 | Q31: =AVERAGE(L31,MAX(M31:N31),MAX(O31:P31)) -> 6.5 | R31: =IF(Q31>=10,"TRANSITA","N/TRANSITA") -> N/TRANSITA | X31: =AVERAGE(S31,MAX(T31:U31),MAX(V31:W31)) -> 0 | Y31: =SUM(J31,Q31,X31)/3 -> 4.7222222 | Z31: =IF(Y31>=10,"TRANSITA","N/TRANSITA") -> N/TRANSITA
B32: 24 | C32: Imaculada Da Conceiãção Cungi Zau | E32: 13.5 | F32: 10 | H32: 7 | J32: =AVERAGE(E32,MAX(F32:G32),MAX(H32:I32)) -> 10.166667 | K32: =IF(J32>=10,"TRANSITA","N/TRANSITA") -> TRANSITA | L32: 10 | M32: 5 | O32: 5.5 | Q32: =AVERAGE(L32,MAX(M32:N32),MAX(O32:P32)) -> 6.8333333 | R32: =IF(Q32>=10,"TRANSITA","N/TRANSITA") -> N/TRANSITA | X32: =AVERAGE(S32,MAX(T32:U32),MAX(V32:W32)) -> 0 | Y32: =SUM(J32,Q32,X32)/3 -> 5.6666667 | Z32: =IF(Y32>=10,"TRANSITA","N/TRANSITA") -> N/TRANSITA
B33: 25 | C33: Isabel Buanga Lelo Mendes | E33: 13 | F33: 18 | H33: 6 | J33: =AVERAGE(E33,MAX(F33:G33),MAX(H33:I33)) -> 12.333333 | K33: =IF(J33>=10,"TRANSITA","N/TRANSITA") -> TRANSITA | L33: 10 | M33: 10 | O33: 8.5 | Q33: =AVERAGE(L33,MAX(M33:N33),MAX(O33:P33)) -> 9.5 | R33: =IF(Q33>=10,"TRANSITA","N/TRANSITA") -> N/TRANSITA | X33: =AVERAGE(S33,MAX(T33:U33),MAX(V33:W33)) -> 0 | Y33: =SUM(J33,Q33,X33)/3 -> 7.2777778 | Z33: =IF(Y33>=10,"TRANSITA","N/TRANSITA") -> N/TRANSITA
B34: 26 | C34: Isabel Domingas Futi | E34: 15 | F34: 16 | H34: 13.75 | J34: =AVERAGE(E34,MAX(F34:G34),MAX(H34:I34)) -> 14.916667 | K34: =IF(J34>=10,"TRANSITA","N/TRANSITA") -> TRANSITA | L34: 10 | M34: 10 | O34: 11.5 | Q34: =AVERAGE(L34,MAX(M34:N34),MAX(O34:P34)) -> 10.5 | R34: =IF(Q34>=10,"TRANSITA","N/TRANSITA") -> TRANSITA | X34: =AVERAGE(S34,MAX(T34:U34),MAX(V34:W34)) -> 0 | Y34: =SUM(J34,Q34,X34)/3 -> 8.4722222 | Z34: =IF(Y34>=10,"TRANSITA","N/TRANSITA") -> N/TRANSITA
B35: 27 | C35: Joana Bizi Muanda Bungo | E35: 14 | F35: 10 | H35: 6.25 | J35: =AVERAGE(E35,MAX(F35:G35),MAX(H35:I35)) -> 10.083333 | K35: =IF(J35>=10,"TRANSITA","N/TRANSITA") -> TRANSITA | Q35: =AVERAGE(L35,MAX(M35:N35),MAX(O35:P35)) -> 0 | R35: =IF(Q35>=10,"TRANSITA","N/TRANSITA") -> N/TRANSITA | X35: =AVERAGE(S35,MAX(T35:U35),MAX(V35:W35)) -> 0 | Y35: =SUM(J35,Q35,X35)/3 -> 3.3611111 | Z35: =IF(Y35>=10,"TRANSITA","N/TRANSITA") -> N/TRANSITA
B36: 28 | C36: Jaquelina Malonda Muanda Mbumba | E36: 14 | F36: 9 | H36: 5 | J36: =AVERAGE(E36,MAX(F36:G36),MAX(H36:I36)) -> 9.3333333 | K36: =IF(J36>=10,"TRANSITA","N/TRANSITA") -> N/TRANSITA | L36: 10 | M36: 8 | O36: 1.5 | Q36: =AVERAGE(L36,MAX(M36:N36),MAX(O36:P36)) -> 6.5 | R36: =IF(Q36>=10,"TRANSITA","N/TRANSITA") -> N/TRANSITA | X36: =AVERAGE(S36,MAX(T36:U36),MAX(V36:W36)) -> 0 | Y36: =SUM(J36,Q36,X36)/3 -> 5.2777778 | Z36: =IF(Y36>=10,"TRANSITA","N/TRANSITA") -> N/TRANSITA
B37: 29 | C37: José Mavungo Dungi | E37: 15 | F37: 15 | H37: 11.5 | J37: =AVERAGE(E37,MAX(F37:G37),MAX(H37:I37)) -> 13.833333 | K37: =IF(J37>=10,"TRANSITA","N/TRANSITA") -> TRANSITA | L37: 10 | M37: 10 | O37: 12.5 | Q37: =AVERAGE(L37,MAX(M37:N37),MAX(O37:P37)) -> 10.833333 | R37: =IF(Q37>=10,"TRANSITA","N/TRANSITA") -> TRANSITA | X37: =AVERAGE(S37,MAX(T37:U37),MAX(V37:W37)) -> 0 | Y37: =SUM(J37,Q37,X37)/3 -> 8.2222222 | Z37: =IF(Y37>=10,"TRANSITA","N/TRANSITA") -> N/TRANSITA
B38: 30 | C38: Jose Nhimi Cesse | E38: 14.5 | F38: 10 | H38: 11.5 | J38: =AVERAGE(E38,MAX(F38:G38),MAX(H38:I38)) -> 12 | K38: =IF(J38>=10,"TRANSITA","N/TRANSITA") -> TRANSITA | L38: 10 | M38: 8 | O38: 3.5 | Q38: =AVERAGE(L38,MAX(M38:N38),MAX(O38:P38)) -> 7.1666667 | R38: =IF(Q38>=10,"TRANSITA","N/TRANSITA") -> N/TRANSITA | X38: =AVERAGE(S38,MAX(T38:U38),MAX(V38:W38)) -> 0 | Y38: =SUM(J38,Q38,X38)/3 -> 6.3888889 | Z38: =IF(Y38>=10,"TRANSITA","N/TRANSITA") -> N/TRANSITA
B39: 31 | C39: Josefina Milonge Poba Ndoqui | E39: 12 | F39: 9 | H39: 6 | J39: =AVERAGE(E39,MAX(F39:G39),MAX(H39:I39)) -> 9 | K39: =IF(J39>=10,"TRANSITA","N/TRANSITA") -> N/TRANSITA | L39: 10 | M39: 7 | O39: 2.5 | Q39: =AVERAGE(L39,MAX(M39:N39),MAX(O39:P39)) -> 6.5 | R39: =IF(Q39>=10,"TRANSITA","N/TRANSITA") -> N/TRANSITA | X39: =AVERAGE(S39,MAX(T39:U39),MAX(V39:W39)) -> 0 | Y39: =SUM(J39,Q39,X39)/3 -> 5.1666667 | Z39: =IF(Y39>=10,"TRANSITA","N/TRANSITA") -> N/TRANSITA
B40: 32 | C40: Lídia Pemba Muel | E40: 13 | F40: 11 | H40: 10 | J40: =AVERAGE(E40,MAX(F40:G40),MAX(H40:I40)) -> 11.333333 | K40: =IF(J40>=10,"TRANSITA","N/TRANSITA") -> TRANSITA | L40: 10 | M40: 7.5 | O40: 6 | Q40: =AVERAGE(L40,MAX(M40:N40),MAX(O40:P40)) -> 7.8333333 | R40: =IF(Q40>=10,"TRANSITA","N/TRANSITA") -> N/TRANSITA | X40: =AVERAGE(S40,MAX(T40:U40),MAX(V40:W40)) -> 0 | Y40: =SUM(J40,Q40,X40)/3 -> 6.3888889 | Z40: =IF(Y40>=10,"TRANSITA","N/TRANSITA") -> N/TRANSITA
B41: 33 | C41: Lino Futi Dinis | H41: 10 | J41: =AVERAGE(E41,MAX(F41:G41),MAX(H41:I41)) -> 5 | K41: =IF(J41>=10,"TRANSITA","N/TRANSITA") -> N/TRANSITA | L41: 10 | M41: 6.5 | O41: 8.5 | Q41: =AVERAGE(L41,MAX(M41:N41),MAX(O41:P41)) -> 8.3333333 | R41: =IF(Q41>=10,"TRANSITA","N/TRANSITA") -> N/TRANSITA | X41: =AVERAGE(S41,MAX(T41:U41),MAX(V41:W41)) -> 0 | Y41: =SUM(J41,Q41,X41)/3 -> 4.4444444 | Z41: =IF(Y41>=10,"TRANSITA","N/TRANSITA") -> N/TRANSITA
B42: 34 | C42: Lúcia Figueira Banza | E42: 14 | F42: 10 | H42: 7.75 | J42: =AVERAGE(E42,MAX(F42:G42),MAX(H42:I42)) -> 10.583333 | K42: =IF(J42>=10,"TRANSITA","N/TRANSITA") -> TRANSITA | L42: 10 | M42: 10 | O42: 8.5 | Q42: =AVERAGE(L42,MAX(M42:N42),MAX(O42:P42)) -> 9.5 | R42: =IF(Q42>=10,"TRANSITA","N/TRANSITA") -> N/TRANSITA | X42: =AVERAGE(S42,MAX(T42:U42),MAX(V42:W42)) -> 0 | Y42: =SUM(J42,Q42,X42)/3 -> 6.6944444 | Z42: =IF(Y42>=10,"TRANSITA","N/TRANSITA") -> N/TRANSITA
B43: 35 | C43: Madalena Conde Tanzi | E43: 15 | F43: 16 | H43: 10 | J43: =AVERAGE(E43,MAX(F43:G43),MAX(H43:I43)) -> 13.666667 | K43: =IF(J43>=10,"TRANSITA","N/TRANSITA") -> TRANSITA | L43: 10 | M43: 10 | O43: 4 | Q43: =AVERAGE(L43,MAX(M43:N43),MAX(O43:P43)) -> 8 | R43: =IF(Q43>=10,"TRANSITA","N/TRANSITA") -> N/TRANSITA | X43: =AVERAGE(S43,MAX(T43:U43),MAX(V43:W43)) -> 0 | Y43: =SUM(J43,Q43,X43)/3 -> 7.2222222 | Z43: =IF(Y43>=10,"TRANSITA","N/TRANSITA") -> N/TRANSITA
B44: 36 | C44: Maria Alexandrina Zau Futi | E44: 14 | F44: 9 | H44: 8.25 | J44: =AVERAGE(E44,MAX(F44:G44),MAX(H44:I44)) -> 10.416667 | K44: =IF(J44>=10,"TRANSITA","N/TRANSITA") -> TRANSITA | L44: 10 | M44: 7 | O44: 3 | Q44: =AVERAGE(L44,MAX(M44:N44),MAX(O44:P44)) -> 6.6666667 | R44: =IF(Q44>=10,"TRANSITA","N/TRANSITA") -> N/TRANSITA | X44: =AVERAGE(S44,MAX(T44:U44),MAX(V44:W44)) -> 0 | Y44: =SUM(J44,Q44,X44)/3 -> 5.6944444 | Z44: =IF(Y44>=10,"TRANSITA","N/TRANSITA") -> N/TRANSITA
B45: 37 | C45: Maria Celestina Sambo Celestino | E45: 14 | F45: 11 | H45: 8.25 | J45: =AVERAGE(E45,MAX(F45:G45),MAX(H45:I45)) -> 11.083333 | K45: =IF(J45>=10,"TRANSITA","N/TRANSITA") -> TRANSITA | L45: 10 | M45: 11 | O45: 2 | Q45: =AVERAGE(L45,MAX(M45:N45),MAX(O45:P45)) -> 7.6666667 | R45: =IF(Q45>=10,"TRANSITA","N/TRANSITA") -> N/TRANSITA | X45: =AVERAGE(S45,MAX(T45:U45),MAX(V45:W45)) -> 0 | Y45: =SUM(J45,Q45,X45)/3 -> 6.25 | Z45: =IF(Y45>=10,"TRANSITA","N/TRANSITA") -> N/TRANSITA
B46: 38 | C46: Maria de Fátima Zau | E46: 12 | F46: 7.5 | H46: 8 | J46: =AVERAGE(E46,MAX(F46:G46),MAX(H46:I46)) -> 9.1666667 | K46: =IF(J46>=10,"TRANSITA","N/TRANSITA") -> N/TRANSITA | L46: 10 | M46: 6.5 | O46: 9.5 | Q46: =AVERAGE(L46,MAX(M46:N46),MAX(O46:P46)) -> 8.6666667 | R46: =IF(Q46>=10,"TRANSITA","N/TRANSITA") -> N/TRANSITA | X46: =AVERAGE(S46,MAX(T46:U46),MAX(V46:W46)) -> 0 | Y46: =SUM(J46,Q46,X46)/3 -> 5.9444444 | Z46: =IF(Y46>=10,"TRANSITA","N/TRANSITA") -> N/TRANSITA
B47: 39 | C47: Maria Macaia | E47: 14.5 | F47: 17 | H47: 10 | J47: =AVERAGE(E47,MAX(F47:G47),MAX(H47:I47)) -> 13.833333 | K47: =IF(J47>=10,"TRANSITA","N/TRANSITA") -> TRANSITA | L47: 10 | M47: 11.5 | O47: 8.5 | Q47: =AVERAGE(L47,MAX(M47:N47),MAX(O47:P47)) -> 10 | R47: =IF(Q47>=10,"TRANSITA","N/TRANSITA") -> TRANSITA | X47: =AVERAGE(S47,MAX(T47:U47),MAX(V47:W47)) -> 0 | Y47: =SUM(J47,Q47,X47)/3 -> 7.9444444 | Z47: =IF(Y47>=10,"TRANSITA","N/TRANSITA") -> N/TRANSITA
B48: 40 | C48: Maria Madalena Mombo | E48: 13.5 | F48: 13.5 | H48: 6 | J48: =AVERAGE(E48,MAX(F48:G48),MAX(H48:I48)) -> 11 | K48: =IF(J48>=10,"TRANSITA","N/TRANSITA") -> TRANSITA | L48: 10 | M48: 10 | Q48: =AVERAGE(L48,MAX(M48:N48),MAX(O48:P48)) -> 6.6666667 | R48: =IF(Q48>=10,"TRANSITA","N/TRANSITA") -> N/TRANSITA | X48: =AVERAGE(S48,MAX(T48:U48),MAX(V48:W48)) -> 0 | Y48: =SUM(J48,Q48,X48)/3 -> 5.8888889 | Z48: =IF(Y48>=10,"TRANSITA","N/TRANSITA") -> N/TRANSITA
B49: 41 | C49: Maria Suami Bungo | E49: 10 | F49: 10 | J49: =AVERAGE(E49,MAX(F49:G49),MAX(H49:I49)) -> 6.6666667 | K49: =IF(J49>=10,"TRANSITA","N/TRANSITA") -> N/TRANSITA | L49: 10 | M49: 5.5 | Q49: =AVERAGE(L49,MAX(M49:N49),MAX(O49:P49)) -> 5.1666667 | R49: =IF(Q49>=10,"TRANSITA","N/TRANSITA") -> N/TRANSITA | X49: =AVERAGE(S49,MAX(T49:U49),MAX(V49:W49)) -> 0 | Y49: =SUM(J49,Q49,X49)/3 -> 3.9444444 | Z49: =IF(Y49>=10,"TRANSITA","N/TRANSITA") -> N/TRANSITA
B50: 42 | C50: Mateus Ndombe Muanda | H50: 6 | J50: =AVERAGE(E50,MAX(F50:G50),MAX(H50:I50)) -> 3 | K50: =IF(J50>=10,"TRANSITA","N/TRANSITA") -> N/TRANSITA | L50: 10 | M50: 5.5 | O50: 6 | Q50: =AVERAGE(L50,MAX(M50:N50),MAX(O50:P50)) -> 7.1666667 | R50: =IF(Q50>=10,"TRANSITA","N/TRANSITA") -> N/TRANSITA | X50: =AVERAGE(S50,MAX(T50:U50),MAX(V50:W50)) -> 0 | Y50: =SUM(J50,Q50,X50)/3 -> 3.3888889 | Z50: =IF(Y50>=10,"TRANSITA","N/TRANSITA") -> N/TRANSITA
B51: 43 | C51: Miguel Luimba Soca | E51: 14 | F51: 8 | H51: 7.5 | J51: =AVERAGE(E51,MAX(F51:G51),MAX(H51:I51)) -> 9.8333333 | K51: =IF(J51>=10,"TRANSITA","N/TRANSITA") -> N/TRANSITA | L51: 10 | M51: 5 | O51: 6 | Q51: =AVERAGE(L51,MAX(M51:N51),MAX(O51:P51)) -> 7 | R51: =IF(Q51>=10,"TRANSITA","N/TRANSITA") -> N/TRANSITA | X51: =AVERAGE(S51,MAX(T51:U51),MAX(V51:W51)) -> 0 | Y51: =SUM(J51,Q51,X51)/3 -> 5.6111111 | Z51: =IF(Y51>=10,"TRANSITA","N/TRANSITA") -> N/TRANSITA
B52: 44 | C52: Mónica Malonda Das Neves Zau | H52: 6.5 | J52: =AVERAGE(E52,MAX(F52:G52),MAX(H52:I52)) -> 3.25 | K52: =IF(J52>=10,"TRANSITA","N/TRANSITA") -> N/TRANSITA | L52: 10 | M52: 7 | Q52: =AVERAGE(L52,MAX(M52:N52),MAX(O52:P52)) -> 5.6666667 | R52: =IF(Q52>=10,"TRANSITA","N/TRANSITA") -> N/TRANSITA | X52: =AVERAGE(S52,MAX(T52:U52),MAX(V52:W52)) -> 0 | Y52: =SUM(J52,Q52,X52)/3 -> 2.9722222 | Z52: =IF(Y52>=10,"TRANSITA","N/TRANSITA") -> N/TRANSITA
B53: 45 | C53: Ortáncia Luemba Pitra | J53: =AVERAGE(E53,MAX(F53:G53),MAX(H53:I53)) -> 0 | K53: =IF(J53>=10,"TRANSITA","N/TRANSITA") -> N/TRANSITA | Q53: =AVERAGE(L53,MAX(M53:N53),MAX(O53:P53)) -> 0 | R53: =IF(Q53>=10,"TRANSITA","N/TRANSITA") -> N/TRANSITA | X53: =AVERAGE(S53,MAX(T53:U53),MAX(V53:W53)) -> 0 | Y53: =SUM(J53,Q53,X53)/3 -> 0 | Z53: =IF(Y53>=10,"TRANSITA","N/TRANSITA") -> N/TRANSITA
B54: 46 | C54: Paulina Malonda Simba Panzo | E54: 13 | F54: 10 | H54: 2 | J54: =AVERAGE(E54,MAX(F54:G54),MAX(H54:I54)) -> 8.3333333 | K54: =IF(J54>=10,"TRANSITA","N/TRANSITA") -> N/TRANSITA | L54: 10 | M54: 4.5 | Q54: =AVERAGE(L54,MAX(M54:N54),MAX(O54:P54)) -> 4.8333333 | R54: =IF(Q54>=10,"TRANSITA","N/TRANSITA") -> N/TRANSITA | X54: =AVERAGE(S54,MAX(T54:U54),MAX(V54:W54)) -> 0 | Y54: =SUM(J54,Q54,X54)/3 -> 4.3888889 | Z54: =IF(Y54>=10,"TRANSITA","N/TRANSITA") -> N/TRANSITA
B55: 47 | C55: Paulo De Jesus Camango André | E55: 13.5 | F55: 10 | H55: 8 | J55: =AVERAGE(E55,MAX(F55:G55),MAX(H55:I55)) -> 10.5 | K55: =IF(J55>=10,"TRANSITA","N/TRANSITA") -> TRANSITA | L55: 10 | M55: 9 | O55: 7 | Q55: =AVERAGE(L55,MAX(M55:N55),MAX(O55:P55)) -> 8.6666667 | R55: =IF(Q55>=10,"TRANSITA","N/TRANSITA") -> N/TRANSITA | X55: =AVERAGE(S55,MAX(T55:U55),MAX(V55:W55)) -> 0 | Y55: =SUM(J55,Q55,X55)/3 -> 6.3888889 | Z55: =IF(Y55>=10,"TRANSITA","N/TRANSITA") -> N/TRANSITA
B56: 48 | C56: Perpétua Teresa Vuili Kilombo | H56: 4.5 | J56: =AVERAGE(E56,MAX(F56:G56),MAX(H56:I56)) -> 2.25 | K56: =IF(J56>=10,"TRANSITA","N/TRANSITA") -> N/TRANSITA | L56: 10 | M56: 5 | Q56: =AVERAGE(L56,MAX(M56:N56),MAX(O56:P56)) -> 5 | R56: =IF(Q56>=10,"TRANSITA","N/TRANSITA") -> N/TRANSITA | X56: =AVERAGE(S56,MAX(T56:U56),MAX(V56:W56)) -> 0 | Y56: =SUM(J56,Q56,X56)/3 -> 2.4166667 | Z56: =IF(Y56>=10,"TRANSITA","N/TRANSITA") -> N/TRANSITA
B57: 49 | C57: Rosangela Andreia Pedro Brás Tati | E57: 14 | F57: 18 | H57: 13.5 | J57: =AVERAGE(E57,MAX(F57:G57),MAX(H57:I57)) -> 15.166667 | K57: =IF(J57>=10,"TRANSITA","N/TRANSITA") -> TRANSITA | L57: 10 | M57: 7 | O57: 13.5 | Q57: =AVERAGE(L57,MAX(M57:N57),MAX(O57:P57)) -> 10.166667 | R57: =IF(Q57>=10,"TRANSITA","N/TRANSITA") -> TRANSITA | X57: =AVERAGE(S57,MAX(T57:U57),MAX(V57:W57)) -> 0 | Y57: =SUM(J57,Q57,X57)/3 -> 8.4444444 | Z57: =IF(Y57>=10,"TRANSITA","N/TRANSITA") -> N/TRANSITA
B58: 50 | C58: Simélia Milando Pungui | J58: =AVERAGE(E58,MAX(F58:G58),MAX(H58:I58)) -> 0 | K58: =IF(J58>=10,"TRANSITA","N/TRANSITA") -> N/TRANSITA | Q58: =AVERAGE(L58,MAX(M58:N58),MAX(O58:P58)) -> 0 | R58: =IF(Q58>=10,"TRANSITA","N/TRANSITA") -> N/TRANSITA | X58: =AVERAGE(S58,MAX(T58:U58),MAX(V58:W58)) -> 0 | Y58: =SUM(J58,Q58,X58)/3 -> 0 | Z58: =IF(Y58>=10,"TRANSITA","N/TRANSITA") -> N/TRANSITA
B59: 51 | C59: Teresa Ndonda Costa | E59: 13 | F59: 9 | H59: 9 | J59: =AVERAGE(E59,MAX(F59:G59),MAX(H59:I59)) -> 10.333333 | K59: =IF(J59>=10,"TRANSITA","N/TRANSITA") -> TRANSITA | L59: 10 | M59: 6 | O59: 3 | Q59: =AVERAGE(L59,MAX(M59:N59),MAX(O59:P59)) -> 6.3333333 | R59: =IF(Q59>=10,"TRANSITA","N/TRANSITA") -> N/TRANSITA | X59: =AVERAGE(S59,MAX(T59:U59),MAX(V59:W59)) -> 0 | Y59: =SUM(J59,Q59,X59)/3 -> 5.5555556 | Z59: =IF(Y59>=10,"TRANSITA","N/TRANSITA") -> N/TRANSITA
B60: 52 | C60: Teresa Tchiânica Londa Futi | E60: 15 | F60: 13.5 | H60: 9 | J60: =AVERAGE(E60,MAX(F60:G60),MAX(H60:I60)) -> 12.5 | K60: =IF(J60>=10,"TRANSITA","N/TRANSITA") -> TRANSITA | L60: 10 | M60: 5.5 | O60: 3 | Q60: =AVERAGE(L60,MAX(M60:N60),MAX(O60:P60)) -> 6.1666667 | R60: =IF(Q60>=10,"TRANSITA","N/TRANSITA") -> N/TRANSITA | X60: =AVERAGE(S60,MAX(T60:U60),MAX(V60:W60)) -> 0 | Y60: =SUM(J60,Q60,X60)/3 -> 6.2222222 | Z60: =IF(Y60>=10,"TRANSITA","N/TRANSITA") -> N/TRANSITA
B61: 53 | C61: Tiago Nguala Puna Vela | E61: 14 | F61: 10 | H61: 12 | J61: =AVERAGE(E61,MAX(F61:G61),MAX(H61:I61)) -> 12 | K61: =IF(J61>=10,"TRANSITA","N/TRANSITA") -> TRANSITA | L61: 10 | M61: 10 | O61: 8 | Q61: =AVERAGE(L61,MAX(M61:N61),MAX(O61:P61)) -> 9.3333333 | R61: =IF(Q61>=10,"TRANSITA","N/TRANSITA") -> N/TRANSITA | X61: =AVERAGE(S61,MAX(T61:U61),MAX(V61:W61)) -> 0 | Y61: =SUM(J61,Q61,X61)/3 -> 7.1111111 | Z61: =IF(Y61>=10,"TRANSITA","N/TRANSITA") -> N/TRANSITA
B62: 54 | C62: Virgínia Béua Bachi | E62: 15 | F62: 11 | J62: =AVERAGE(E62,MAX(F62:G62),MAX(H62:I62)) -> 8.6666667 | K62: =IF(J62>=10,"TRANSITA","N/TRANSITA") -> N/TRANSITA | L62: 10 | M62: 8 | O62: 6.5 | Q62: =AVERAGE(L62,MAX(M62:N62),MAX(O62:P62)) -> 8.1666667 | R62: =IF(Q62>=10,"TRANSITA","N/TRANSITA") -> N/TRANSITA | X62: =AVERAGE(S62,MAX(T62:U62),MAX(V62:W62)) -> 0 | Y62: =SUM(J62,Q62,X62)/3 -> 5.6111111 | Z62: =IF(Y62>=10,"TRANSITA","N/TRANSITA") -> N/TRANSITA
B63: 55 | C63: Zacarias Bungo Nguimbi | E63: 13.5 | F63: 14.5 | H63: 6.5 | J63: =AVERAGE(E63,MAX(F63:G63),MAX(H63:I63)) -> 11.5 | K63: =IF(J63>=10,"TRANSITA","N/TRANSITA") -> TRANSITA | L63: 10 | M63: 9.5 | O63: 9.5 | Q63: =AVERAGE(L63,MAX(M63:N63),MAX(O63:P63)) -> 9.6666667 | R63: =IF(Q63>=10,"TRANSITA","N/TRANSITA") -> N/TRANSITA | X63: =AVERAGE(S63,MAX(T63:U63),MAX(V63:W63)) -> 0 | Y63: =SUM(J63,Q63,X63)/3 -> 7.0555556 | Z63: =IF(Y63>=10,"TRANSITA","N/TRANSITA") -> N/TRANSITA
A66: O (A) Professor (a) | S66: O Subdirector Pedagógico
A67: _______________________________ | S67: ___________________________
S68: ALBERTO SASSA TATI

Sheet 11CL-FAR-MAT
A1: INSTITUTO TÉCNICP PRIVADO DE SAÚDE JOMORAIS
I3: DATA: 12/12/2025
B4: Classe: 11ª | I4: Disciplina: Matemática | V4: Ano Lectivo:2025/2026
B5: Período: Vespertino | I5: Turma: Única | X5: Curso: FARMÁCIA
B6: MINI-PAUTA - TÉCNICO DE SAÚDE
B7: Nº | C7: Nome do (a) Aluno (a) | D7: FALTAS | E7: Avaliações/I Trimestre | K7: OBS | L7: Avaliações/II Trimestre | R7: OBS | S7: Avaliações/IIITrimestre | Y7: MFD | Z7: OBS | AA7: M | AB7: F | AC7: TRANSITA | AD7: N/TRANSITA | AE7: E.E.F
D8: J/I | E8: MAC | F8: NPP | G8: NPR1 | H8: NPT | I8: NPR2 | J8: MT1 | L8: MAC | M8: NPP | N8: NPR1 | O8: NPT | P8: NPR2 | Q8: MT2 | S8: MAC | T8: NPP | U8: NPR1 | V8: NPT | W8: NPR2 | X8: MT3 | AA8: =COUNTIF(Z9:Z69,"M") -> 0 | AB8: =COUNTIF(Z9:Z69,"F") -> 0 | AC8: =COUNTIF(Z9:Z69,"TRANSITA") -> 5 | AD8: =COUNTIF(Z9:Z69,"N/TRANSITA") -> 50 | AE8: =COUNTIF(Z9:Z69,"E.E.F") -> 0
B9: 1 | C9: Alice Cungi Alfredo | E9: 8 | F9: 2 | H9: 10 | J9: =AVERAGE(E9,MAX(F9:G9),MAX(H9:I9)) -> 6.6666667 | K9: =IF(J9>=10,"TRANSITA","N/TRANSITA") -> N/TRANSITA | L9: 12 | M9: 6 | O9: 2 | Q9: =AVERAGE(L9,MAX(M9:N9),MAX(O9:P9)) -> 6.6666667 | R9: =IF(Q9>=10,"TRANSITA","N/TRANSITA") -> N/TRANSITA | X9: =AVERAGE(S9,MAX(T9:U9),MAX(V9:W9)) -> 0 | Y9: =SUM(J9,Q9,X9)/3 -> 4.4444444 | Z9: =IF(Y9>=10,"TRANSITA","N/TRANSITA") -> N/TRANSITA
B10: 2 | C10: Amélia Mauricio Macaia | E10: 12 | F10: 10.5 | H10: 1 | J10: =AVERAGE(E10,MAX(F10:G10),MAX(H10:I10)) -> 7.8333333 | K10: =IF(J10>=10,"TRANSITA","N/TRANSITA") -> N/TRANSITA | L10: 13 | M10: 5 | O10: 6.5 | Q10: =AVERAGE(L10,MAX(M10:N10),MAX(O10:P10)) -> 8.1666667 | R10: =IF(Q10>=10,"TRANSITA","N/TRANSITA") -> N/TRANSITA | X10: =AVERAGE(S10,MAX(T10:U10),MAX(V10:W10)) -> 0 | Y10: =SUM(J10,Q10,X10)/3 -> 5.3333333 | Z10: =IF(Y10>=10,"TRANSITA","N/TRANSITA") -> N/TRANSITA | AA10: =SUM(AA8:AB9) -> 0
B11: 3 | C11: Angelina Umba Esperança Luyeye | E11: 16 | F11: 18.5 | H11: 3 | J11: =AVERAGE(E11,MAX(F11:G11),MAX(H11:I11)) -> 12.5 | K11: =IF(J11>=10,"TRANSITA","N/TRANSITA") -> TRANSITA | L11: 13 | M11: 8 | O11: 2 | Q11: =AVERAGE(L11,MAX(M11:N11),MAX(O11:P11)) -> 7.6666667 | R11: =IF(Q11>=10,"TRANSITA","N/TRANSITA") -> N/TRANSITA | X11: =AVERAGE(S11,MAX(T11:U11),MAX(V11:W11)) -> 0 | Y11: =SUM(J11,Q11,X11)/3 -> 6.7222222 | Z11: =IF(Y11>=10,"TRANSITA","N/TRANSITA") -> N/TRANSITA
B12: 4 | C12: Armindo Maciala Mendes | E12: 20 | F12: 20 | H12: 20 | J12: =AVERAGE(E12,MAX(F12:G12),MAX(H12:I12)) -> 20 | K12: =IF(J12>=10,"TRANSITA","N/TRANSITA") -> TRANSITA | L12: 20 | M12: 10 | O12: 15 | Q12: =AVERAGE(L12,MAX(M12:N12),MAX(O12:P12)) -> 15 | R12: =IF(Q12>=10,"TRANSITA","N/TRANSITA") -> TRANSITA | X12: =AVERAGE(S12,MAX(T12:U12),MAX(V12:W12)) -> 0 | Y12: =SUM(J12,Q12,X12)/3 -> 11.666667 | Z12: =IF(Y12>=10,"TRANSITA","N/TRANSITA") -> TRANSITA
B13: 5 | C13: Beatriz Lelo Nombo | E13: 10 | H13: 8 | J13: =AVERAGE(E13,MAX(F13:G13),MAX(H13:I13)) -> 6 | K13: =IF(J13>=10,"TRANSITA","N/TRANSITA") -> N/TRANSITA | L13: 15 | M13: 15 | O13: 10 | Q13: =AVERAGE(L13,MAX(M13:N13),MAX(O13:P13)) -> 13.333333 | R13: =IF(Q13>=10,"TRANSITA","N/TRANSITA") -> TRANSITA | X13: =AVERAGE(S13,MAX(T13:U13),MAX(V13:W13)) -> 0 | Y13: =SUM(J13,Q13,X13)/3 -> 6.4444444 | Z13: =IF(Y13>=10,"TRANSITA","N/TRANSITA") -> N/TRANSITA
B14: 6 | C14: Carolina Zuzi Nhimi | E14: 16 | F14: 19 | H14: 5 | J14: =AVERAGE(E14,MAX(F14:G14),MAX(H14:I14)) -> 13.333333 | K14: =IF(J14>=10,"TRANSITA","N/TRANSITA") -> TRANSITA | L14: 14 | M14: 5 | O14: 11.5 | Q14: =AVERAGE(L14,MAX(M14:N14),MAX(O14:P14)) -> 10.166667 | R14: =IF(Q14>=10,"TRANSITA","N/TRANSITA") -> TRANSITA | X14: =AVERAGE(S14,MAX(T14:U14),MAX(V14:W14)) -> 0 | Y14: =SUM(J14,Q14,X14)/3 -> 7.8333333 | Z14: =IF(Y14>=10,"TRANSITA","N/TRANSITA") -> N/TRANSITA
B15: 7 | C15: Catarina Simba Buela | E15: 18 | F15: 19 | H15: 16 | J15: =AVERAGE(E15,MAX(F15:G15),MAX(H15:I15)) -> 17.666667 | K15: =IF(J15>=10,"TRANSITA","N/TRANSITA") -> TRANSITA | L15: 12 | M15: 8 | O15: 2 | Q15: =AVERAGE(L15,MAX(M15:N15),MAX(O15:P15)) -> 7.3333333 | R15: =IF(Q15>=10,"TRANSITA","N/TRANSITA") -> N/TRANSITA | X15: =AVERAGE(S15,MAX(T15:U15),MAX(V15:W15)) -> 0 | Y15: =SUM(J15,Q15,X15)/3 -> 8.3333333 | Z15: =IF(Y15>=10,"TRANSITA","N/TRANSITA") -> N/TRANSITA
B16: 8 | C16: Cecília Suami Lando Massiala | E16: 12 | F16: 2 | H16: 10 | J16: =AVERAGE(E16,MAX(F16:G16),MAX(H16:I16)) -> 8 | K16: =IF(J16>=10,"TRANSITA","N/TRANSITA") -> N/TRANSITA | L16: 13 | M16: 7 | O16: 2 | Q16: =AVERAGE(L16,MAX(M16:N16),MAX(O16:P16)) -> 7.3333333 | R16: =IF(Q16>=10,"TRANSITA","N/TRANSITA") -> N/TRANSITA | X16: =AVERAGE(S16,MAX(T16:U16),MAX(V16:W16)) -> 0 | Y16: =SUM(J16,Q16,X16)/3 -> 5.1111111 | Z16: =IF(Y16>=10,"TRANSITA","N/TRANSITA") -> N/TRANSITA
B17: 9 | C17: Clara Sungo Buati Chiânica | E17: 18 | F17: 18 | H17: 15 | J17: =AVERAGE(E17,MAX(F17:G17),MAX(H17:I17)) -> 17 | K17: =IF(J17>=10,"TRANSITA","N/TRANSITA") -> TRANSITA | L17: 14 | M17: 6 | O17: 5 | Q17: =AVERAGE(L17,MAX(M17:N17),MAX(O17:P17)) -> 8.3333333 | R17: =IF(Q17>=10,"TRANSITA","N/TRANSITA") -> N/TRANSITA | X17: =AVERAGE(S17,MAX(T17:U17),MAX(V17:W17)) -> 0 | Y17: =SUM(J17,Q17,X17)/3 -> 8.4444444 | Z17: =IF(Y17>=10,"TRANSITA","N/TRANSITA") -> N/TRANSITA
B18: 10 | C18: Clementina Paca V. Guimbi | E18: 14 | F18: 5.5 | H18: 6.5 | J18: =AVERAGE(E18,MAX(F18:G18),MAX(H18:I18)) -> 8.6666667 | K18: =IF(J18>=10,"TRANSITA","N/TRANSITA") -> N/TRANSITA | L18: 12 | M18: 5 | O18: 2 | Q18: =AVERAGE(L18,MAX(M18:N18),MAX(O18:P18)) -> 6.3333333 | R18: =IF(Q18>=10,"TRANSITA","N/TRANSITA") -> N/TRANSITA | X18: =AVERAGE(S18,MAX(T18:U18),MAX(V18:W18)) -> 0 | Y18: =SUM(J18,Q18,X18)/3 -> 5 | Z18: =IF(Y18>=10,"TRANSITA","N/TRANSITA") -> N/TRANSITA
B19: 11 | C19: Cleúsia Da Conceição Mboco Kilombo | E19: 12 | F19: 9 | H19: 2 | J19: =AVERAGE(E19,MAX(F19:G19),MAX(H19:I19)) -> 7.6666667 | K19: =IF(J19>=10,"TRANSITA","N/TRANSITA") -> N/TRANSITA | L19: 13 | M19: 7 | O19: 3.5 | Q19: =AVERAGE(L19,MAX(M19:N19),MAX(O19:P19)) -> 7.8333333 | R19: =IF(Q19>=10,"TRANSITA","N/TRANSITA") -> N/TRANSITA | X19: =AVERAGE(S19,MAX(T19:U19),MAX(V19:W19)) -> 0 | Y19: =SUM(J19,Q19,X19)/3 -> 5.1666667 | Z19: =IF(Y19>=10,"TRANSITA","N/TRANSITA") -> N/TRANSITA
B20: 12 | C20: Damália Isaias Bumba | E20: 16 | F20: 18 | H20: 10.5 | J20: =AVERAGE(E20,MAX(F20:G20),MAX(H20:I20)) -> 14.833333 | K20: =IF(J20>=10,"TRANSITA","N/TRANSITA") -> TRANSITA | L20: 13 | M20: 8 | O20: 2 | Q20: =AVERAGE(L20,MAX(M20:N20),MAX(O20:P20)) -> 7.6666667 | R20: =IF(Q20>=10,"TRANSITA","N/TRANSITA") -> N/TRANSITA | X20: =AVERAGE(S20,MAX(T20:U20),MAX(V20:W20)) -> 0 | Y20: =SUM(J20,Q20,X20)/3 -> 7.5 | Z20: =IF(Y20>=10,"TRANSITA","N/TRANSITA") -> N/TRANSITA
B21: 13 | C21: Divina Pemba Dembe | E21: 16 | F21: 19.5 | H21: 8.5 | J21: =AVERAGE(E21,MAX(F21:G21),MAX(H21:I21)) -> 14.666667 | K21: =IF(J21>=10,"TRANSITA","N/TRANSITA") -> TRANSITA | L21: 12 | M21: 8 | O21: 5 | Q21: =AVERAGE(L21,MAX(M21:N21),MAX(O21:P21)) -> 8.3333333 | R21: =IF(Q21>=10,"TRANSITA","N/TRANSITA") -> N/TRANSITA | X21: =AVERAGE(S21,MAX(T21:U21),MAX(V21:W21)) -> 0 | Y21: =SUM(J21,Q21,X21)/3 -> 7.6666667 | Z21: =IF(Y21>=10,"TRANSITA","N/TRANSITA") -> N/TRANSITA
B22: 14 | C22: Emíliana Pemba Baza Jonace | E22: 12 | F22: 6 | H22: 6 | J22: =AVERAGE(E22,MAX(F22:G22),MAX(H22:I22)) -> 8 | K22: =IF(J22>=10,"TRANSITA","N/TRANSITA") -> N/TRANSITA | L22: 13 | M22: 9 | O22: 5.5 | Q22: =AVERAGE(L22,MAX(M22:N22),MAX(O22:P22)) -> 9.1666667 | R22: =IF(Q22>=10,"TRANSITA","N/TRANSITA") -> N/TRANSITA | X22: =AVERAGE(S22,MAX(T22:U22),MAX(V22:W22)) -> 0 | Y22: =SUM(J22,Q22,X22)/3 -> 5.7222222 | Z22: =IF(Y22>=10,"TRANSITA","N/TRANSITA") -> N/TRANSITA
B23: 15 | C23: Esmênia Constância Pedro Mendes | E23: 16 | F23: 4 | H23: 10 | J23: =AVERAGE(E23,MAX(F23:G23),MAX(H23:I23)) -> 10 | K23: =IF(J23>=10,"TRANSITA","N/TRANSITA") -> TRANSITA | L23: 14 | M23: 7 | O23: 2 | Q23: =AVERAGE(L23,MAX(M23:N23),MAX(O23:P23)) -> 7.6666667 | R23: =IF(Q23>=10,"TRANSITA","N/TRANSITA") -> N/TRANSITA | X23: =AVERAGE(S23,MAX(T23:U23),MAX(V23:W23)) -> 0 | Y23: =SUM(J23,Q23,X23)/3 -> 5.8888889 | Z23: =IF(Y23>=10,"TRANSITA","N/TRANSITA") -> N/TRANSITA
B24: 16 | C24: Esperança Muanda | E24: 16 | F24: 12.5 | H24: 3 | J24: =AVERAGE(E24,MAX(F24:G24),MAX(H24:I24)) -> 10.5 | K24: =IF(J24>=10,"TRANSITA","N/TRANSITA") -> TRANSITA | L24: 15 | M24: 8 | O24: 3 | Q24: =AVERAGE(L24,MAX(M24:N24),MAX(O24:P24)) -> 8.6666667 | R24: =IF(Q24>=10,"TRANSITA","N/TRANSITA") -> N/TRANSITA | X24: =AVERAGE(S24,MAX(T24:U24),MAX(V24:W24)) -> 0 | Y24: =SUM(J24,Q24,X24)/3 -> 6.3888889 | Z24: =IF(Y24>=10,"TRANSITA","N/TRANSITA") -> N/TRANSITA
B25: 17 | C25: Esperança Velância Gomes | E25: 12 | F25: 3.5 | H25: 0 | J25: =AVERAGE(E25,MAX(F25:G25),MAX(H25:I25)) -> 5.1666667 | K25: =IF(J25>=10,"TRANSITA","N/TRANSITA") -> N/TRANSITA | L25: 14 | M25: 7.5 | O25: 8 | Q25: =AVERAGE(L25,MAX(M25:N25),MAX(O25:P25)) -> 9.8333333 | R25: =IF(Q25>=10,"TRANSITA","N/TRANSITA") -> N/TRANSITA | X25: =AVERAGE(S25,MAX(T25:U25),MAX(V25:W25)) -> 0 | Y25: =SUM(J25,Q25,X25)/3 -> 5 | Z25: =IF(Y25>=10,"TRANSITA","N/TRANSITA") -> N/TRANSITA
... B27: 19 | C27: Faustino Cardoso | E27: 15 | F27: 10 | H27: 11 | J27: =AVERAGE(E27,MAX(F27:G27),MAX(H27:I27)) -> 12 | K27: =IF(J27>=10,"TRANSITA","N/TRANSITA") -> TRANSITA | L27: 14 | M27: 7 | O27: 7 | Q27: =AVERAGE(L27,MAX(M27:N27),MAX(O27:P27)) -> 9.3333333 | R27: =IF(Q27>=10,"TRANSITA","N/TRANSITA") -> N/TRANSITA | X27: =AVERAGE(S27,MAX(T27:U27),MAX(V27:W27)) -> 0 | Y27: =SUM(J27,Q27,X27)/3 -> 7.1111111 | Z27: =IF(Y27>=10,"TRANSITA","N/TRANSITA") -> N/TRANSITA
B28: 20 | C28: Felicidade Buzi Guerra | E28: 14 | F28: 15 | H28: 2 | J28: =AVERAGE(E28,MAX(F28:G28),MAX(H28:I28)) -> 10.333333 | K28: =IF(J28>=10,"TRANSITA","N/TRANSITA") -> TRANSITA | Q28: =AVERAGE(L28,MAX(M28:N28),MAX(O28:P28)) -> 0 | R28: =IF(Q28>=10,"TRANSITA","N/TRANSITA") -> N/TRANSITA | X28: =AVERAGE(S28,MAX(T28:U28),MAX(V28:W28)) -> 0 | Y28: =SUM(J28,Q28,X28)/3 -> 3.4444444 | Z28: =IF(Y28>=10,"TRANSITA","N/TRANSITA") -> N/TRANSITA
B29: 21 | C29: Filipe Binjunga Futi | E29: 16 | F29: 19 | H29: 10 | J29: =AVERAGE(E29,MAX(F29:G29),MAX(H29:I29)) -> 15 | K29: =IF(J29>=10,"TRANSITA","N/TRANSITA") -> TRANSITA | L29: 12 | M29: 5 | O29: 2 | Q29: =AVERAGE(L29,MAX(M29:N29),MAX(O29:P29)) -> 6.3333333 | R29: =IF(Q29>=10,"TRANSITA","N/TRANSITA") -> N/TRANSITA | X29: =AVERAGE(S29,MAX(T29:U29),MAX(V29:W29)) -> 0 | Y29: =SUM(J29,Q29,X29)/3 -> 7.1111111 | Z29: =IF(Y29>=10,"TRANSITA","N/TRANSITA") -> N/TRANSITA
B30: 22 | C30: Graça Tucola Mavungo | E30: 20 | F30: 20 | H30: 18 | J30: =AVERAGE(E30,MAX(F30:G30),MAX(H30:I30)) -> 19.333333 | K30: =IF(J30>=10,"TRANSITA","N/TRANSITA") -> TRANSITA | L30: 13 | M30: 10 | O30: 9 | Q30: =AVERAGE(L30,MAX(M30:N30),MAX(O30:P30)) -> 10.666667 | R30: =IF(Q30>=10,"TRANSITA","N/TRANSITA") -> TRANSITA | X30: =AVERAGE(S30,MAX(T30:U30),MAX(V30:W30)) -> 0 | Y30: =SUM(J30,Q30,X30)/3 -> 10 | Z30: =IF(Y30>=10,"TRANSITA","N/TRANSITA") -> TRANSITA
B31: 23 | C31: Helena Ernestina Pemba Cole | J31: =AVERAGE(E31,MAX(F31:G31),MAX(H31:I31)) -> 0 | K31: =IF(J31>=10,"TRANSITA","N/TRANSITA") -> N/TRANSITA | L31: 12 | M31: 5 | O31: 3 | Q31: =AVERAGE(L31,MAX(M31:N31),MAX(O31:P31)) -> 6.6666667 | R31: =IF(Q31>=10,"TRANSITA","N/TRANSITA") -> N/TRANSITA | X31: =AVERAGE(S31,MAX(T31:U31),MAX(V31:W31)) -> 0 | Y31: =SUM(J31,Q31,X31)/3 -> 2.2222222 | Z31: =IF(Y31>=10,"TRANSITA","N/TRANSITA") -> N/TRANSITA
B32: 24 | C32: Imaculada Da Conceiãção Cungi Zau | E32: 14 | F32: 14 | J32: =AVERAGE(E32,MAX(F32:G32),MAX(H32:I32)) -> 9.3333333 | K32: =IF(J32>=10,"TRANSITA","N/TRANSITA") -> N/TRANSITA | L32: 13 | M32: 5 | O32: 4 | Q32: =AVERAGE(L32,MAX(M32:N32),MAX(O32:P32)) -> 7.3333333 | R32: =IF(Q32>=10,"TRANSITA","N/TRANSITA") -> N/TRANSITA | X32: =AVERAGE(S32,MAX(T32:U32),MAX(V32:W32)) -> 0 | Y32: =SUM(J32,Q32,X32)/3 -> 5.5555556 | Z32: =IF(Y32>=10,"TRANSITA","N/TRANSITA") -> N/TRANSITA
B33: 25 | C33: Isabel Buanga Lelo Mendes | E33: 16 | F33: 11 | H33: 3 | J33: =AVERAGE(E33,MAX(F33:G33),MAX(H33:I33)) -> 10 | K33: =IF(J33>=10,"TRANSITA","N/TRANSITA") -> TRANSITA | L33: 13 | M33: 10 | O33: 3 | Q33: =AVERAGE(L33,MAX(M33:N33),MAX(O33:P33)) -> 8.6666667 | R33: =IF(Q33>=10,"TRANSITA","N/TRANSITA") -> N/TRANSITA | X33: =AVERAGE(S33,MAX(T33:U33),MAX(V33:W33)) -> 0 | Y33: =SUM(J33,Q33,X33)/3 -> 6.2222222 | Z33: =IF(Y33>=10,"TRANSITA","N/TRANSITA") -> N/TRANSITA
B34: 26 | C34: Isabel Domingas Futi | E34: 15 | F34: 12 | H34: 13 | J34: =AVERAGE(E34,MAX(F34:G34),MAX(H34:I34)) -> 13.333333 | K34: =IF(J34>=10,"TRANSITA","N/TRANSITA") -> TRANSITA | L34: 20 | M34: 18 | O34: 17 | Q34: =AVERAGE(L34,MAX(M34:N34),MAX(O34:P34)) -> 18.333333 | R34: =IF(Q34>=10,"TRANSITA","N/TRANSITA") -> TRANSITA | X34: =AVERAGE(S34,MAX(T34:U34),MAX(V34:W34)) -> 0 | Y34: =SUM(J34,Q34,X34)/3 -> 10.555556 | Z34: =IF(Y34>=10,"TRANSITA","N/TRANSITA") -> TRANSITA
B35: 27 | C35: Joana Bizi Muanda Bungo | E35: 8 | H35: 5 | J35: =AVERAGE(E35,MAX(F35:G35),MAX(H35:I35)) -> 4.3333333 | K35: =IF(J35>=10,"TRANSITA","N/TRANSITA") -> N/TRANSITA | Q35: =AVERAGE(L35,MAX(M35:N35),MAX(O35:P35)) -> 0 | R35: =IF(Q35>=10,"TRANSITA","N/TRANSITA") -> N/TRANSITA | X35: =AVERAGE(S35,MAX(T35:U35),MAX(V35:W35)) -> 0 | Y35: =SUM(J35,Q35,X35)/3 -> 1.4444444 | Z35: =IF(Y35>=10,"TRANSITA","N/TRANSITA") -> N/TRANSITA
B36: 28 | C36: Jaquelina Malonda Muanda Mbumba | E36: 14 | F36: 5 | H36: 6 | J36: =AVERAGE(E36,MAX(F36:G36),MAX(H36:I36)) -> 8.3333333 | K36: =IF(J36>=10,"TRANSITA","N/TRANSITA") -> N/TRANSITA | L36: 15 | M36: 14.5 | O36: 2 | Q36: =AVERAGE(L36,MAX(M36:N36),MAX(O36:P36)) -> 10.5 | R36: =IF(Q36>=10,"TRANSITA","N/TRANSITA") -> TRANSITA | X36: =AVERAGE(S36,MAX(T36:U36),MAX(V36:W36)) -> 0 | Y36: =SUM(J36,Q36,X36)/3 -> 6.2777778 | Z36: =IF(Y36>=10,"TRANSITA","N/TRANSITA") -> N/TRANSITA
B37: 29 | C37: José Mavungo Dungi | E37: 16 | F37: 6 | H37: 9 | J37: =AVERAGE(E37,MAX(F37:G37),MAX(H37:I37)) -> 10.333333 | K37: =IF(J37>=10,"TRANSITA","N/TRANSITA") -> TRANSITA | L37: 15 | M37: 6 | O37: 11 | Q37: =AVERAGE(L37,MAX(M37:N37),MAX(O37:P37)) -> 10.666667 | R37: =IF(Q37>=10,"TRANSITA","N/TRANSITA") -> TRANSITA | X37: =AVERAGE(S37,MAX(T37:U37),MAX(V37:W37)) -> 0 | Y37: =SUM(J37,Q37,X37)/3 -> 7 | Z37: =IF(Y37>=10,"TRANSITA","N/TRANSITA") -> N/TRANSITA
B38: 30 | C38: Jose Nhimi Cesse | E38: 14 | F38: 7 | H38: 3 | J38: =AVERAGE(E38,MAX(F38:G38),MAX(H38:I38)) -> 8 | K38: =IF(J38>=10,"TRANSITA","N/TRANSITA") -> N/TRANSITA | L38: 13 | M38: 10 | O38: 3.5 | Q38: =AVERAGE(L38,MAX(M38:N38),MAX(O38:P38)) -> 8.8333333 | R38: =IF(Q38>=10,"TRANSITA","N/TRANSITA") -> N/TRANSITA | X38: =AVERAGE(S38,MAX(T38:U38),MAX(V38:W38)) -> 0 | Y38: =SUM(J38,Q38,X38)/3 -> 5.6111111 | Z38: =IF(Y38>=10,"TRANSITA","N/TRANSITA") -> N/TRANSITA
B39: 31 | C39: Josefina Milonge Poba Ndoqui | J39: =AVERAGE(E39,MAX(F39:G39),MAX(H39:I39)) -> 0 | K39: =IF(J39>=10,"TRANSITA","N/TRANSITA") -> N/TRANSITA | L39: 12 | M39: 7 | O39: 5 | Q39: =AVERAGE(L39,MAX(M39:N39),MAX(O39:P39)) -> 8 | R39: =IF(Q39>=10,"TRANSITA","N/TRANSITA") -> N/TRANSITA | X39: =AVERAGE(S39,MAX(T39:U39),MAX(V39:W39)) -> 0 | Y39: =SUM(J39,Q39,X39)/3 -> 2.6666667 | Z39: =IF(Y39>=10,"TRANSITA","N/TRANSITA") -> N/TRANSITA
B40: 32 | C40: Lídia Pemba Muel | J40: =AVERAGE(E40,MAX(F40:G40),MAX(H40:I40)) -> 0 | K40: =IF(J40>=10,"TRANSITA","N/TRANSITA") -> N/TRANSITA | L40: 10 | M40: 5 | O40: 2 | Q40: =AVERAGE(L40,MAX(M40:N40),MAX(O40:P40)) -> 5.6666667 | R40: =IF(Q40>=10,"TRANSITA","N/TRANSITA") -> N/TRANSITA | X40: =AVERAGE(S40,MAX(T40:U40),MAX(V40:W40)) -> 0 | Y40: =SUM(J40,Q40,X40)/3 -> 1.8888889 | Z40: =IF(Y40>=10,"TRANSITA","N/TRANSITA") -> N/TRANSITA
B41: 33 | C41: Lino Futi Dinis | E41: 18 | F41: 16.5 | H41: 14 | J41: =AVERAGE(E41,MAX(F41:G41),MAX(H41:I41)) -> 16.166667 | K41: =IF(J41>=10,"TRANSITA","N/TRANSITA") -> TRANSITA | L41: 12 | M41: 10.5 | O41: 7 | Q41: =AVERAGE(L41,MAX(M41:N41),MAX(O41:P41)) -> 9.8333333 | R41: =IF(Q41>=10,"TRANSITA","N/TRANSITA") -> N/TRANSITA | X41: =AVERAGE(S41,MAX(T41:U41),MAX(V41:W41)) -> 0 | Y41: =SUM(J41,Q41,X41)/3 -> 8.6666667 | Z41: =IF(Y41>=10,"TRANSITA","N/TRANSITA") -> N/TRANSITA
B42: 34 | C42: Lúcia Figueira Banza | E42: 16 | F42: 11 | H42: 16.5 | J42: =AVERAGE(E42,MAX(F42:G42),MAX(H42:I42)) -> 14.5 | K42: =IF(J42>=10,"TRANSITA","N/TRANSITA") -> TRANSITA | L42: 15 | M42: 10 | O42: 11 | Q42: =AVERAGE(L42,MAX(M42:N42),MAX(O42:P42)) -> 12 | R42: =IF(Q42>=10,"TRANSITA","N/TRANSITA") -> TRANSITA | X42: =AVERAGE(S42,MAX(T42:U42),MAX(V42:W42)) -> 0 | Y42: =SUM(J42,Q42,X42)/3 -> 8.8333333 | Z42: =IF(Y42>=10,"TRANSITA","N/TRANSITA") -> N/TRANSITA
B43: 35 | C43: Madalena Conde Tanzi | E43: 15 | F43: 12 | H43: 5 | J43: =AVERAGE(E43,MAX(F43:G43),MAX(H43:I43)) -> 10.666667 | K43: =IF(J43>=10,"TRANSITA","N/TRANSITA") -> TRANSITA | L43: 15 | M43: 18 | O43: 11 | Q43: =AVERAGE(L43,MAX(M43:N43),MAX(O43:P43)) -> 14.666667 | R43: =IF(Q43>=10,"TRANSITA","N/TRANSITA") -> TRANSITA | X43: =AVERAGE(S43,MAX(T43:U43),MAX(V43:W43)) -> 0 | Y43: =SUM(J43,Q43,X43)/3 -> 8.4444444 | Z43: =IF(Y43>=10,"TRANSITA","N/TRANSITA") -> N/TRANSITA
B44: 36 | C44: Maria Alexandrina Zau Futi | E44: 16 | F44: 19.5 | H44: 6 | J44: =AVERAGE(E44,MAX(F44:G44),MAX(H44:I44)) -> 13.833333 | K44: =IF(J44>=10,"TRANSITA","N/TRANSITA") -> TRANSITA | L44: 13 | M44: 8 | O44: 5 | Q44: =AVERAGE(L44,MAX(M44:N44),MAX(O44:P44)) -> 8.6666667 | R44: =IF(Q44>=10,"TRANSITA","N/TRANSITA") -> N/TRANSITA | X44: =AVERAGE(S44,MAX(T44:U44),MAX(V44:W44)) -> 0 | Y44: =SUM(J44,Q44,X44)/3 -> 7.5 | Z44: =IF(Y44>=10,"TRANSITA","N/TRANSITA") -> N/TRANSITA
B45: 37 | C45: Maria Celestina Sambo Celestino | E45: 18 | F45: 19 | H45: 12.5 | J45: =AVERAGE(E45,MAX(F45:G45),MAX(H45:I45)) -> 16.5 | K45: =IF(J45>=10,"TRANSITA","N/TRANSITA") -> TRANSITA | L45: 14 | M45: 5 | O45: 7 | Q45: =AVERAGE(L45,MAX(M45:N45),MAX(O45:P45)) -> 8.6666667 | R45: =IF(Q45>=10,"TRANSITA","N/TRANSITA") -> N/TRANSITA | X45: =AVERAGE(S45,MAX(T45:U45),MAX(V45:W45)) -> 0 | Y45: =SUM(J45,Q45,X45)/3 -> 8.3888889 | Z45: =IF(Y45>=10,"TRANSITA","N/TRANSITA") -> N/TRANSITA
B46: 38 | C46: Maria de Fátima Zau | J46: =AVERAGE(E46,MAX(F46:G46),MAX(H46:I46)) -> 0 | K46: =IF(J46>=10,"TRANSITA","N/TRANSITA") -> N/TRANSITA | L46: 12 | M46: 8 | O46: 2 | Q46: =AVERAGE(L46,MAX(M46:N46),MAX(O46:P46)) -> 7.3333333 | R46: =IF(Q46>=10,"TRANSITA","N/TRANSITA") -> N/TRANSITA | X46: =AVERAGE(S46,MAX(T46:U46),MAX(V46:W46)) -> 0 | Y46: =SUM(J46,Q46,X46)/3 -> 2.4444444 | Z46: =IF(Y46>=10,"TRANSITA","N/TRANSITA") -> N/TRANSITA
B47: 39 | C47: Maria Macaia | E47: 20 | F47: 20 | H47: 18 | J47: =AVERAGE(E47,MAX(F47:G47),MAX(H47:I47)) -> 19.333333 | K47: =IF(J47>=10,"TRANSITA","N/TRANSITA") -> TRANSITA | L47: 15 | M47: 10 | O47: 15 | Q47: =AVERAGE(L47,MAX(M47:N47),MAX(O47:P47)) -> 13.333333 | R47: =IF(Q47>=10,"TRANSITA","N/TRANSITA") -> TRANSITA | X47: =AVERAGE(S47,MAX(T47:U47),MAX(V47:W47)) -> 0 | Y47: =SUM(J47,Q47,X47)/3 -> 10.888889 | Z47: =IF(Y47>=10,"TRANSITA","N/TRANSITA") -> TRANSITA
B48: 40 | C48: Maria Madalena Mombo | E48: 18 | F48: 18 | H48: 8 | J48: =AVERAGE(E48,MAX(F48:G48),MAX(H48:I48)) -> 14.666667 | K48: =IF(J48>=10,"TRANSITA","N/TRANSITA") -> TRANSITA | L48: 12 | M48: 6 | O48: 2 | Q48: =AVERAGE(L48,MAX(M48:N48),MAX(O48:P48)) -> 6.6666667 | R48: =IF(Q48>=10,"TRANSITA","N/TRANSITA") -> N/TRANSITA | X48: =AVERAGE(S48,MAX(T48:U48),MAX(V48:W48)) -> 0 | Y48: =SUM(J48,Q48,X48)/3 -> 7.1111111 | Z48: =IF(Y48>=10,"TRANSITA","N/TRANSITA") -> N/TRANSITA
B49: 41 | C49: Maria Suami Bungo | J49: =AVERAGE(E49,MAX(F49:G49),MAX(H49:I49)) -> 0 | K49: =IF(J49>=10,"TRANSITA","N/TRANSITA") -> N/TRANSITA | Q49: =AVERAGE(L49,MAX(M49:N49),MAX(O49:P49)) -> 0 | R49: =IF(Q49>=10,"TRANSITA","N/TRANSITA") -> N/TRANSITA | X49: =AVERAGE(S49,MAX(T49:U49),MAX(V49:W49)) -> 0 | Y49: =SUM(J49,Q49,X49)/3 -> 0 | Z49: =IF(Y49>=10,"TRANSITA","N/TRANSITA") -> N/TRANSITA
B50: 42 | C50: Mateus Ndombe Muanda | E50: 16 | F50: 9 | H50: 6 | J50: =AVERAGE(E50,MAX(F50:G50),MAX(H50:I50)) -> 10.333333 | K50: =IF(J50>=10,"TRANSITA","N/TRANSITA") -> TRANSITA | L50: 13 | M50: 5 | O50: 3 | Q50: =AVERAGE(L50,MAX(M50:N50),MAX(O50:P50)) -> 7 | R50: =IF(Q50>=10,"TRANSITA","N/TRANSITA") -> N/TRANSITA | X50: =AVERAGE(S50,MAX(T50:U50),MAX(V50:W50)) -> 0 | Y50: =SUM(J50,Q50,X50)/3 -> 5.7777778 | Z50: =IF(Y50>=10,"TRANSITA","N/TRANSITA") -> N/TRANSITA
B51: 43 | C51: Miguel Luimba Soca | E51: 16 | F51: 12 | H51: 16.5 | J51: =AVERAGE(E51,MAX(F51:G51),MAX(H51:I51)) -> 14.833333 | K51: =IF(J51>=10,"TRANSITA","N/TRANSITA") -> TRANSITA | L51: 11 | M51: 5 | O51: 3 | Q51: =AVERAGE(L51,MAX(M51:N51),MAX(O51:P51)) -> 6.3333333 | R51: =IF(Q51>=10,"TRANSITA","N/TRANSITA") -> N/TRANSITA | X51: =AVERAGE(S51,MAX(T51:U51),MAX(V51:W51)) -> 0 | Y51: =SUM(J51,Q51,X51)/3 -> 7.0555556 | Z51: =IF(Y51>=10,"TRANSITA","N/TRANSITA") -> N/TRANSITA
B52: 44 | C52: Mónica Malonda Das Neves Zau | E52: 8 | F52: 0 | J52: =AVERAGE(E52,MAX(F52:G52),MAX(H52:I52)) -> 2.6666667 | K52: =IF(J52>=10,"TRANSITA","N/TRANSITA") -> N/TRANSITA | Q52: =AVERAGE(L52,MAX(M52:N52),MAX(O52:P52)) -> 0 | R52: =IF(Q52>=10,"TRANSITA","N/TRANSITA") -> N/TRANSITA | X52: =AVERAGE(S52,MAX(T52:U52),MAX(V52:W52)) -> 0 | Y52: =SUM(J52,Q52,X52)/3 -> 0.88888889 | Z52: =IF(Y52>=10,"TRANSITA","N/TRANSITA") -> N/TRANSITA
B53: 45 | C53: Ortáncia Luemba Pitra | J53: =AVERAGE(E53,MAX(F53:G53),MAX(H53:I53)) -> 0 | K53: =IF(J53>=10,"TRANSITA","N/TRANSITA") -> N/TRANSITA | Q53: =AVERAGE(L53,MAX(M53:N53),MAX(O53:P53)) -> 0 | R53: =IF(Q53>=10,"TRANSITA","N/TRANSITA") -> N/TRANSITA | X53: =AVERAGE(S53,MAX(T53:U53),MAX(V53:W53)) -> 0 | Y53: =SUM(J53,Q53,X53)/3 -> 0 | Z53: =IF(Y53>=10,"TRANSITA","N/TRANSITA") -> N/TRANSITA
B54: 46 | C54: Paulina Malonda Simba Panzo | J54: =AVERAGE(E54,MAX(F54:G54),MAX(H54:I54)) -> 0 | K54: =IF(J54>=10,"TRANSITA","N/TRANSITA") -> N/TRANSITA | L54: 12 | M54: 7 | O54: 2 | Q54: =AVERAGE(L54,MAX(M54:N54),MAX(O54:P54)) -> 7 | R54: =IF(Q54>=10,"TRANSITA","N/TRANSITA") -> N/TRANSITA | X54: =AVERAGE(S54,MAX(T54:U54),MAX(V54:W54)) -> 0 | Y54: =SUM(J54,Q54,X54)/3 -> 2.3333333 | Z54: =IF(Y54>=10,"TRANSITA","N/TRANSITA") -> N/TRANSITA
B55: 47 | C55: Paulo De Jesus Camango André | E55: 10 | F55: 6 | H55: 0 | J55: =AVERAGE(E55,MAX(F55:G55),MAX(H55:I55)) -> 5.3333333 | K55: =IF(J55>=10,"TRANSITA","N/TRANSITA") -> N/TRANSITA | L55: 14 | M55: 5 | O55: 3 | Q55: =AVERAGE(L55,MAX(M55:N55),MAX(O55:P55)) -> 7.3333333 | R55: =IF(Q55>=10,"TRANSITA","N/TRANSITA") -> N/TRANSITA | X55: =AVERAGE(S55,MAX(T55:U55),MAX(V55:W55)) -> 0 | Y55: =SUM(J55,Q55,X55)/3 -> 4.2222222 | Z55: =IF(Y55>=10,"TRANSITA","N/TRANSITA") -> N/TRANSITA
B56: 48 | C56: Perpétua Teresa Vuili Kilombo | E56: 12 | F56: 3.5 | H56: 8.5 | J56: =AVERAGE(E56,MAX(F56:G56),MAX(H56:I56)) -> 8 | K56: =IF(J56>=10,"TRANSITA","N/TRANSITA") -> N/TRANSITA | L56: 13 | M56: 7 | O56: 2 | Q56: =AVERAGE(L56,MAX(M56:N56),MAX(O56:P56)) -> 7.3333333 | R56: =IF(Q56>=10,"TRANSITA","N/TRANSITA") -> N/TRANSITA | X56: =AVERAGE(S56,MAX(T56:U56),MAX(V56:W56)) -> 0 | Y56: =SUM(J56,Q56,X56)/3 -> 5.1111111 | Z56: =IF(Y56>=10,"TRANSITA","N/TRANSITA") -> N/TRANSITA
B57: 49 | C57: Rosangela Andreia Pedro Brás Tati | E57: 15 | F57: 12 | H57: 8 | J57: =AVERAGE(E57,MAX(F57:G57),MAX(H57:I57)) -> 11.666667 | K57: =IF(J57>=10,"TRANSITA","N/TRANSITA") -> TRANSITA | L57: 18 | M57: 18 | O57: 13 | Q57: =AVERAGE(L57,MAX(M57:N57),MAX(O57:P57)) -> 16.333333 | R57: =IF(Q57>=10,"TRANSITA","N/TRANSITA") -> TRANSITA | X57: =AVERAGE(S57,MAX(T57:U57),MAX(V57:W57)) -> 0 | Y57: =SUM(J57,Q57,X57)/3 -> 9.3333333 | Z57: =IF(Y57>=10,"TRANSITA","N/TRANSITA") -> N/TRANSITA
B58: 50 | C58: Simélia Milando Pungui | J58: =AVERAGE(E58,MAX(F58:G58),MAX(H58:I58)) -> 0 | K58: =IF(J58>=10,"TRANSITA","N/TRANSITA") -> N/TRANSITA | Q58: =AVERAGE(L58,MAX(M58:N58),MAX(O58:P58)) -> 0 | R58: =IF(Q58>=10,"TRANSITA","N/TRANSITA") -> N/TRANSITA | X58: =AVERAGE(S58,MAX(T58:U58),MAX(V58:W58)) -> 0 | Y58: =SUM(J58,Q58,X58)/3 -> 0 | Z58: =IF(Y58>=10,"TRANSITA","N/TRANSITA") -> N/TRANSITA
B59: 51 | C59: Teresa Ndonda Costa | E59: 15 | F59: 4 | H59: 13 | J59: =AVERAGE(E59,MAX(F59:G59),MAX(H59:I59)) -> 10.666667 | K59: =IF(J59>=10,"TRANSITA","N/TRANSITA") -> TRANSITA | L59: 11 | M59: 5 | O59: 2 | Q59: =AVERAGE(L59,MAX(M59:N59),MAX(O59:P59)) -> 6 | R59: =IF(Q59>=10,"TRANSITA","N/TRANSITA") -> N/TRANSITA | X59: =AVERAGE(S59,MAX(T59:U59),MAX(V59:W59)) -> 0 | Y59: =SUM(J59,Q59,X59)/3 -> 5.5555556 | Z59: =IF(Y59>=10,"TRANSITA","N/TRANSITA") -> N/TRANSITA
B60: 52 | C60: Teresa Tchiânica Londa Futi | E60: 15 | F60: 18 | H60: 4 | J60: =AVERAGE(E60,MAX(F60:G60),MAX(H60:I60)) -> 12.333333 | K60: =IF(J60>=10,"TRANSITA","N/TRANSITA") -> TRANSITA | L60: 12 | M60: 7 | O60: 6.5 | Q60: =AVERAGE(L60,MAX(M60:N60),MAX(O60:P60)) -> 8.5 | R60: =IF(Q60>=10,"TRANSITA","N/TRANSITA") -> N/TRANSITA | X60: =AVERAGE(S60,MAX(T60:U60),MAX(V60:W60)) -> 0 | Y60: =SUM(J60,Q60,X60)/3 -> 6.9444444 | Z60: =IF(Y60>=10,"TRANSITA","N/TRANSITA") -> N/TRANSITA
B61: 53 | C61: Tiago Nguala Puna Vela | E61: 20 | F61: 19.5 | H61: 16 | J61: =AVERAGE(E61,MAX(F61:G61),MAX(H61:I61)) -> 18.5 | K61: =IF(J61>=10,"TRANSITA","N/TRANSITA") -> TRANSITA | L61: 18 | M61: 14 | O61: 15 | Q61: =AVERAGE(L61,MAX(M61:N61),MAX(O61:P61)) -> 15.666667 | R61: =IF(Q61>=10,"TRANSITA","N/TRANSITA") -> TRANSITA | X61: =AVERAGE(S61,MAX(T61:U61),MAX(V61:W61)) -> 0 | Y61: =SUM(J61,Q61,X61)/3 -> 11.388889 | Z61: =IF(Y61>=10,"TRANSITA","N/TRANSITA") -> TRANSITA
B62: 54 | C62: Virgínia Béua Bachi | E62: 14 | F62: 7.5 | H62: 1 | J62: =AVERAGE(E62,MAX(F62:G62),MAX(H62:I62)) -> 7.5 | K62: =IF(J62>=10,"TRANSITA","N/TRANSITA") -> N/TRANSITA | L62: 14 | M62: 8 | O62: 11 | Q62: =AVERAGE(L62,MAX(M62:N62),MAX(O62:P62)) -> 11 | R62: =IF(Q62>=10,"TRANSITA","N/TRANSITA") -> TRANSITA | X62: =AVERAGE(S62,MAX(T62:U62),MAX(V62:W62)) -> 0 | Y62: =SUM(J62,Q62,X62)/3 -> 6.1666667 | Z62: =IF(Y62>=10,"TRANSITA","N/TRANSITA") -> N/TRANSITA
B63: 55 | C63: Zacarias Bungo Nguimbi | E63: 15 | F63: 3 | H63: 15.5 | J63: =AVERAGE(E63,MAX(F63:G63),MAX(H63:I63)) -> 11.166667 | K63: =IF(J63>=10,"TRANSITA","N/TRANSITA") -> TRANSITA | L63: 12 | M63: 5 | O63: 3 | Q63: =AVERAGE(L63,MAX(M63:N63),MAX(O63:P63)) -> 6.6666667 | R63: =IF(Q63>=10,"TRANSITA","N/TRANSITA") -> N/TRANSITA | X63: =AVERAGE(S63,MAX(T63:U63),MAX(V63:W63)) -> 0 | Y63: =SUM(J63,Q63,X63)/3 -> 5.9444444 | Z63: =IF(Y63>=10,"TRANSITA","N/TRANSITA") -> N/TRANSITA
A66: O (A) Professor (a) | S66: O Subdirector Pedagógico
A67: _______________________________ | S67: ___________________________
S68: ALBERTO SASSA TATI

Sheet 11CL-FAR-BIOL
A1: INSTITUTO TÉCNICP PRIVADO DE SAÚDE JOMORAIS
I3: DATA: 12/12/2025
B4: Classe: 11ª | I4: Disciplina: Biologia | V4: Ano Lectivo:2025/2026
B5: Período: Vespertino | I5: Turma: Única | X5: Curso: FARMÁCIA
B6: MINI-PAUTA - TÉCNICO DE SAÚDE
B7: Nº | C7: Nome do (a) Aluno (a) | D7: FALTAS | E7: Avaliações/I Trimestre | K7: OBS | L7: Avaliações/II Trimestre | R7: OBS | S7: Avaliações/IIITrimestre | Y7: MFD | Z7: OBS | AA7: M | AB7: F | AC7: TRANSITA | AD7: N/TRANSITA | AE7: E.E.F
D8: J/I | E8: MAC | F8: NPP | G8: NPR1 | H8: NPT | I8: NPR2 | J8: MT1 | L8: MAC | M8: NPP | N8: NPR1 | O8: NPT | P8: NPR2 | Q8: MT2 | S8: MAC | T8: NPP | U8: NPR1 | V8: NPT | W8: NPR2 | X8: MT3 | AA8: =COUNTIF(Z9:Z69,"M") -> 0 | AB8: =COUNTIF(Z9:Z69,"F") -> 0 | AC8: =COUNTIF(Z9:Z69,"TRANSITA") -> 5 | AD8: =COUNTIF(Z9:Z69,"N/TRANSITA") -> 50 | AE8: =COUNTIF(Z9:Z69,"E.E.F") -> 0
B9: 1 | C9: Alice Cungi Alfredo | E9: 10 | F9: 1 | G9: 8 | H9: 17 | J9: =AVERAGE(E9,MAX(F9:G9),MAX(H9:I9)) -> 11.666667 | K9: =IF(J9>=10,"TRANSITA","N/TRANSITA") -> TRANSITA | L9: 10 | M9: 6 | O9: 6 | Q9: =AVERAGE(L9,MAX(M9:N9),MAX(O9:P9)) -> 7.3333333 | R9: =IF(Q9>=10,"TRANSITA","N/TRANSITA") -> N/TRANSITA | X9: =AVERAGE(S9,MAX(T9:U9),MAX(V9:W9)) -> 0 | Y9: =SUM(J9,Q9,X9)/3 -> 6.3333333 | Z9: =IF(Y9>=10,"TRANSITA","N/TRANSITA") -> N/TRANSITA
B10: 2 | C10: Amélia Mauricio Macaia | E10: 12 | F10: 8 | H10: 15 | J10: =AVERAGE(E10,MAX(F10:G10),MAX(H10:I10)) -> 11.666667 | K10: =IF(J10>=10,"TRANSITA","N/TRANSITA") -> TRANSITA | L10: 11 | M10: 14 | O10: 14 | Q10: =AVERAGE(L10,MAX(M10:N10),MAX(O10:P10)) -> 13 | R10: =IF(Q10>=10,"TRANSITA","N/TRANSITA") -> TRANSITA | X10: =AVERAGE(S10,MAX(T10:U10),MAX(V10:W10)) -> 0 | Y10: =SUM(J10,Q10,X10)/3 -> 8.2222222 | Z10: =IF(Y10>=10,"TRANSITA","N/TRANSITA") -> N/TRANSITA | AA10: =SUM(AA8:AB9) -> 0
B11: 3 | C11: Angelina Umba Esperança Luyeye | E11: 13 | F11: 7 | H11: 11 | J11: =AVERAGE(E11,MAX(F11:G11),MAX(H11:I11)) -> 10.333333 | K11: =IF(J11>=10,"TRANSITA","N/TRANSITA") -> TRANSITA | L11: 12 | M11: 9 | O11: 11 | Q11: =AVERAGE(L11,MAX(M11:N11),MAX(O11:P11)) -> 10.666667 | R11: =IF(Q11>=10,"TRANSITA","N/TRANSITA") -> TRANSITA | X11: =AVERAGE(S11,MAX(T11:U11),MAX(V11:W11)) -> 0 | Y11: =SUM(J11,Q11,X11)/3 -> 7 | Z11: =IF(Y11>=10,"TRANSITA","N/TRANSITA") -> N/TRANSITA
B12: 4 | C12: Armindo Maciala Mendes | E12: 18 | F12: 17 | H12: 17 | J12: =AVERAGE(E12,MAX(F12:G12),MAX(H12:I12)) -> 17.333333 | K12: =IF(J12>=10,"TRANSITA","N/TRANSITA") -> TRANSITA | L12: 15 | M12: 12 | O12: 17 | Q12: =AVERAGE(L12,MAX(M12:N12),MAX(O12:P12)) -> 14.666667 | R12: =IF(Q12>=10,"TRANSITA","N/TRANSITA") -> TRANSITA | X12: =AVERAGE(S12,MAX(T12:U12),MAX(V12:W12)) -> 0 | Y12: =SUM(J12,Q12,X12)/3 -> 10.666667 | Z12: =IF(Y12>=10,"TRANSITA","N/TRANSITA") -> TRANSITA
B13: 5 | C13: Beatriz Lelo Nombo | E13: 16 | F13: 13 | H13: 17 | J13: =AVERAGE(E13,MAX(F13:G13),MAX(H13:I13)) -> 15.333333 | K13: =IF(J13>=10,"TRANSITA","N/TRANSITA") -> TRANSITA | L13: 13 | M13: 18 | O13: 17 | Q13: =AVERAGE(L13,MAX(M13:N13),MAX(O13:P13)) -> 16 | R13: =IF(Q13>=10,"TRANSITA","N/TRANSITA") -> TRANSITA | X13: =AVERAGE(S13,MAX(T13:U13),MAX(V13:W13)) -> 0 | Y13: =SUM(J13,Q13,X13)/3 -> 10.444444 | Z13: =IF(Y13>=10,"TRANSITA","N/TRANSITA") -> TRANSITA
B14: 6 | C14: Carolina Zuzi Nhimi | E14: 10 | F14: 4 | G14: 5 | H14: 10 | J14: =AVERAGE(E14,MAX(F14:G14),MAX(H14:I14)) -> 8.3333333 | K14: =IF(J14>=10,"TRANSITA","N/TRANSITA") -> N/TRANSITA | L14: 16 | M14: 5 | O14: 10 | Q14: =AVERAGE(L14,MAX(M14:N14),MAX(O14:P14)) -> 10.333333 | R14: =IF(Q14>=10,"TRANSITA","N/TRANSITA") -> TRANSITA | X14: =AVERAGE(S14,MAX(T14:U14),MAX(V14:W14)) -> 0 | Y14: =SUM(J14,Q14,X14)/3 -> 6.2222222 | Z14: =IF(Y14>=10,"TRANSITA","N/TRANSITA") -> N/TRANSITA
B15: 7 | C15: Catarina Simba Buela | E15: 10 | F15: 5 | G15: 14 | H15: 14 | J15: =AVERAGE(E15,MAX(F15:G15),MAX(H15:I15)) -> 12.666667 | K15: =IF(J15>=10,"TRANSITA","N/TRANSITA") -> TRANSITA | L15: 15 | M15: 6 | O15: 11 | Q15: =AVERAGE(L15,MAX(M15:N15),MAX(O15:P15)) -> 10.666667 | R15: =IF(Q15>=10,"TRANSITA","N/TRANSITA") -> TRANSITA | X15: =AVERAGE(S15,MAX(T15:U15),MAX(V15:W15)) -> 0 | Y15: =SUM(J15,Q15,X15)/3 -> 7.7777778 | Z15: =IF(Y15>=10,"TRANSITA","N/TRANSITA") -> N/TRANSITA
B16: 8 | C16: Cecília Suami Lando Massiala | E16: 10 | F16: 5 | H16: 12 | J16: =AVERAGE(E16,MAX(F16:G16),MAX(H16:I16)) -> 9 | K16: =IF(J16>=10,"TRANSITA","N/TRANSITA") -> N/TRANSITA | L16: 12 | M16: 8 | O16: 3 | Q16: =AVERAGE(L16,MAX(M16:N16),MAX(O16:P16)) -> 7.6666667 | R16: =IF(Q16>=10,"TRANSITA","N/TRANSITA") -> N/TRANSITA | X16: =AVERAGE(S16,MAX(T16:U16),MAX(V16:W16)) -> 0 | Y16: =SUM(J16,Q16,X16)/3 -> 5.5555556 | Z16: =IF(Y16>=10,"TRANSITA","N/TRANSITA") -> N/TRANSITA
B17: 9 | C17: Clara Sungo Buati Chiânica | E17: 12 | F17: 9 | H17: 16 | J17: =AVERAGE(E17,MAX(F17:G17),MAX(H17:I17)) -> 12.333333 | K17: =IF(J17>=10,"TRANSITA","N/TRANSITA") -> TRANSITA | L17: 17 | M17: 9 | O17: 12 | Q17: =AVERAGE(L17,MAX(M17:N17),MAX(O17:P17)) -> 12.666667 | R17: =IF(Q17>=10,"TRANSITA","N/TRANSITA") -> TRANSITA | X17: =AVERAGE(S17,MAX(T17:U17),MAX(V17:W17)) -> 0 | Y17: =SUM(J17,Q17,X17)/3 -> 8.3333333 | Z17: =IF(Y17>=10,"TRANSITA","N/TRANSITA") -> N/TRANSITA
B18: 10 | C18: Clementina Paca V. Guimbi | E18: 13 | F18: 4 | H18: 14 | J18: =AVERAGE(E18,MAX(F18:G18),MAX(H18:I18)) -> 10.333333 | K18: =IF(J18>=10,"TRANSITA","N/TRANSITA") -> TRANSITA | L18: 11 | M18: 12 | O18: 5 | Q18: =AVERAGE(L18,MAX(M18:N18),MAX(O18:P18)) -> 9.3333333 | R18: =IF(Q18>=10,"TRANSITA","N/TRANSITA") -> N/TRANSITA | X18: =AVERAGE(S18,MAX(T18:U18),MAX(V18:W18)) -> 0 | Y18: =SUM(J18,Q18,X18)/3 -> 6.5555556 | Z18: =IF(Y18>=10,"TRANSITA","N/TRANSITA") -> N/TRANSITA
B19: 11 | C19: Cleúsia Da Conceição Mboco Kilombo | E19: 10 | F19: 9 | H19: 14 | J19: =AVERAGE(E19,MAX(F19:G19),MAX(H19:I19)) -> 11 | K19: =IF(J19>=10,"TRANSITA","N/TRANSITA") -> TRANSITA | L19: 10 | M19: 12 | O19: 10 | Q19: =AVERAGE(L19,MAX(M19:N19),MAX(O19:P19)) -> 10.666667 | R19: =IF(Q19>=10,"TRANSITA","N/TRANSITA") -> TRANSITA | X19: =AVERAGE(S19,MAX(T19:U19),MAX(V19:W19)) -> 0 | Y19: =SUM(J19,Q19,X19)/3 -> 7.2222222 | Z19: =IF(Y19>=10,"TRANSITA","N/TRANSITA") -> N/TRANSITA
B20: 12 | C20: Damália Isaias Bumba | E20: 12 | F20: 7 | H20: 10 | J20: =AVERAGE(E20,MAX(F20:G20),MAX(H20:I20)) -> 9.6666667 | K20: =IF(J20>=10,"TRANSITA","N/TRANSITA") -> N/TRANSITA | L20: 12 | M20: 11 | O20: 9 | Q20: =AVERAGE(L20,MAX(M20:N20),MAX(O20:P20)) -> 10.666667 | R20: =IF(Q20>=10,"TRANSITA","N/TRANSITA") -> TRANSITA | X20: =AVERAGE(S20,MAX(T20:U20),MAX(V20:W20)) -> 0 | Y20: =SUM(J20,Q20,X20)/3 -> 6.7777778 | Z20: =IF(Y20>=10,"TRANSITA","N/TRANSITA") -> N/TRANSITA
B21: 13 | C21: Divina Pemba Dembe | E21: 13 | F21: 7 | G21: 5 | H21: 11 | J21: =AVERAGE(E21,MAX(F21:G21),MAX(H21:I21)) -> 10.333333 | K21: =IF(J21>=10,"TRANSITA","N/TRANSITA") -> TRANSITA | L21: 15 | M21: 14 | O21: 12 | Q21: =AVERAGE(L21,MAX(M21:N21),MAX(O21:P21)) -> 13.666667 | R21: =IF(Q21>=10,"TRANSITA","N/TRANSITA") -> TRANSITA | X21: =AVERAGE(S21,MAX(T21:U21),MAX(V21:W21)) -> 0 | Y21: =SUM(J21,Q21,X21)/3 -> 8 | Z21: =IF(Y21>=10,"TRANSITA","N/TRANSITA") -> N/TRANSITA
B22: 14 | C22: Emíliana Pemba Baza Jonace | E22: 14 | F22: 10 | H22: 17 | J22: =AVERAGE(E22,MAX(F22:G22),MAX(H22:I22)) -> 13.666667 | K22: =IF(J22>=10,"TRANSITA","N/TRANSITA") -> TRANSITA | L22: 15 | M22: 11 | O22: 14 | Q22: =AVERAGE(L22,MAX(M22:N22),MAX(O22:P22)) -> 13.333333 | R22: =IF(Q22>=10,"TRANSITA","N/TRANSITA") -> TRANSITA | X22: =AVERAGE(S22,MAX(T22:U22),MAX(V22:W22)) -> 0 | Y22: =SUM(J22,Q22,X22)/3 -> 9 | Z22: =IF(Y22>=10,"TRANSITA","N/TRANSITA") -> N/TRANSITA
B23: 15 | C23: Esmênia Constância Pedro Mendes | E23: 11 | F23: 8 | H23: 14 | J23: =AVERAGE(E23,MAX(F23:G23),MAX(H23:I23)) -> 11 | K23: =IF(J23>=10,"TRANSITA","N/TRANSITA") -> TRANSITA | L23: 12 | M23: 11 | O23: 9 | Q23: =AVERAGE(L23,MAX(M23:N23),MAX(O23:P23)) -> 10.666667 | R23: =IF(Q23>=10,"TRANSITA","N/TRANSITA") -> TRANSITA | X23: =AVERAGE(S23,MAX(T23:U23),MAX(V23:W23)) -> 0 | Y23: =SUM(J23,Q23,X23)/3 -> 7.2222222 | Z23: =IF(Y23>=10,"TRANSITA","N/TRANSITA") -> N/TRANSITA
B24: 16 | C24: Esperança Muanda | E24: 12 | F24: 4 | H24: 12 | J24: =AVERAGE(E24,MAX(F24:G24),MAX(H24:I24)) -> 9.3333333 | K24: =IF(J24>=10,"TRANSITA","N/TRANSITA") -> N/TRANSITA | L24: 11 | M24: 10 | O24: 10 | Q24: =AVERAGE(L24,MAX(M24:N24),MAX(O24:P24)) -> 10.333333 | R24: =IF(Q24>=10,"TRANSITA","N/TRANSITA") -> TRANSITA | X24: =AVERAGE(S24,MAX(T24:U24),MAX(V24:W24)) -> 0 | Y24: =SUM(J24,Q24,X24)/3 -> 6.5555556 | Z24: =IF(Y24>=10,"TRANSITA","N/TRANSITA") -> N/TRANSITA
B25: 17 | C25: Esperança Velância Gomes | E25: 10 | F25: 5 | H25: 12 | J25: =AVERAGE(E25,MAX(F25:G25),MAX(H25:I25)) -> 9 | K25: =IF(J25>=10,"TRANSITA","N/TRANSITA") -> N/TRANSITA | L25: 10 | M25: 9 | O25: 11 | Q25: =AVERAGE(L25,MAX(M25:N25),MAX(O25:P25)) -> 10 | R25: =IF(Q25>=10,"TRANSITA","N/TRANSITA") -> TRANSITA | X25: =AVERAGE(S25,MAX(T25:U25),MAX(V25:W25)) -> 0 | Y25: =SUM(J25,Q25,X25)/3 -> 6.3333333 | Z25: =IF(Y25>=10,"TRANSITA","N/TRANSITA") -> N/TRANSITA
B26: 18 | C26: Eunice Domingas Umbar | E26: 15 | F26: 10 | H26: 11 | J26: =AVERAGE(E26,MAX(F26:G26),MAX(H26:I26)) -> 12 | K26: =IF(J26>=10,"TRANSITA","N/TRANSITA") -> TRANSITA | L26: 10 | M26: 5 | O26: 13 | Q26: =AVERAGE(L26,MAX(M26:N26),MAX(O26:P26)) -> 9.3333333 | R26: =IF(Q26>=10,"TRANSITA","N/TRANSITA") -> N/TRANSITA | X26: =AVERAGE(S26,MAX(T26:U26),MAX(V26:W26)) -> 0 | Y26: =SUM(J26,Q26,X26)/3 -> 7.1111111 | Z26: =IF(Y26>=10,"TRANSITA","N/TRANSITA") -> N/TRANSITA
B27: 19 | C27: Faustino Cardoso | E27: 10 | F27: 8 | H27: 13 | J27: =AVERAGE(E27,MAX(F27:G27),MAX(H27:I27)) -> 10.333333 | K27: =IF(J27>=10,"TRANSITA","N/TRANSITA") -> TRANSITA | L27: 10 | M27: 13 | O27: 12 | Q27: =AVERAGE(L27,MAX(M27:N27),MAX(O27:P27)) -> 11.666667 | R27: =IF(Q27>=10,"TRANSITA","N/TRANSITA") -> TRANSITA | X27: =AVERAGE(S27,MAX(T27:U27),MAX(V27:W27)) -> 0 | Y27: =SUM(J27,Q27,X27)/3 -> 7.3333333 | Z27: =IF(Y27>=10,"TRANSITA","N/TRANSITA") -> N/TRANSITA
B28: 20 | C28: Felicidade Buzi Guerra | E28: 10 | F28: 3 | H28: 10 | J28: =AVERAGE(E28,MAX(F28:G28),MAX(H28:I28)) -> 7.6666667 | K28: =IF(J28>=10,"TRANSITA","N/TRANSITA") -> N/TRANSITA | Q28: =AVERAGE(L28,MAX(M28:N28),MAX(O28:P28)) -> 0 | R28: =IF(Q28>=10,"TRANSITA","N/TRANSITA") -> N/TRANSITA | X28: =AVERAGE(S28,MAX(T28:U28),MAX(V28:W28)) -> 0 | Y28: =SUM(J28,Q28,X28)/3 -> 2.5555556 | Z28: =IF(Y28>=10,"TRANSITA","N/TRANSITA") -> N/TRANSITA
B29: 21 | C29: Filipe Binjunga Futi | E29: 13 | F29: 3 | H29: 15 | J29: =AVERAGE(E29,MAX(F29:G29),MAX(H29:I29)) -> 10.333333 | K29: =IF(J29>=10,"TRANSITA","N/TRANSITA") -> TRANSITA | L29: 10 | M29: 8 | O29: 10 | Q29: =AVERAGE(L29,MAX(M29:N29),MAX(O29:P29)) -> 9.3333333 | R29: =IF(Q29>=10,"TRANSITA","N/TRANSITA") -> N/TRANSITA | X29: =AVERAGE(S29,MAX(T29:U29),MAX(V29:W29)) -> 0 | Y29: =SUM(J29,Q29,X29)/3 -> 6.5555556 | Z29: =IF(Y29>=10,"TRANSITA","N/TRANSITA") -> N/TRANSITA
B30: 22 | C30: Graça Tucola Mavungo | E30: 10 | F30: 6 | H30: 14 | J30: =AVERAGE(E30,MAX(F30:G30),MAX(H30:I30)) -> 10 | K30: =IF(J30>=10,"TRANSITA","N/TRANSITA") -> TRANSITA | L30: 14 | M30: 11 | O30: 10 | Q30: =AVERAGE(L30,MAX(M30:N30),MAX(O30:P30)) -> 11.666667 | R30: =IF(Q30>=10,"TRANSITA","N/TRANSITA") -> TRANSITA | X30: =AVERAGE(S30,MAX(T30:U30),MAX(V30:W30)) -> 0 | Y30: =SUM(J30,Q30,X30)/3 -> 7.2222222 | Z30: =IF(Y30>=10,"TRANSITA","N/TRANSITA") -> N/TRANSITA
B31: 23 | C31: Helena Ernestina Pemba Cole | J31: =AVERAGE(E31,MAX(F31:G31),MAX(H31:I31)) -> 0 | K31: =IF(J31>=10,"TRANSITA","N/TRANSITA") -> N/TRANSITA | L31: 10 | M31: 7 | O31: 9 | Q31: =AVERAGE(L31,MAX(M31:N31),MAX(O31:P31)) -> 8.6666667 | R31: =IF(Q31>=10,"TRANSITA","N/TRANSITA") -> N/TRANSITA | X31: =AVERAGE(S31,MAX(T31:U31),MAX(V31:W31)) -> 0 | Y31: =SUM(J31,Q31,X31)/3 -> 2.8888889 | Z31: =IF(Y31>=10,"TRANSITA","N/TRANSITA") -> N/TRANSITA
B32: 24 | C32: Imaculada Da Conceiãção Cungi Zau | E32: 16 | F32: 4 | G32: 5 | H32: 15 | J32: =AVERAGE(E32,MAX(F32:G32),MAX(H32:I32)) -> 12 | K32: =IF(J32>=10,"TRANSITA","N/TRANSITA") -> TRANSITA | L32: 16 | M32: 10 | O32: 8 | Q32: =AVERAGE(L32,MAX(M32:N32),MAX(O32:P32)) -> 11.333333 | R32: =IF(Q32>=10,"TRANSITA","N/TRANSITA") -> TRANSITA | X32: =AVERAGE(S32,MAX(T32:U32),MAX(V32:W32)) -> 0 | Y32: =SUM(J32,Q32,X32)/3 -> 7.7777778 | Z32: =IF(Y32>=10,"TRANSITA","N/TRANSITA") -> N/TRANSITA
B33: 25 | C33: Isabel Buanga Lelo Mendes | E33: 16 | F33: 5 | H33: 12 | J33: =AVERAGE(E33,MAX(F33:G33),MAX(H33:I33)) -> 11 | K33: =IF(J33>=10,"TRANSITA","N/TRANSITA") -> TRANSITA | L33: 13 | M33: 13 | O33: 10 | Q33: =AVERAGE(L33,MAX(M33:N33),MAX(O33:P33)) -> 12 | R33: =IF(Q33>=10,"TRANSITA","N/TRANSITA") -> TRANSITA | X33: =AVERAGE(S33,MAX(T33:U33),MAX(V33:W33)) -> 0 | Y33: =SUM(J33,Q33,X33)/3 -> 7.6666667 | Z33: =IF(Y33>=10,"TRANSITA","N/TRANSITA") -> N/TRANSITA
B34: 26 | C34: Isabel Domingas Futi | E34: 16 | F34: 12 | H34: 20 | J34: =AVERAGE(E34,MAX(F34:G34),MAX(H34:I34)) -> 16 | K34: =IF(J34>=10,"TRANSITA","N/TRANSITA") -> TRANSITA | L34: 15 | M34: 17 | O34: 18 | Q34: =AVERAGE(L34,MAX(M34:N34),MAX(O34:P34)) -> 16.666667 | R34: =IF(Q34>=10,"TRANSITA","N/TRANSITA") -> TRANSITA | X34: =AVERAGE(S34,MAX(T34:U34),MAX(V34:W34)) -> 0 | Y34: =SUM(J34,Q34,X34)/3 -> 10.888889 | Z34: =IF(Y34>=10,"TRANSITA","N/TRANSITA") -> TRANSITA
B35: 27 | C35: Joana Bizi Muanda Bungo | E35: 10 | F35: 2 | H35: 9 | J35: =AVERAGE(E35,MAX(F35:G35),MAX(H35:I35)) -> 7 | K35: =IF(J35>=10,"TRANSITA","N/TRANSITA") -> N/TRANSITA | Q35: =AVERAGE(L35,MAX(M35:N35),MAX(O35:P35)) -> 0 | R35: =IF(Q35>=10,"TRANSITA","N/TRANSITA") -> N/TRANSITA | X35: =AVERAGE(S35,MAX(T35:U35),MAX(V35:W35)) -> 0 | Y35: =SUM(J35,Q35,X35)/3 -> 2.3333333 | Z35: =IF(Y35>=10,"TRANSITA","N/TRANSITA") -> N/TRANSITA
B36: 28 | C36: Jaquelina Malonda Muanda Mbumba | E36: 15 | F36: 5 | H36: 11 | J36: =AVERAGE(E36,MAX(F36:G36),MAX(H36:I36)) -> 10.333333 | K36: =IF(J36>=10,"TRANSITA","N/TRANSITA") -> TRANSITA | L36: 10 | M36: 12 | O36: 11 | Q36: =AVERAGE(L36,MAX(M36:N36),MAX(O36:P36)) -> 11 | R36: =IF(Q36>=10,"TRANSITA","N/TRANSITA") -> TRANSITA | X36: =AVERAGE(S36,MAX(T36:U36),MAX(V36:W36)) -> 0 | Y36: =SUM(J36,Q36,X36)/3 -> 7.1111111 | Z36: =IF(Y36>=10,"TRANSITA","N/TRANSITA") -> N/TRANSITA
B37: 29 | C37: José Mavungo Dungi | E37: 16 | F37: 13 | H37: 16 | J37: =AVERAGE(E37,MAX(F37:G37),MAX(H37:I37)) -> 15 | K37: =IF(J37>=10,"TRANSITA","N/TRANSITA") -> TRANSITA | L37: 9 | M37: 10 | O37: 8 | Q37: =AVERAGE(L37,MAX(M37:N37),MAX(O37:P37)) -> 9 | R37: =IF(Q37>=10,"TRANSITA","N/TRANSITA") -> N/TRANSITA | X37: =AVERAGE(S37,MAX(T37:U37),MAX(V37:W37)) -> 0 | Y37: =SUM(J37,Q37,X37)/3 -> 8 | Z37: =IF(Y37>=10,"TRANSITA","N/TRANSITA") -> N/TRANSITA
B38: 30 | C38: Jose Nhimi Cesse | E38: 13 | F38: 7 | G38: 3 | I38: 14 | J38: =AVERAGE(E38,MAX(F38:G38),MAX(H38:I38)) -> 11.333333 | K38: =IF(J38>=10,"TRANSITA","N/TRANSITA") -> TRANSITA | L38: 12 | M38: 9 | O38: 11 | Q38: =AVERAGE(L38,MAX(M38:N38),MAX(O38:P38)) -> 10.666667 | R38: =IF(Q38>=10,"TRANSITA","N/TRANSITA") -> TRANSITA | X38: =AVERAGE(S38,MAX(T38:U38),MAX(V38:W38)) -> 0 | Y38: =SUM(J38,Q38,X38)/3 -> 7.3333333 | Z38: =IF(Y38>=10,"TRANSITA","N/TRANSITA") -> N/TRANSITA
B39: 31 | C39: Josefina Milonge Poba Ndoqui | J39: =AVERAGE(E39,MAX(F39:G39),MAX(H39:I39)) -> 0 | K39: =IF(J39>=10,"TRANSITA","N/TRANSITA") -> N/TRANSITA | L39: 12 | M39: 15 | O39: 15 | Q39: =AVERAGE(L39,MAX(M39:N39),MAX(O39:P39)) -> 14 | R39: =IF(Q39>=10,"TRANSITA","N/TRANSITA") -> TRANSITA | X39: =AVERAGE(S39,MAX(T39:U39),MAX(V39:W39)) -> 0 | Y39: =SUM(J39,Q39,X39)/3 -> 4.6666667 | Z39: =IF(Y39>=10,"TRANSITA","N/TRANSITA") -> N/TRANSITA
B40: 32 | C40: Lídia Pemba Muel | J40: =AVERAGE(E40,MAX(F40:G40),MAX(H40:I40)) -> 0 | K40: =IF(J40>=10,"TRANSITA","N/TRANSITA") -> N/TRANSITA | L40: 16 | M40: 6 | O40: 12 | Q40: =AVERAGE(L40,MAX(M40:N40),MAX(O40:P40)) -> 11.333333 | R40: =IF(Q40>=10,"TRANSITA","N/TRANSITA") -> TRANSITA | X40: =AVERAGE(S40,MAX(T40:U40),MAX(V40:W40)) -> 0 | Y40: =SUM(J40,Q40,X40)/3 -> 3.7777778 | Z40: =IF(Y40>=10,"TRANSITA","N/TRANSITA") -> N/TRANSITA
B41: 33 | C41: Lino Futi Dinis | E41: 10 | F41: 6 | H41: 12 | J41: =AVERAGE(E41,MAX(F41:G41),MAX(H41:I41)) -> 9.3333333 | K41: =IF(J41>=10,"TRANSITA","N/TRANSITA") -> N/TRANSITA | L41: 10 | M41: 9 | O41: 9 | Q41: =AVERAGE(L41,MAX(M41:N41),MAX(O41:P41)) -> 9.3333333 | R41: =IF(Q41>=10,"TRANSITA","N/TRANSITA") -> N/TRANSITA | X41: =AVERAGE(S41,MAX(T41:U41),MAX(V41:W41)) -> 0 | Y41: =SUM(J41,Q41,X41)/3 -> 6.2222222 | Z41: =IF(Y41>=10,"TRANSITA","N/TRANSITA") -> N/TRANSITA
B42: 34 | C42: Lúcia Figueira Banza | E42: 16 | F42: 4 | H42: 9 | J42: =AVERAGE(E42,MAX(F42:G42),MAX(H42:I42)) -> 9.6666667 | K42: =IF(J42>=10,"TRANSITA","N/TRANSITA") -> N/TRANSITA | L42: 12 | M42: 12 | O42: 10 | Q42: =AVERAGE(L42,MAX(M42:N42),MAX(O42:P42)) -> 11.333333 | R42: =IF(Q42>=10,"TRANSITA","N/TRANSITA") -> TRANSITA | X42: =AVERAGE(S42,MAX(T42:U42),MAX(V42:W42)) -> 0 | Y42: =SUM(J42,Q42,X42)/3 -> 7 | Z42: =IF(Y42>=10,"TRANSITA","N/TRANSITA") -> N/TRANSITA
B43: 35 | C43: Madalena Conde Tanzi | E43: 15 | F43: 13 | H43: 14 | J43: =AVERAGE(E43,MAX(F43:G43),MAX(H43:I43)) -> 14 | K43: =IF(J43>=10,"TRANSITA","N/TRANSITA") -> TRANSITA | L43: 13 | M43: 18 | O43: 17 | Q43: =AVERAGE(L43,MAX(M43:N43),MAX(O43:P43)) -> 16 | R43: =IF(Q43>=10,"TRANSITA","N/TRANSITA") -> TRANSITA | X43: =AVERAGE(S43,MAX(T43:U43),MAX(V43:W43)) -> 0 | Y43: =SUM(J43,Q43,X43)/3 -> 10 | Z43: =IF(Y43>=10,"TRANSITA","N/TRANSITA") -> TRANSITA
B44: 36 | C44: Maria Alexandrina Zau Futi | E44: 12 | F44: 10 | H44: 9 | J44: =AVERAGE(E44,MAX(F44:G44),MAX(H44:I44)) -> 10.333333 | K44: =IF(J44>=10,"TRANSITA","N/TRANSITA") -> TRANSITA | L44: 10 | M44: 11 | O44: 14 | Q44: =AVERAGE(L44,MAX(M44:N44),MAX(O44:P44)) -> 11.666667 | R44: =IF(Q44>=10,"TRANSITA","N/TRANSITA") -> TRANSITA | X44: =AVERAGE(S44,MAX(T44:U44),MAX(V44:W44)) -> 0 | Y44: =SUM(J44,Q44,X44)/3 -> 7.3333333 | Z44: =IF(Y44>=10,"TRANSITA","N/TRANSITA") -> N/TRANSITA
B45: 37 | C45: Maria Celestina Sambo Celestino | E45: 10 | F45: 9 | H45: 13 | J45: =AVERAGE(E45,MAX(F45:G45),MAX(H45:I45)) -> 10.666667 | K45: =IF(J45>=10,"TRANSITA","N/TRANSITA") -> TRANSITA | L45: 13 | M45: 10 | O45: 14 | Q45: =AVERAGE(L45,MAX(M45:N45),MAX(O45:P45)) -> 12.333333 | R45: =IF(Q45>=10,"TRANSITA","N/TRANSITA") -> TRANSITA | X45: =AVERAGE(S45,MAX(T45:U45),MAX(V45:W45)) -> 0 | Y45: =SUM(J45,Q45,X45)/3 -> 7.6666667 | Z45: =IF(Y45>=10,"TRANSITA","N/TRANSITA") -> N/TRANSITA
B46: 38 | C46: Maria de Fátima Zau | J46: =AVERAGE(E46,MAX(F46:G46),MAX(H46:I46)) -> 0 | K46: =IF(J46>=10,"TRANSITA","N/TRANSITA") -> N/TRANSITA | L46: 12 | M46: 12 | O46: 12 | Q46: =AVERAGE(L46,MAX(M46:N46),MAX(O46:P46)) -> 12 | R46: =IF(Q46>=10,"TRANSITA","N/TRANSITA") -> TRANSITA | X46: =AVERAGE(S46,MAX(T46:U46),MAX(V46:W46)) -> 0 | Y46: =SUM(J46,Q46,X46)/3 -> 4 | Z46: =IF(Y46>=10,"TRANSITA","N/TRANSITA") -> N/TRANSITA
B47: 39 | C47: Maria Macaia | E47: 14 | F47: 8 | G47: 7 | H47: 12 | J47: =AVERAGE(E47,MAX(F47:G47),MAX(H47:I47)) -> 11.333333 | K47: =IF(J47>=10,"TRANSITA","N/TRANSITA") -> TRANSITA | L47: 16 | M47: 10 | O47: 14 | Q47: =AVERAGE(L47,MAX(M47:N47),MAX(O47:P47)) -> 13.333333 | R47: =IF(Q47>=10,"TRANSITA","N/TRANSITA") -> TRANSITA | X47: =AVERAGE(S47,MAX(T47:U47),MAX(V47:W47)) -> 0 | Y47: =SUM(J47,Q47,X47)/3 -> 8.2222222 | Z47: =IF(Y47>=10,"TRANSITA","N/TRANSITA") -> N/TRANSITA
B48: 40 | C48: Maria Madalena Mombo | E48: 10 | F48: 8 | H48: 10 | J48: =AVERAGE(E48,MAX(F48:G48),MAX(H48:I48)) -> 9.3333333 | K48: =IF(J48>=10,"TRANSITA","N/TRANSITA") -> N/TRANSITA | L48: 13 | M48: 9 | O48: 10 | Q48: =AVERAGE(L48,MAX(M48:N48),MAX(O48:P48)) -> 10.666667 | R48: =IF(Q48>=10,"TRANSITA","N/TRANSITA") -> TRANSITA | X48: =AVERAGE(S48,MAX(T48:U48),MAX(V48:W48)) -> 0 | Y48: =SUM(J48,Q48,X48)/3 -> 6.6666667 | Z48: =IF(Y48>=10,"TRANSITA","N/TRANSITA") -> N/TRANSITA
B49: 41 | C49: Maria Suami Bungo | J49: =AVERAGE(E49,MAX(F49:G49),MAX(H49:I49)) -> 0 | K49: =IF(J49>=10,"TRANSITA","N/TRANSITA") -> N/TRANSITA | Q49: =AVERAGE(L49,MAX(M49:N49),MAX(O49:P49)) -> 0 | R49: =IF(Q49>=10,"TRANSITA","N/TRANSITA") -> N/TRANSITA | X49: =AVERAGE(S49,MAX(T49:U49),MAX(V49:W49)) -> 0 | Y49: =SUM(J49,Q49,X49)/3 -> 0 | Z49: =IF(Y49>=10,"TRANSITA","N/TRANSITA") -> N/TRANSITA
B50: 42 | C50: Mateus Ndombe Muanda | E50: 15 | F50: 3 | H50: 12 | J50: =AVERAGE(E50,MAX(F50:G50),MAX(H50:I50)) -> 10 | K50: =IF(J50>=10,"TRANSITA","N/TRANSITA") -> TRANSITA | L50: 10 | M50: 2 | O50: 7 | Q50: =AVERAGE(L50,MAX(M50:N50),MAX(O50:P50)) -> 6.3333333 | R50: =IF(Q50>=10,"TRANSITA","N/TRANSITA") -> N/TRANSITA | X50: =AVERAGE(S50,MAX(T50:U50),MAX(V50:W50)) -> 0 | Y50: =SUM(J50,Q50,X50)/3 -> 5.4444444 | Z50: =IF(Y50>=10,"TRANSITA","N/TRANSITA") -> N/TRANSITA
B51: 43 | C51: Miguel Luimba Soca | E51: 15 | F51: 7 | H51: 14 | J51: =AVERAGE(E51,MAX(F51:G51),MAX(H51:I51)) -> 12 | K51: =IF(J51>=10,"TRANSITA","N/TRANSITA") -> TRANSITA | L51: 10 | M51: 13 | O51: 10 | Q51: =AVERAGE(L51,MAX(M51:N51),MAX(O51:P51)) -> 11 | R51: =IF(Q51>=10,"TRANSITA","N/TRANSITA") -> TRANSITA | X51: =AVERAGE(S51,MAX(T51:U51),MAX(V51:W51)) -> 0 | Y51: =SUM(J51,Q51,X51)/3 -> 7.6666667 | Z51: =IF(Y51>=10,"TRANSITA","N/TRANSITA") -> N/TRANSITA
B52: 44 | C52: Mónica Malonda Das Neves Zau | E52: 10 | F52: 2 | H52: 10 | J52: =AVERAGE(E52,MAX(F52:G52),MAX(H52:I52)) -> 7.3333333 | K52: =IF(J52>=10,"TRANSITA","N/TRANSITA") -> N/TRANSITA | Q52: =AVERAGE(L52,MAX(M52:N52),MAX(O52:P52)) -> 0 | R52: =IF(Q52>=10,"TRANSITA","N/TRANSITA") -> N/TRANSITA | X52: =AVERAGE(S52,MAX(T52:U52),MAX(V52:W52)) -> 0 | Y52: =SUM(J52,Q52,X52)/3 -> 2.4444444 | Z52: =IF(Y52>=10,"TRANSITA","N/TRANSITA") -> N/TRANSITA
B53: 45 | C53: Ortáncia Luemba Pitra | J53: =AVERAGE(E53,MAX(F53:G53),MAX(H53:I53)) -> 0 | K53: =IF(J53>=10,"TRANSITA","N/TRANSITA") -> N/TRANSITA | Q53: =AVERAGE(L53,MAX(M53:N53),MAX(O53:P53)) -> 0 | R53: =IF(Q53>=10,"TRANSITA","N/TRANSITA") -> N/TRANSITA | X53: =AVERAGE(S53,MAX(T53:U53),MAX(V53:W53)) -> 0 | Y53: =SUM(J53,Q53,X53)/3 -> 0 | Z53: =IF(Y53>=10,"TRANSITA","N/TRANSITA") -> N/TRANSITA
B54: 46 | C54: Paulina Malonda Simba Panzo | J54: =AVERAGE(E54,MAX(F54:G54),MAX(H54:I54)) -> 0 | K54: =IF(J54>=10,"TRANSITA","N/TRANSITA") -> N/TRANSITA | L54: 10 | M54: 3 | O54: 8 | Q54: =AVERAGE(L54,MAX(M54:N54),MAX(O54:P54)) -> 7 | R54: =IF(Q54>=10,"TRANSITA","N/TRANSITA") -> N/TRANSITA | X54: =AVERAGE(S54,MAX(T54:U54),MAX(V54:W54)) -> 0 | Y54: =SUM(J54,Q54,X54)/3 -> 2.3333333 | Z54: =IF(Y54>=10,"TRANSITA","N/TRANSITA") -> N/TRANSITA
B55: 47 | C55: Paulo De Jesus Camango André | E55: 10 | F55: 5 | H55: 12 | J55: =AVERAGE(E55,MAX(F55:G55),MAX(H55:I55)) -> 9 | K55: =IF(J55>=10,"TRANSITA","N/TRANSITA") -> N/TRANSITA | L55: 10 | M55: 10 | O55: 10 | Q55: =AVERAGE(L55,MAX(M55:N55),MAX(O55:P55)) -> 10 | R55: =IF(Q55>=10,"TRANSITA","N/TRANSITA") -> TRANSITA | X55: =AVERAGE(S55,MAX(T55:U55),MAX(V55:W55)) -> 0 | Y55: =SUM(J55,Q55,X55)/3 -> 6.3333333 | Z55: =IF(Y55>=10,"TRANSITA","N/TRANSITA") -> N/TRANSITA
B56: 48 | C56: Perpétua Teresa Vuili Kilombo | E56: 10 | F56: 6 | H56: 11 | J56: =AVERAGE(E56,MAX(F56:G56),MAX(H56:I56)) -> 9 | K56: =IF(J56>=10,"TRANSITA","N/TRANSITA") -> N/TRANSITA | L56: 10 | M56: 7 | O56: 10 | Q56: =AVERAGE(L56,MAX(M56:N56),MAX(O56:P56)) -> 9 | R56: =IF(Q56>=10,"TRANSITA","N/TRANSITA") -> N/TRANSITA | X56: =AVERAGE(S56,MAX(T56:U56),MAX(V56:W56)) -> 0 | Y56: =SUM(J56,Q56,X56)/3 -> 6 | Z56: =IF(Y56>=10,"TRANSITA","N/TRANSITA") -> N/TRANSITA
B57: 49 | C57: Rosangela Andreia Pedro Brás Tati | E57: 15 | F57: 11 | H57: 18 | J57: =AVERAGE(E57,MAX(F57:G57),MAX(H57:I57)) -> 14.666667 | K57: =IF(J57>=10,"TRANSITA","N/TRANSITA") -> TRANSITA | L57: 17 | M57: 17 | O57: 19 | Q57: =AVERAGE(L57,MAX(M57:N57),MAX(O57:P57)) -> 17.666667 | R57: =IF(Q57>=10,"TRANSITA","N/TRANSITA") -> TRANSITA | X57: =AVERAGE(S57,MAX(T57:U57),MAX(V57:W57)) -> 0 | Y57: =SUM(J57,Q57,X57)/3 -> 10.777778 | Z57: =IF(Y57>=10,"TRANSITA","N/TRANSITA") -> TRANSITA
B58: 50 | C58: Simélia Milando Pungui | J58: =AVERAGE(E58,MAX(F58:G58),MAX(H58:I58)) -> 0 | K58: =IF(J58>=10,"TRANSITA","N/TRANSITA") -> N/TRANSITA | Q58: =AVERAGE(L58,MAX(M58:N58),MAX(O58:P58)) -> 0 | R58: =IF(Q58>=10,"TRANSITA","N/TRANSITA") -> N/TRANSITA | X58: =AVERAGE(S58,MAX(T58:U58),MAX(V58:W58)) -> 0 | Y58: =SUM(J58,Q58,X58)/3 -> 0 | Z58: =IF(Y58>=10,"TRANSITA","N/TRANSITA") -> N/TRANSITA
B59: 51 | C59: Teresa Ndonda Costa | E59: 10 | F59: 3 | H59: 13 | J59: =AVERAGE(E59,MAX(F59:G59),MAX(H59:I59)) -> 8.6666667 | K59: =IF(J59>=10,"TRANSITA","N/TRANSITA") -> N/TRANSITA | L59: 11 | M59: 9 | O59: 6 | Q59: =AVERAGE(L59,MAX(M59:N59),MAX(O59:P59)) -> 8.6666667 | R59: =IF(Q59>=10,"TRANSITA","N/TRANSITA") -> N/TRANSITA | X59: =AVERAGE(S59,MAX(T59:U59),MAX(V59:W59)) -> 0 | Y59: =SUM(J59,Q59,X59)/3 -> 5.7777778 | Z59: =IF(Y59>=10,"TRANSITA","N/TRANSITA") -> N/TRANSITA
B60: 52 | C60: Teresa Tchiânica Londa Futi | E60: 12 | F60: 4 | H60: 16 | J60: =AVERAGE(E60,MAX(F60:G60),MAX(H60:I60)) -> 10.666667 | K60: =IF(J60>=10,"TRANSITA","N/TRANSITA") -> TRANSITA | L60: 16 | M60: 10 | O60: 13 | Q60: =AVERAGE(L60,MAX(M60:N60),MAX(O60:P60)) -> 13 | R60: =IF(Q60>=10,"TRANSITA","N/TRANSITA") -> TRANSITA | X60: =AVERAGE(S60,MAX(T60:U60),MAX(V60:W60)) -> 0 | Y60: =SUM(J60,Q60,X60)/3 -> 7.8888889 | Z60: =IF(Y60>=10,"TRANSITA","N/TRANSITA") -> N/TRANSITA
B61: 53 | C61: Tiago Nguala Puna Vela | E61: 16 | F61: 16 | G61: 15 | J61: =AVERAGE(E61,MAX(F61:G61),MAX(H61:I61)) -> 10.666667 | K61: =IF(J61>=10,"TRANSITA","N/TRANSITA") -> TRANSITA | L61: 11 | M61: 11 | O61: 13 | Q61: =AVERAGE(L61,MAX(M61:N61),MAX(O61:P61)) -> 11.666667 | R61: =IF(Q61>=10,"TRANSITA","N/TRANSITA") -> TRANSITA | X61: =AVERAGE(S61,MAX(T61:U61),MAX(V61:W61)) -> 0 | Y61: =SUM(J61,Q61,X61)/3 -> 7.4444444 | Z61: =IF(Y61>=10,"TRANSITA","N/TRANSITA") -> N/TRANSITA
B62: 54 | C62: Virgínia Béua Bachi | E62: 10 | F62: 7 | H62: 16 | J62: =AVERAGE(E62,MAX(F62:G62),MAX(H62:I62)) -> 11 | K62: =IF(J62>=10,"TRANSITA","N/TRANSITA") -> TRANSITA | L62: 10 | M62: 15 | O62: 15 | Q62: =AVERAGE(L62,MAX(M62:N62),MAX(O62:P62)) -> 13.333333 | R62: =IF(Q62>=10,"TRANSITA","N/TRANSITA") -> TRANSITA | X62: =AVERAGE(S62,MAX(T62:U62),MAX(V62:W62)) -> 0 | Y62: =SUM(J62,Q62,X62)/3 -> 8.1111111 | Z62: =IF(Y62>=10,"TRANSITA","N/TRANSITA") -> N/TRANSITA
B63: 55 | C63: Zacarias Bungo Nguimbi | E63: 16 | F63: 8 | G63: 7 | H63: 10 | J63: =AVERAGE(E63,MAX(F63:G63),MAX(H63:I63)) -> 11.333333 | K63: =IF(J63>=10,"TRANSITA","N/TRANSITA") -> TRANSITA | L63: 15 | M63: 7 | O63: 9 | Q63: =AVERAGE(L63,MAX(M63:N63),MAX(O63:P63)) -> 10.333333 | R63: =IF(Q63>=10,"TRANSITA","N/TRANSITA") -> TRANSITA | X63: =AVERAGE(S63,MAX(T63:U63),MAX(V63:W63)) -> 0 | Y63: =SUM(J63,Q63,X63)/3 -> 7.2222222 | Z63: =IF(Y63>=10,"TRANSITA","N/TRANSITA") -> N/TRANSITA
A66: O (A) Professor (a) | S66: O Subdirector Pedagógico
A67: _______________________________ | S67: ___________________________
S68: ALBERTO SASSA TATI

Sheet 11CL-FAR-INGLES
A1: INSTITUTO TÉCNICP PRIVADO DE SAÚDE JOMORAIS
I3: DATA: 12/12/2025
B4: Classe: 11ª | E4: Disciplina: Língua Inglesa | V4: Ano Lectivo:2025/2026
B5: Período: Vespertino | E5: Turma: Única | X5: Curso: FARMÁCIA
B6: MINI-PAUTA - TÉCNICO DE SAÚDE
B7: Nº | C7: Nome do (a) Aluno (a) | D7: FALTAS | E7: Avaliações/I Trimestre | K7: OBS | L7: Avaliações/II Trimestre | R7: OBS | S7: Avaliações/IIITrimestre | Y7: MFD | Z7: OBS | AA7: M | AB7: F | AC7: TRANSITA | AD7: N/TRANSITA | AE7: E.E.F
D8: J/I | E8: MAC | F8: NPP | G8: NPR1 | H8: NPT | I8: NPR2 | J8: MT1 | L8: MAC | M8: NPP | N8: NPR1 | O8: NPT | P8: NPR2 | Q8: MT2 | S8: MAC | T8: NPP | U8: NPR1 | V8: NPT | W8: NPR2 | X8: MT3 | AA8: =COUNTIF(Z9:Z69,"M") -> 0 | AB8: =COUNTIF(Z9:Z69,"F") -> 0 | AC8: =COUNTIF(Z9:Z69,"TRANSITA") -> 17 | AD8: =COUNTIF(Z9:Z69,"N/TRANSITA") -> 38 | AE8: =COUNTIF(Z9:Z69,"E.E.F") -> 0
B9: 1 | C9: Alice Cungi Alfredo | E9: 10 | F9: 8 | H9: 6 | J9: =AVERAGE(E9,MAX(F9:G9),MAX(H9:I9)) -> 8 | K9: =IF(J9>=10,"TRANSITA","N/TRANSITA") -> N/TRANSITA | L9: 8 | M9: 5 | O9: 13 | Q9: =AVERAGE(L9,MAX(M9:N9),MAX(O9:P9)) -> 8.6666667 | R9: =IF(Q9>=10,"TRANSITA","N/TRANSITA") -> N/TRANSITA | X9: =AVERAGE(S9,MAX(T9:U9),MAX(V9:W9)) -> 0 | Y9: =SUM(J9,Q9,X9)/3 -> 5.5555556 | Z9: =IF(Y9>=10,"TRANSITA","N/TRANSITA") -> N/TRANSITA
B10: 2 | C10: Amélia Mauricio Macaia | E10: 15 | F10: 7 | H10: 18 | J10: =AVERAGE(E10,MAX(F10:G10),MAX(H10:I10)) -> 13.333333 | K10: =IF(J10>=10,"TRANSITA","N/TRANSITA") -> TRANSITA | L10: 10 | M10: 11 | O10: 16 | Q10: =AVERAGE(L10,MAX(M10:N10),MAX(O10:P10)) -> 12.333333 | R10: =IF(Q10>=10,"TRANSITA","N/TRANSITA") -> TRANSITA | X10: =AVERAGE(S10,MAX(T10:U10),MAX(V10:W10)) -> 0 | Y10: =SUM(J10,Q10,X10)/3 -> 8.5555556 | Z10: =IF(Y10>=10,"TRANSITA","N/TRANSITA") -> N/TRANSITA | AA10: =SUM(AA8:AB9) -> 0
B11: 3 | C11: Angelina Umba Esperança Luyeye | E11: 12 | F11: 11 | H11: 14 | J11: =AVERAGE(E11,MAX(F11:G11),MAX(H11:I11)) -> 12.333333 | K11: =IF(J11>=10,"TRANSITA","N/TRANSITA") -> TRANSITA | L11: 12 | M11: 16 | O11: 10 | Q11: =AVERAGE(L11,MAX(M11:N11),MAX(O11:P11)) -> 12.666667 | R11: =IF(Q11>=10,"TRANSITA","N/TRANSITA") -> TRANSITA | X11: =AVERAGE(S11,MAX(T11:U11),MAX(V11:W11)) -> 0 | Y11: =SUM(J11,Q11,X11)/3 -> 8.3333333 | Z11: =IF(Y11>=10,"TRANSITA","N/TRANSITA") -> N/TRANSITA
B12: 4 | C12: Armindo Maciala Mendes | E12: 19 | F12: 18 | H12: 20 | J12: =AVERAGE(E12,MAX(F12:G12),MAX(H12:I12)) -> 19 | K12: =IF(J12>=10,"TRANSITA","N/TRANSITA") -> TRANSITA | L12: 18 | M12: 20 | O12: 10 | Q12: =AVERAGE(L12,MAX(M12:N12),MAX(O12:P12)) -> 16 | R12: =IF(Q12>=10,"TRANSITA","N/TRANSITA") -> TRANSITA | X12: =AVERAGE(S12,MAX(T12:U12),MAX(V12:W12)) -> 0 | Y12: =SUM(J12,Q12,X12)/3 -> 11.666667 | Z12: =IF(Y12>=10,"TRANSITA","N/TRANSITA") -> TRANSITA
B13: 5 | C13: Beatriz Lelo Nombo | E13: 14 | F13: 17 | H13: 19 | J13: =AVERAGE(E13,MAX(F13:G13),MAX(H13:I13)) -> 16.666667 | K13: =IF(J13>=10,"TRANSITA","N/TRANSITA") -> TRANSITA | L13: 17 | M13: 17 | O13: 20 | Q13: =AVERAGE(L13,MAX(M13:N13),MAX(O13:P13)) -> 18 | R13: =IF(Q13>=10,"TRANSITA","N/TRANSITA") -> TRANSITA | X13: =AVERAGE(S13,MAX(T13:U13),MAX(V13:W13)) -> 0 | Y13: =SUM(J13,Q13,X13)/3 -> 11.555556 | Z13: =IF(Y13>=10,"TRANSITA","N/TRANSITA") -> TRANSITA
B14: 6 | C14: Carolina Zuzi Nhimi | E14: 10 | F14: 9 | H14: 17 | J14: =AVERAGE(E14,MAX(F14:G14),MAX(H14:I14)) -> 12 | K14: =IF(J14>=10,"TRANSITA","N/TRANSITA") -> TRANSITA | L14: 15 | M14: 10 | O14: 10 | Q14: =AVERAGE(L14,MAX(M14:N14),MAX(O14:P14)) -> 11.666667 | R14: =IF(Q14>=10,"TRANSITA","N/TRANSITA") -> TRANSITA | X14: =AVERAGE(S14,MAX(T14:U14),MAX(V14:W14)) -> 0 | Y14: =SUM(J14,Q14,X14)/3 -> 7.8888889 | Z14: =IF(Y14>=10,"TRANSITA","N/TRANSITA") -> N/TRANSITA
B15: 7 | C15: Catarina Simba Buela | E15: 10 | F15: 12 | H15: 14 | J15: =AVERAGE(E15,MAX(F15:G15),MAX(H15:I15)) -> 12 | K15: =IF(J15>=10,"TRANSITA","N/TRANSITA") -> TRANSITA | L15: 14 | M15: 19 | O15: 18 | Q15: =AVERAGE(L15,MAX(M15:N15),MAX(O15:P15)) -> 17 | R15: =IF(Q15>=10,"TRANSITA","N/TRANSITA") -> TRANSITA | X15: =AVERAGE(S15,MAX(T15:U15),MAX(V15:W15)) -> 0 | Y15: =SUM(J15,Q15,X15)/3 -> 9.6666667 | Z15: =IF(Y15>=10,"TRANSITA","N/TRANSITA") -> N/TRANSITA
B16: 8 | C16: Cecília Suami Lando Massiala | E16: 15 | F16: 8 | H16: 12 | J16: =AVERAGE(E16,MAX(F16:G16),MAX(H16:I16)) -> 11.666667 | K16: =IF(J16>=10,"TRANSITA","N/TRANSITA") -> TRANSITA | L16: 13 | M16: 6 | O16: 19 | Q16: =AVERAGE(L16,MAX(M16:N16),MAX(O16:P16)) -> 12.666667 | R16: =IF(Q16>=10,"TRANSITA","N/TRANSITA") -> TRANSITA | X16: =AVERAGE(S16,MAX(T16:U16),MAX(V16:W16)) -> 0 | Y16: =SUM(J16,Q16,X16)/3 -> 8.1111111 | Z16: =IF(Y16>=10,"TRANSITA","N/TRANSITA") -> N/TRANSITA
B17: 9 | C17: Clara Sungo Buati Chiânica | E17: 15 | F17: 14 | H17: 17 | J17: =AVERAGE(E17,MAX(F17:G17),MAX(H17:I17)) -> 15.333333 | K17: =IF(J17>=10,"TRANSITA","N/TRANSITA") -> TRANSITA | L17: 16 | M17: 16 | O17: 18 | Q17: =AVERAGE(L17,MAX(M17:N17),MAX(O17:P17)) -> 16.666667 | R17: =IF(Q17>=10,"TRANSITA","N/TRANSITA") -> TRANSITA | X17: =AVERAGE(S17,MAX(T17:U17),MAX(V17:W17)) -> 0 | Y17: =SUM(J17,Q17,X17)/3 -> 10.666667 | Z17: =IF(Y17>=10,"TRANSITA","N/TRANSITA") -> TRANSITA
B18: 10 | C18: Clementina Paca V. Guimbi | E18: 10 | F18: 0 | H18: 4 | J18: =AVERAGE(E18,MAX(F18:G18),MAX(H18:I18)) -> 4.6666667 | K18: =IF(J18>=10,"TRANSITA","N/TRANSITA") -> N/TRANSITA | L18: 8 | M18: 13 | O18: 14 | Q18: =AVERAGE(L18,MAX(M18:N18),MAX(O18:P18)) -> 11.666667 | R18: =IF(Q18>=10,"TRANSITA","N/TRANSITA") -> TRANSITA | X18: =AVERAGE(S18,MAX(T18:U18),MAX(V18:W18)) -> 0 | Y18: =SUM(J18,Q18,X18)/3 -> 5.4444444 | Z18: =IF(Y18>=10,"TRANSITA","N/TRANSITA") -> N/TRANSITA
B19: 11 | C19: Cleúsia Da Conceição Mboco Kilombo | E19: 8 | F19: 12 | H19: 11 | J19: =AVERAGE(E19,MAX(F19:G19),MAX(H19:I19)) -> 10.333333 | K19: =IF(J19>=10,"TRANSITA","N/TRANSITA") -> TRANSITA | L19: 12 | M19: 16 | O19: 10 | Q19: =AVERAGE(L19,MAX(M19:N19),MAX(O19:P19)) -> 12.666667 | R19: =IF(Q19>=10,"TRANSITA","N/TRANSITA") -> TRANSITA | X19: =AVERAGE(S19,MAX(T19:U19),MAX(V19:W19)) -> 0 | Y19: =SUM(J19,Q19,X19)/3 -> 7.6666667 | Z19: =IF(Y19>=10,"TRANSITA","N/TRANSITA") -> N/TRANSITA
B20: 12 | C20: Damália Isaias Bumba | E20: 15 | F20: 11 | H20: 13 | J20: =AVERAGE(E20,MAX(F20:G20),MAX(H20:I20)) -> 13 | K20: =IF(J20>=10,"TRANSITA","N/TRANSITA") -> TRANSITA | L20: 14 | M20: 16 | O20: 10 | Q20: =AVERAGE(L20,MAX(M20:N20),MAX(O20:P20)) -> 13.333333 | R20: =IF(Q20>=10,"TRANSITA","N/TRANSITA") -> TRANSITA | X20: =AVERAGE(S20,MAX(T20:U20),MAX(V20:W20)) -> 0 | Y20: =SUM(J20,Q20,X20)/3 -> 8.7777778 | Z20: =IF(Y20>=10,"TRANSITA","N/TRANSITA") -> N/TRANSITA
B21: 13 | C21: Divina Pemba Dembe | E21: 18 | F21: 10 | H21: 18 | J21: =AVERAGE(E21,MAX(F21:G21),MAX(H21:I21)) -> 15.333333 | K21: =IF(J21>=10,"TRANSITA","N/TRANSITA") -> TRANSITA | L21: 15 | M21: 17 | O21: 18 | Q21: =AVERAGE(L21,MAX(M21:N21),MAX(O21:P21)) -> 16.666667 | R21: =IF(Q21>=10,"TRANSITA","N/TRANSITA") -> TRANSITA | X21: =AVERAGE(S21,MAX(T21:U21),MAX(V21:W21)) -> 0 | Y21: =SUM(J21,Q21,X21)/3 -> 10.666667 | Z21: =IF(Y21>=10,"TRANSITA","N/TRANSITA") -> TRANSITA
B22: 14 | C22: Emíliana Pemba Baza Jonace | E22: 20 | F22: 19 | H22: 17 | J22: =AVERAGE(E22,MAX(F22:G22),MAX(H22:I22)) -> 18.666667 | K22: =IF(J22>=10,"TRANSITA","N/TRANSITA") -> TRANSITA | L22: 18 | M22: 20 | O22: 20 | Q22: =AVERAGE(L22,MAX(M22:N22),MAX(O22:P22)) -> 19.333333 | R22: =IF(Q22>=10,"TRANSITA","N/TRANSITA") -> TRANSITA | X22: =AVERAGE(S22,MAX(T22:U22),MAX(V22:W22)) -> 0 | Y22: =SUM(J22,Q22,X22)/3 -> 12.666667 | Z22: =IF(Y22>=10,"TRANSITA","N/TRANSITA") -> TRANSITA
... B27: 19 | C27: Faustino Cardoso | E27: 10 | F27: 12 | H27: 9 | J27: =AVERAGE(E27,MAX(F27:G27),MAX(H27:I27)) -> 10.333333 | K27: =IF(J27>=10,"TRANSITA","N/TRANSITA") -> TRANSITA | L27: 8 | M27: 19 | O27: 10 | Q27: =AVERAGE(L27,MAX(M27:N27),MAX(O27:P27)) -> 12.333333 | R27: =IF(Q27>=10,"TRANSITA","N/TRANSITA") -> TRANSITA | X27: =AVERAGE(S27,MAX(T27:U27),MAX(V27:W27)) -> 0 | Y27: =SUM(J27,Q27,X27)/3 -> 7.5555556 | Z27: =IF(Y27>=10,"TRANSITA","N/TRANSITA") -> N/TRANSITA
B28: 20 | C28: Felicidade Buzi Guerra | E28: 10 | F28: 13 | H28: 13 | J28: =AVERAGE(E28,MAX(F28:G28),MAX(H28:I28)) -> 12 | K28: =IF(J28>=10,"TRANSITA","N/TRANSITA") -> TRANSITA | L28: 11 | Q28: =AVERAGE(L28,MAX(M28:N28),MAX(O28:P28)) -> 3.6666667 | R28: =IF(Q28>=10,"TRANSITA","N/TRANSITA") -> N/TRANSITA | X28: =AVERAGE(S28,MAX(T28:U28),MAX(V28:W28)) -> 0 | Y28: =SUM(J28,Q28,X28)/3 -> 5.2222222 | Z28: =IF(Y28>=10,"TRANSITA","N/TRANSITA") -> N/TRANSITA
B29: 21 | C29: Filipe Binjunga Futi | E29: 14 | F29: 16 | H29: 9 | J29: =AVERAGE(E29,MAX(F29:G29),MAX(H29:I29)) -> 13 | K29: =IF(J29>=10,"TRANSITA","N/TRANSITA") -> TRANSITA | L29: 7 | M29: 3 | O29: 10 | Q29: =AVERAGE(L29,MAX(M29:N29),MAX(O29:P29)) -> 6.6666667 | R29: =IF(Q29>=10,"TRANSITA","N/TRANSITA") -> N/TRANSITA | X29: =AVERAGE(S29,MAX(T29:U29),MAX(V29:W29)) -> 0 | Y29: =SUM(J29,Q29,X29)/3 -> 6.5555556 | Z29: =IF(Y29>=10,"TRANSITA","N/TRANSITA") -> N/TRANSITA
B30: 22 | C30: Graça Tucola Mavungo | E30: 13 | F30: 16 | H30: 18 | J30: =AVERAGE(E30,MAX(F30:G30),MAX(H30:I30)) -> 15.666667 | K30: =IF(J30>=10,"TRANSITA","N/TRANSITA") -> TRANSITA | L30: 19 | M30: 19 | O30: 20 | Q30: =AVERAGE(L30,MAX(M30:N30),MAX(O30:P30)) -> 19.333333 | R30: =IF(Q30>=10,"TRANSITA","N/TRANSITA") -> TRANSITA | X30: =AVERAGE(S30,MAX(T30:U30),MAX(V30:W30)) -> 0 | Y30: =SUM(J30,Q30,X30)/3 -> 11.666667 | Z30: =IF(Y30>=10,"TRANSITA","N/TRANSITA") -> TRANSITA
B31: 23 | C31: Helena Ernestina Pemba Cole | E31: 15 | F31: 12 | H31: 1 | J31: =AVERAGE(E31,MAX(F31:G31),MAX(H31:I31)) -> 9.3333333 | K31: =IF(J31>=10,"TRANSITA","N/TRANSITA") -> N/TRANSITA | L31: 6 | M31: 11 | O31: 20 | Q31: =AVERAGE(L31,MAX(M31:N31),MAX(O31:P31)) -> 12.333333 | R31: =IF(Q31>=10,"TRANSITA","N/TRANSITA") -> TRANSITA | X31: =AVERAGE(S31,MAX(T31:U31),MAX(V31:W31)) -> 0 | Y31: =SUM(J31,Q31,X31)/3 -> 7.2222222 | Z31: =IF(Y31>=10,"TRANSITA","N/TRANSITA") -> N/TRANSITA
B32: 24 | C32: Imaculada Da Conceiãção Cungi Zau | E32: 15 | F32: 11 | H32: 14 | J32: =AVERAGE(E32,MAX(F32:G32),MAX(H32:I32)) -> 13.333333 | K32: =IF(J32>=10,"TRANSITA","N/TRANSITA") -> TRANSITA | L32: 16 | M32: 18 | O32: 19 | Q32: =AVERAGE(L32,MAX(M32:N32),MAX(O32:P32)) -> 17.666667 | R32: =IF(Q32>=10,"TRANSITA","N/TRANSITA") -> TRANSITA | X32: =AVERAGE(S32,MAX(T32:U32),MAX(V32:W32)) -> 0 | Y32: =SUM(J32,Q32,X32)/3 -> 10.333333 | Z32: =IF(Y32>=10,"TRANSITA","N/TRANSITA") -> TRANSITA
B33: 25 | C33: Isabel Buanga Lelo Mendes | E33: 13 | F33: 14 | H33: 6 | J33: =AVERAGE(E33,MAX(F33:G33),MAX(H33:I33)) -> 11 | K33: =IF(J33>=10,"TRANSITA","N/TRANSITA") -> TRANSITA | L33: 14 | M33: 8 | O33: 18 | Q33: =AVERAGE(L33,MAX(M33:N33),MAX(O33:P33)) -> 13.333333 | R33: =IF(Q33>=10,"TRANSITA","N/TRANSITA") -> TRANSITA | X33: =AVERAGE(S33,MAX(T33:U33),MAX(V33:W33)) -> 0 | Y33: =SUM(J33,Q33,X33)/3 -> 8.1111111 | Z33: =IF(Y33>=10,"TRANSITA","N/TRANSITA") -> N/TRANSITA
B34: 26 | C34: Isabel Domingas Futi | E34: 18 | F34: 20 | H34: 20 | J34: =AVERAGE(E34,MAX(F34:G34),MAX(H34:I34)) -> 19.333333 | K34: =IF(J34>=10,"TRANSITA","N/TRANSITA") -> TRANSITA | L34: 19 | M34: 20 | O34: 20 | Q34: =AVERAGE(L34,MAX(M34:N34),MAX(O34:P34)) -> 19.666667 | R34: =IF(Q34>=10,"TRANSITA","N/TRANSITA") -> TRANSITA | X34: =AVERAGE(S34,MAX(T34:U34),MAX(V34:W34)) -> 0 | Y34: =SUM(J34,Q34,X34)/3 -> 13 | Z34: =IF(Y34>=10,"TRANSITA","N/TRANSITA") -> TRANSITA
B35: 27 | C35: Joana Bizi Muanda Bungo | E35: 10 | F35: 4 | H35: 9 | J35: =AVERAGE(E35,MAX(F35:G35),MAX(H35:I35)) -> 7.6666667 | K35: =IF(J35>=10,"TRANSITA","N/TRANSITA") -> N/TRANSITA | Q35: =AVERAGE(L35,MAX(M35:N35),MAX(O35:P35)) -> 0 | R35: =IF(Q35>=10,"TRANSITA","N/TRANSITA") -> N/TRANSITA | X35: =AVERAGE(S35,MAX(T35:U35),MAX(V35:W35)) -> 0 | Y35: =SUM(J35,Q35,X35)/3 -> 2.5555556 | Z35: =IF(Y35>=10,"TRANSITA","N/TRANSITA") -> N/TRANSITA
B36: 28 | C36: Jaquelina Malonda Muanda Mbumba | E36: 10 | F36: 10 | H36: 12 | J36: =AVERAGE(E36,MAX(F36:G36),MAX(H36:I36)) -> 10.666667 | K36: =IF(J36>=10,"TRANSITA","N/TRANSITA") -> TRANSITA | L36: 15 | M36: 13 | O36: 17 | Q36: =AVERAGE(L36,MAX(M36:N36),MAX(O36:P36)) -> 15 | R36: =IF(Q36>=10,"TRANSITA","N/TRANSITA") -> TRANSITA | X36: =AVERAGE(S36,MAX(T36:U36),MAX(V36:W36)) -> 0 | Y36: =SUM(J36,Q36,X36)/3 -> 8.5555556 | Z36: =IF(Y36>=10,"TRANSITA","N/TRANSITA") -> N/TRANSITA
B37: 29 | C37: José Mavungo Dungi | E37: 20 | F37: 19 | H37: 20 | J37: =AVERAGE(E37,MAX(F37:G37),MAX(H37:I37)) -> 19.666667 | K37: =IF(J37>=10,"TRANSITA","N/TRANSITA") -> TRANSITA | L37: 16 | M37: 13 | O37: 20 | Q37: =AVERAGE(L37,MAX(M37:N37),MAX(O37:P37)) -> 16.333333 | R37: =IF(Q37>=10,"TRANSITA","N/TRANSITA") -> TRANSITA | X37: =AVERAGE(S37,MAX(T37:U37),MAX(V37:W37)) -> 0 | Y37: =SUM(J37,Q37,X37)/3 -> 12 | Z37: =IF(Y37>=10,"TRANSITA","N/TRANSITA") -> TRANSITA
B38: 30 | C38: Jose Nhimi Cesse | E38: 16 | F38: 17 | H38: 15 | J38: =AVERAGE(E38,MAX(F38:G38),MAX(H38:I38)) -> 16 | K38: =IF(J38>=10,"TRANSITA","N/TRANSITA") -> TRANSITA | L38: 17 | M38: 14 | O38: 10 | Q38: =AVERAGE(L38,MAX(M38:N38),MAX(O38:P38)) -> 13.666667 | R38: =IF(Q38>=10,"TRANSITA","N/TRANSITA") -> TRANSITA | X38: =AVERAGE(S38,MAX(T38:U38),MAX(V38:W38)) -> 0 | Y38: =SUM(J38,Q38,X38)/3 -> 9.8888889 | Z38: =IF(Y38>=10,"TRANSITA","N/TRANSITA") -> N/TRANSITA
B39: 31 | C39: Josefina Milonge Poba Ndoqui | E39: 14 | F39: 16 | H39: 17 | J39: =AVERAGE(E39,MAX(F39:G39),MAX(H39:I39)) -> 15.666667 | K39: =IF(J39>=10,"TRANSITA","N/TRANSITA") -> TRANSITA | L39: 12 | M39: 16 | O39: 19 | Q39: =AVERAGE(L39,MAX(M39:N39),MAX(O39:P39)) -> 15.666667 | R39: =IF(Q39>=10,"TRANSITA","N/TRANSITA") -> TRANSITA | X39: =AVERAGE(S39,MAX(T39:U39),MAX(V39:W39)) -> 0 | Y39: =SUM(J39,Q39,X39)/3 -> 10.444444 | Z39: =IF(Y39>=10,"TRANSITA","N/TRANSITA") -> TRANSITA
B40: 32 | C40: Lídia Pemba Muel | E40: 10 | F40: 5 | H40: 14 | J40: =AVERAGE(E40,MAX(F40:G40),MAX(H40:I40)) -> 9.6666667 | K40: =IF(J40>=10,"TRANSITA","N/TRANSITA") -> N/TRANSITA | L40: 14 | M40: 10 | O40: 10 | Q40: =AVERAGE(L40,MAX(M40:N40),MAX(O40:P40)) -> 11.333333 | R40: =IF(Q40>=10,"TRANSITA","N/TRANSITA") -> TRANSITA | X40: =AVERAGE(S40,MAX(T40:U40),MAX(V40:W40)) -> 0 | Y40: =SUM(J40,Q40,X40)/3 -> 7 | Z40: =IF(Y40>=10,"TRANSITA","N/TRANSITA") -> N/TRANSITA
B41: 33 | C41: Lino Futi Dinis | E41: 15 | F41: 12 | H41: 9 | J41: =AVERAGE(E41,MAX(F41:G41),MAX(H41:I41)) -> 12 | K41: =IF(J41>=10,"TRANSITA","N/TRANSITA") -> TRANSITA | L41: 8 | M41: 13 | O41: 10 | Q41: =AVERAGE(L41,MAX(M41:N41),MAX(O41:P41)) -> 10.333333 | R41: =IF(Q41>=10,"TRANSITA","N/TRANSITA") -> TRANSITA | X41: =AVERAGE(S41,MAX(T41:U41),MAX(V41:W41)) -> 0 | Y41: =SUM(J41,Q41,X41)/3 -> 7.4444444 | Z41: =IF(Y41>=10,"TRANSITA","N/TRANSITA") -> N/TRANSITA
B42: 34 | C42: Lúcia Figueira Banza | E42: 15 | F42: 16 | H42: 8 | J42: =AVERAGE(E42,MAX(F42:G42),MAX(H42:I42)) -> 13 | K42: =IF(J42>=10,"TRANSITA","N/TRANSITA") -> TRANSITA | L42: 12 | M42: 11 | O42: 18 | Q42: =AVERAGE(L42,MAX(M42:N42),MAX(O42:P42)) -> 13.666667 | R42: =IF(Q42>=10,"TRANSITA","N/TRANSITA") -> TRANSITA | X42: =AVERAGE(S42,MAX(T42:U42),MAX(V42:W42)) -> 0 | Y42: =SUM(J42,Q42,X42)/3 -> 8.8888889 | Z42: =IF(Y42>=10,"TRANSITA","N/TRANSITA") -> N/TRANSITA
B43: 35 | C43: Madalena Conde Tanzi | E43: 17 | F43: 19 | H43: 18 | J43: =AVERAGE(E43,MAX(F43:G43),MAX(H43:I43)) -> 18 | K43: =IF(J43>=10,"TRANSITA","N/TRANSITA") -> TRANSITA | L43: 13 | M43: 20 | O43: 16 | Q43: =AVERAGE(L43,MAX(M43:N43),MAX(O43:P43)) -> 16.333333 | R43: =IF(Q43>=10,"TRANSITA","N/TRANSITA") -> TRANSITA | X43: =AVERAGE(S43,MAX(T43:U43),MAX(V43:W43)) -> 0 | Y43: =SUM(J43,Q43,X43)/3 -> 11.444444 | Z43: =IF(Y43>=10,"TRANSITA","N/TRANSITA") -> TRANSITA
B44: 36 | C44: Maria Alexandrina Zau Futi | E44: 14 | F44: 9 | H44: 19 | J44: =AVERAGE(E44,MAX(F44:G44),MAX(H44:I44)) -> 14 | K44: =IF(J44>=10,"TRANSITA","N/TRANSITA") -> TRANSITA | L44: 15 | M44: 16 | O44: 19 | Q44: =AVERAGE(L44,MAX(M44:N44),MAX(O44:P44)) -> 16.666667 | R44: =IF(Q44>=10,"TRANSITA","N/TRANSITA") -> TRANSITA | X44: =AVERAGE(S44,MAX(T44:U44),MAX(V44:W44)) -> 0 | Y44: =SUM(J44,Q44,X44)/3 -> 10.222222 | Z44: =IF(Y44>=10,"TRANSITA","N/TRANSITA") -> TRANSITA
B45: 37 | C45: Maria Celestina Sambo Celestino | E45: 14 | F45: 10 | H45: 19 | J45: =AVERAGE(E45,MAX(F45:G45),MAX(H45:I45)) -> 14.333333 | K45: =IF(J45>=10,"TRANSITA","N/TRANSITA") -> TRANSITA | L45: 13 | M45: 8 | O45: 11 | Q45: =AVERAGE(L45,MAX(M45:N45),MAX(O45:P45)) -> 10.666667 | R45: =IF(Q45>=10,"TRANSITA","N/TRANSITA") -> TRANSITA | X45: =AVERAGE(S45,MAX(T45:U45),MAX(V45:W45)) -> 0 | Y45: =SUM(J45,Q45,X45)/3 -> 8.3333333 | Z45: =IF(Y45>=10,"TRANSITA","N/TRANSITA") -> N/TRANSITA
B46: 38 | C46: Maria de Fátima Zau | E46: 12 | F46: 8 | H46: 16 | J46: =AVERAGE(E46,MAX(F46:G46),MAX(H46:I46)) -> 12 | K46: =IF(J46>=10,"TRANSITA","N/TRANSITA") -> TRANSITA | L46: 12 | M46: 16 | O46: 17 | Q46: =AVERAGE(L46,MAX(M46:N46),MAX(O46:P46)) -> 15 | R46: =IF(Q46>=10,"TRANSITA","N/TRANSITA") -> TRANSITA | X46: =AVERAGE(S46,MAX(T46:U46),MAX(V46:W46)) -> 0 | Y46: =SUM(J46,Q46,X46)/3 -> 9 | Z46: =IF(Y46>=10,"TRANSITA","N/TRANSITA") -> N/TRANSITA
B47: 39 | C47: Maria Macaia | E47: 20 | F47: 20 | H47: 20 | J47: =AVERAGE(E47,MAX(F47:G47),MAX(H47:I47)) -> 20 | K47: =IF(J47>=10,"TRANSITA","N/TRANSITA") -> TRANSITA | L47: 18 | M47: 19 | O47: 20 | Q47: =AVERAGE(L47,MAX(M47:N47),MAX(O47:P47)) -> 19 | R47: =IF(Q47>=10,"TRANSITA","N/TRANSITA") -> TRANSITA | X47: =AVERAGE(S47,MAX(T47:U47),MAX(V47:W47)) -> 0 | Y47: =SUM(J47,Q47,X47)/3 -> 13 | Z47: =IF(Y47>=10,"TRANSITA","N/TRANSITA") -> TRANSITA
B48: 40 | C48: Maria Madalena Mombo | E48: 10 | F48: 10 | H48: 13 | J48: =AVERAGE(E48,MAX(F48:G48),MAX(H48:I48)) -> 11 | K48: =IF(J48>=10,"TRANSITA","N/TRANSITA") -> TRANSITA | L48: 13 | M48: 16 | O48: 10 | Q48: =AVERAGE(L48,MAX(M48:N48),MAX(O48:P48)) -> 13 | R48: =IF(Q48>=10,"TRANSITA","N/TRANSITA") -> TRANSITA | X48: =AVERAGE(S48,MAX(T48:U48),MAX(V48:W48)) -> 0 | Y48: =SUM(J48,Q48,X48)/3 -> 8 | Z48: =IF(Y48>=10,"TRANSITA","N/TRANSITA") -> N/TRANSITA
B49: 41 | C49: Maria Suami Bungo | J49: =AVERAGE(E49,MAX(F49:G49),MAX(H49:I49)) -> 0 | K49: =IF(J49>=10,"TRANSITA","N/TRANSITA") -> N/TRANSITA | Q49: =AVERAGE(L49,MAX(M49:N49),MAX(O49:P49)) -> 0 | R49: =IF(Q49>=10,"TRANSITA","N/TRANSITA") -> N/TRANSITA | X49: =AVERAGE(S49,MAX(T49:U49),MAX(V49:W49)) -> 0 | Y49: =SUM(J49,Q49,X49)/3 -> 0 | Z49: =IF(Y49>=10,"TRANSITA","N/TRANSITA") -> N/TRANSITA
B50: 42 | C50: Mateus Ndombe Muanda | E50: 16 | F50: 9 | H50: 6 | J50: =AVERAGE(E50,MAX(F50:G50),MAX(H50:I50)) -> 10.333333 | K50: =IF(J50>=10,"TRANSITA","N/TRANSITA") -> TRANSITA | L50: 6 | M50: 7 | O50: 20 | Q50: =AVERAGE(L50,MAX(M50:N50),MAX(O50:P50)) -> 11 | R50: =IF(Q50>=10,"TRANSITA","N/TRANSITA") -> TRANSITA | X50: =AVERAGE(S50,MAX(T50:U50),MAX(V50:W50)) -> 0 | Y50: =SUM(J50,Q50,X50)/3 -> 7.1111111 | Z50: =IF(Y50>=10,"TRANSITA","N/TRANSITA") -> N/TRANSITA
B51: 43 | C51: Miguel Luimba Soca | E51: 14 | F51: 3 | H51: 12 | J51: =AVERAGE(E51,MAX(F51:G51),MAX(H51:I51)) -> 9.6666667 | K51: =IF(J51>=10,"TRANSITA","N/TRANSITA") -> N/TRANSITA | L51: 6 | M51: 14 | O51: 12 | Q51: =AVERAGE(L51,MAX(M51:N51),MAX(O51:P51)) -> 10.666667 | R51: =IF(Q51>=10,"TRANSITA","N/TRANSITA") -> TRANSITA | X51: =AVERAGE(S51,MAX(T51:U51),MAX(V51:W51)) -> 0 | Y51: =SUM(J51,Q51,X51)/3 -> 6.7777778 | Z51: =IF(Y51>=10,"TRANSITA","N/TRANSITA") -> N/TRANSITA
B52: 44 | C52: Mónica Malonda Das Neves Zau | E52: 10 | F52: 2 | H52: 10 | J52: =AVERAGE(E52,MAX(F52:G52),MAX(H52:I52)) -> 7.3333333 | K52: =IF(J52>=10,"TRANSITA","N/TRANSITA") -> N/TRANSITA | Q52: =AVERAGE(L52,MAX(M52:N52),MAX(O52:P52)) -> 0 | R52: =IF(Q52>=10,"TRANSITA","N/TRANSITA") -> N/TRANSITA | X52: =AVERAGE(S52,MAX(T52:U52),MAX(V52:W52)) -> 0 | Y52: =SUM(J52,Q52,X52)/3 -> 2.4444444 | Z52: =IF(Y52>=10,"TRANSITA","N/TRANSITA") -> N/TRANSITA
B53: 45 | C53: Ortáncia Luemba Pitra | J53: =AVERAGE(E53,MAX(F53:G53),MAX(H53:I53)) -> 0 | K53: =IF(J53>=10,"TRANSITA","N/TRANSITA") -> N/TRANSITA | Q53: =AVERAGE(L53,MAX(M53:N53),MAX(O53:P53)) -> 0 | R53: =IF(Q53>=10,"TRANSITA","N/TRANSITA") -> N/TRANSITA | X53: =AVERAGE(S53,MAX(T53:U53),MAX(V53:W53)) -> 0 | Y53: =SUM(J53,Q53,X53)/3 -> 0 | Z53: =IF(Y53>=10,"TRANSITA","N/TRANSITA") -> N/TRANSITA
B54: 46 | C54: Paulina Malonda Simba Panzo | E54: 10 | F54: 5 | H54: 8 | J54: =AVERAGE(E54,MAX(F54:G54),MAX(H54:I54)) -> 7.6666667 | K54: =IF(J54>=10,"TRANSITA","N/TRANSITA") -> N/TRANSITA | L54: 0 | M54: 5 | O54: 10 | Q54: =AVERAGE(L54,MAX(M54:N54),MAX(O54:P54)) -> 5 | R54: =IF(Q54>=10,"TRANSITA","N/TRANSITA") -> N/TRANSITA | X54: =AVERAGE(S54,MAX(T54:U54),MAX(V54:W54)) -> 0 | Y54: =SUM(J54,Q54,X54)/3 -> 4.2222222 | Z54: =IF(Y54>=10,"TRANSITA","N/TRANSITA") -> N/TRANSITA
B55: 47 | C55: Paulo De Jesus Camango André | E55: 15 | F55: 12 | H55: 4 | J55: =AVERAGE(E55,MAX(F55:G55),MAX(H55:I55)) -> 10.333333 | K55: =IF(J55>=10,"TRANSITA","N/TRANSITA") -> TRANSITA | L55: 4 | M55: 8 | O55: 18 | Q55: =AVERAGE(L55,MAX(M55:N55),MAX(O55:P55)) -> 10 | R55: =IF(Q55>=10,"TRANSITA","N/TRANSITA") -> TRANSITA | X55: =AVERAGE(S55,MAX(T55:U55),MAX(V55:W55)) -> 0 | Y55: =SUM(J55,Q55,X55)/3 -> 6.7777778 | Z55: =IF(Y55>=10,"TRANSITA","N/TRANSITA") -> N/TRANSITA
B56: 48 | C56: Perpétua Teresa Vuili Kilombo | E56: 17 | F56: 10 | H56: 11 | J56: =AVERAGE(E56,MAX(F56:G56),MAX(H56:I56)) -> 12.666667 | K56: =IF(J56>=10,"TRANSITA","N/TRANSITA") -> TRANSITA | L56: 4 | M56: 8 | O56: 13 | Q56: =AVERAGE(L56,MAX(M56:N56),MAX(O56:P56)) -> 8.3333333 | R56: =IF(Q56>=10,"TRANSITA","N/TRANSITA") -> N/TRANSITA | X56: =AVERAGE(S56,MAX(T56:U56),MAX(V56:W56)) -> 0 | Y56: =SUM(J56,Q56,X56)/3 -> 7 | Z56: =IF(Y56>=10,"TRANSITA","N/TRANSITA") -> N/TRANSITA
B57: 49 | C57: Rosangela Andreia Pedro Brás Tati | E57: 20 | F57: 20 | H57: 20 | J57: =AVERAGE(E57,MAX(F57:G57),MAX(H57:I57)) -> 20 | K57: =IF(J57>=10,"TRANSITA","N/TRANSITA") -> TRANSITA | L57: 19 | M57: 20 | O57: 20 | Q57: =AVERAGE(L57,MAX(M57:N57),MAX(O57:P57)) -> 19.666667 | R57: =IF(Q57>=10,"TRANSITA","N/TRANSITA") -> TRANSITA | X57: =AVERAGE(S57,MAX(T57:U57),MAX(V57:W57)) -> 0 | Y57: =SUM(J57,Q57,X57)/3 -> 13.222222 | Z57: =IF(Y57>=10,"TRANSITA","N/TRANSITA") -> TRANSITA
B58: 50 | C58: Simélia Milando Pungui | J58: =AVERAGE(E58,MAX(F58:G58),MAX(H58:I58)) -> 0 | K58: =IF(J58>=10,"TRANSITA","N/TRANSITA") -> N/TRANSITA | Q58: =AVERAGE(L58,MAX(M58:N58),MAX(O58:P58)) -> 0 | R58: =IF(Q58>=10,"TRANSITA","N/TRANSITA") -> N/TRANSITA | X58: =AVERAGE(S58,MAX(T58:U58),MAX(V58:W58)) -> 0 | Y58: =SUM(J58,Q58,X58)/3 -> 0 | Z58: =IF(Y58>=10,"TRANSITA","N/TRANSITA") -> N/TRANSITA
B59: 51 | C59: Teresa Ndonda Costa | E59: 13 | F59: 10 | H59: 16 | J59: =AVERAGE(E59,MAX(F59:G59),MAX(H59:I59)) -> 13 | K59: =IF(J59>=10,"TRANSITA","N/TRANSITA") -> TRANSITA | L59: 8 | M59: 1 | O59: 17 | Q59: =AVERAGE(L59,MAX(M59:N59),MAX(O59:P59)) -> 8.6666667 | R59: =IF(Q59>=10,"TRANSITA","N/TRANSITA") -> N/TRANSITA | X59: =AVERAGE(S59,MAX(T59:U59),MAX(V59:W59)) -> 0 | Y59: =SUM(J59,Q59,X59)/3 -> 7.2222222 | Z59: =IF(Y59>=10,"TRANSITA","N/TRANSITA") -> N/TRANSITA
B60: 52 | C60: Teresa Tchiânica Londa Futi | E60: 14 | F60: 12 | H60: 19 | J60: =AVERAGE(E60,MAX(F60:G60),MAX(H60:I60)) -> 15 | K60: =IF(J60>=10,"TRANSITA","N/TRANSITA") -> TRANSITA | L60: 16 | M60: 15 | O60: 19 | Q60: =AVERAGE(L60,MAX(M60:N60),MAX(O60:P60)) -> 16.666667 | R60: =IF(Q60>=10,"TRANSITA","N/TRANSITA") -> TRANSITA | X60: =AVERAGE(S60,MAX(T60:U60),MAX(V60:W60)) -> 0 | Y60: =SUM(J60,Q60,X60)/3 -> 10.555556 | Z60: =IF(Y60>=10,"TRANSITA","N/TRANSITA") -> TRANSITA
B61: 53 | C61: Tiago Nguala Puna Vela | E61: 14 | F61: 19 | H61: 20 | J61: =AVERAGE(E61,MAX(F61:G61),MAX(H61:I61)) -> 17.666667 | K61: =IF(J61>=10,"TRANSITA","N/TRANSITA") -> TRANSITA | L61: 18 | M61: 20 | O61: 18 | Q61: =AVERAGE(L61,MAX(M61:N61),MAX(O61:P61)) -> 18.666667 | R61: =IF(Q61>=10,"TRANSITA","N/TRANSITA") -> TRANSITA | X61: =AVERAGE(S61,MAX(T61:U61),MAX(V61:W61)) -> 0 | Y61: =SUM(J61,Q61,X61)/3 -> 12.111111 | Z61: =IF(Y61>=10,"TRANSITA","N/TRANSITA") -> TRANSITA
B62: 54 | C62: Virgínia Béua Bachi | E62: 16 | F62: 16 | H62: 20 | J62: =AVERAGE(E62,MAX(F62:G62),MAX(H62:I62)) -> 17.333333 | K62: =IF(J62>=10,"TRANSITA","N/TRANSITA") -> TRANSITA | L62: 16 | M62: 13 | O62: 18 | Q62: =AVERAGE(L62,MAX(M62:N62),MAX(O62:P62)) -> 15.666667 | R62: =IF(Q62>=10,"TRANSITA","N/TRANSITA") -> TRANSITA | X62: =AVERAGE(S62,MAX(T62:U62),MAX(V62:W62)) -> 0 | Y62: =SUM(J62,Q62,X62)/3 -> 11 | Z62: =IF(Y62>=10,"TRANSITA","N/TRANSITA") -> TRANSITA
B63: 55 | C63: Zacarias Bungo Nguimbi | E63: 15 | F63: 11 | H63: 11 | J63: =AVERAGE(E63,MAX(F63:G63),MAX(H63:I63)) -> 12.333333 | K63: =IF(J63>=10,"TRANSITA","N/TRANSITA") -> TRANSITA | L63: 15 | M63: 14 | O63: 17 | Q63: =AVERAGE(L63,MAX(M63:N63),MAX(O63:P63)) -> 15.333333 | R63: =IF(Q63>=10,"TRANSITA","N/TRANSITA") -> TRANSITA | X63: =AVERAGE(S63,MAX(T63:U63),MAX(V63:W63)) -> 0 | Y63: =SUM(J63,Q63,X63)/3 -> 9.2222222 | Z63: =IF(Y63>=10,"TRANSITA","N/TRANSITA") -> N/TRANSITA
A66: O (A) Professor (a) | S66: O Subdirector Pedagógico
A67: _______________________________ | S67: ___________________________
S68: ALBERTO SASSA TATI

Sheet 11CL-FAR-PATOL
A1: INSTITUTO TÉCNICP PRIVADO DE SAÚDE JOMORAIS
I3: DATA: 12/12/2025
B4: Classe: 11ª | I4: Disciplina: Patologia | V4: Ano Lectivo:2025/2026
B5: Período: Vespertino | I5: Turma: Única | X5: Curso: FARMÁCIA
B6: MINI-PAUTA - TÉCNICO DE SAÚDE
B7: Nº | C7: Nome do (a) Aluno (a) | D7: FALTAS | E7: Avaliações/I Trimestre | K7: OBS | L7: Avaliações/II Trimestre | R7: OBS | S7: Avaliações/IIITrimestre | Y7: MFD | Z7: OBS | AA7: M | AB7: F | AC7: TRANSITA | AD7: N/TRANSITA | AE7: E.E.F
D8: J/I | E8: MAC | F8: NPP | G8: NPR1 | H8: NPT | I8: NPR2 | J8: MT1 | L8: MAC | M8: NPP | N8: NPR1 | O8: NPT | P8: NPR2 | Q8: MT2 | S8: MAC | T8: NPP | U8: NPR1 | V8: NPT | W8: NPR2 | X8: MT3 | AA8: =COUNTIF(Z9:Z69,"M") -> 0 | AB8: =COUNTIF(Z9:Z69,"F") -> 0 | AC8: =COUNTIF(Z9:Z69,"TRANSITA") -> 0 | AD8: =COUNTIF(Z9:Z69,"N/TRANSITA") -> 55 | AE8: =COUNTIF(Z9:Z69,"E.E.F") -> 0
B9: 1 | C9: Alice Cungi Alfredo | E9: 0 | F9: 9 | H9: 0 | J9: =AVERAGE(E9,MAX(F9:G9),MAX(H9:I9)) -> 3 | K9: =IF(J9>=10,"TRANSITA","N/TRANSITA") -> N/TRANSITA | L9: 11 | M9: 3.5 | O9: 2 | Q9: =AVERAGE(L9,MAX(M9:N9),MAX(O9:P9)) -> 5.5 | R9: =IF(Q9>=10,"TRANSITA","N/TRANSITA") -> N/TRANSITA | X9: =AVERAGE(S9,MAX(T9:U9),MAX(V9:W9)) -> 0 | Y9: =SUM(J9,Q9,X9)/3 -> 2.8333333 | Z9: =IF(Y9>=10,"TRANSITA","N/TRANSITA") -> N/TRANSITA
B10: 2 | C10: Amélia Mauricio Macaia | E10: 20 | F10: 5 | H10: 8 | J10: =AVERAGE(E10,MAX(F10:G10),MAX(H10:I10)) -> 11 | K10: =IF(J10>=10,"TRANSITA","N/TRANSITA") -> TRANSITA | L10: 10 | M10: 0 | O10: 6 | Q10: =AVERAGE(L10,MAX(M10:N10),MAX(O10:P10)) -> 5.3333333 | R10: =IF(Q10>=10,"TRANSITA","N/TRANSITA") -> N/TRANSITA | X10: =AVERAGE(S10,MAX(T10:U10),MAX(V10:W10)) -> 0 | Y10: =SUM(J10,Q10,X10)/3 -> 5.4444444 | Z10: =IF(Y10>=10,"TRANSITA","N/TRANSITA") -> N/TRANSITA | AA10: =SUM(AA8:AB9) -> 0
B11: 3 | C11: Angelina Umba Esperança Luyeye | E11: 20 | F11: 8 | H11: 10 | J11: =AVERAGE(E11,MAX(F11:G11),MAX(H11:I11)) -> 12.666667 | K11: =IF(J11>=10,"TRANSITA","N/TRANSITA") -> TRANSITA | L11: 15 | M11: 15 | O11: 4 | Q11: =AVERAGE(L11,MAX(M11:N11),MAX(O11:P11)) -> 11.333333 | R11: =IF(Q11>=10,"TRANSITA","N/TRANSITA") -> TRANSITA | X11: =AVERAGE(S11,MAX(T11:U11),MAX(V11:W11)) -> 0 | Y11: =SUM(J11,Q11,X11)/3 -> 8 | Z11: =IF(Y11>=10,"TRANSITA","N/TRANSITA") -> N/TRANSITA
B12: 4 | C12: Armindo Maciala Mendes | E12: 20 | F12: 13 | H12: 11 | J12: =AVERAGE(E12,MAX(F12:G12),MAX(H12:I12)) -> 14.666667 | K12: =IF(J12>=10,"TRANSITA","N/TRANSITA") -> TRANSITA | L12: 14 | M12: 14 | O12: 7 | Q12: =AVERAGE(L12,MAX(M12:N12),MAX(O12:P12)) -> 11.666667 | R12: =IF(Q12>=10,"TRANSITA","N/TRANSITA") -> TRANSITA | X12: =AVERAGE(S12,MAX(T12:U12),MAX(V12:W12)) -> 0 | Y12: =SUM(J12,Q12,X12)/3 -> 8.7777778 | Z12: =IF(Y12>=10,"TRANSITA","N/TRANSITA") -> N/TRANSITA
B13: 5 | C13: Beatriz Lelo Nombo | E13: 20 | F13: 13 | H13: 17 | J13: =AVERAGE(E13,MAX(F13:G13),MAX(H13:I13)) -> 16.666667 | K13: =IF(J13>=10,"TRANSITA","N/TRANSITA") -> TRANSITA | L13: 10 | M13: 10 | O13: 10 | Q13: =AVERAGE(L13,MAX(M13:N13),MAX(O13:P13)) -> 10 | R13: =IF(Q13>=10,"TRANSITA","N/TRANSITA") -> TRANSITA | X13: =AVERAGE(S13,MAX(T13:U13),MAX(V13:W13)) -> 0 | Y13: =SUM(J13,Q13,X13)/3 -> 8.8888889 | Z13: =IF(Y13>=10,"TRANSITA","N/TRANSITA") -> N/TRANSITA
B14: 6 | C14: Carolina Zuzi Nhimi | E14: 0 | F14: 12 | H14: 17.5 | J14: =AVERAGE(E14,MAX(F14:G14),MAX(H14:I14)) -> 9.8333333 | K14: =IF(J14>=10,"TRANSITA","N/TRANSITA") -> N/TRANSITA | L14: 10 | M14: 9 | O14: 8 | Q14: =AVERAGE(L14,MAX(M14:N14),MAX(O14:P14)) -> 9 | R14: =IF(Q14>=10,"TRANSITA","N/TRANSITA") -> N/TRANSITA | X14: =AVERAGE(S14,MAX(T14:U14),MAX(V14:W14)) -> 0 | Y14: =SUM(J14,Q14,X14)/3 -> 6.2777778 | Z14: =IF(Y14>=10,"TRANSITA","N/TRANSITA") -> N/TRANSITA
B15: 7 | C15: Catarina Simba Buela | E15: 20 | F15: 10 | H15: 5 | J15: =AVERAGE(E15,MAX(F15:G15),MAX(H15:I15)) -> 11.666667 | K15: =IF(J15>=10,"TRANSITA","N/TRANSITA") -> TRANSITA | L15: 10 | M15: 12 | O15: 12 | Q15: =AVERAGE(L15,MAX(M15:N15),MAX(O15:P15)) -> 11.333333 | R15: =IF(Q15>=10,"TRANSITA","N/TRANSITA") -> TRANSITA | X15: =AVERAGE(S15,MAX(T15:U15),MAX(V15:W15)) -> 0 | Y15: =SUM(J15,Q15,X15)/3 -> 7.6666667 | Z15: =IF(Y15>=10,"TRANSITA","N/TRANSITA") -> N/TRANSITA
B16: 8 | C16: Cecília Suami Lando Massiala | E16: 0 | F16: 0 | H16: 5 | J16: =AVERAGE(E16,MAX(F16:G16),MAX(H16:I16)) -> 1.6666667 | K16: =O19 -> 8 | L16: 7 | M16: 9 | O16: 1 | Q16: =AVERAGE(L16,MAX(M16:N16),MAX(O16:P16)) -> 5.6666667 | R16: =IF(Q16>=10,"TRANSITA","N/TRANSITA") -> N/TRANSITA | X16: =AVERAGE(S16,MAX(T16:U16),MAX(V16:W16)) -> 0 | Y16: =SUM(J16,Q16,X16)/3 -> 2.4444444 | Z16: =IF(Y16>=10,"TRANSITA","N/TRANSITA") -> N/TRANSITA
B17: 9 | C17: Clara Sungo Buati Chiânica | E17: 20 | F17: 10 | H17: 5 | J17: =AVERAGE(E17,MAX(F17:G17),MAX(H17:I17)) -> 11.666667 | K17: =IF(J17>=10,"TRANSITA","N/TRANSITA") -> TRANSITA | L17: 10 | M17: 14.5 | O17: 10 | Q17: =AVERAGE(L17,MAX(M17:N17),MAX(O17:P17)) -> 11.5 | R17: =IF(Q17>=10,"TRANSITA","N/TRANSITA") -> TRANSITA | X17: =AVERAGE(S17,MAX(T17:U17),MAX(V17:W17)) -> 0 | Y17: =SUM(J17,Q17,X17)/3 -> 7.7222222 | Z17: =IF(Y17>=10,"TRANSITA","N/TRANSITA") -> N/TRANSITA
B18: 10 | C18: Clementina Paca V. Guimbi | E18: 0 | F18: 8 | H18: 6 | J18: =AVERAGE(E18,MAX(F18:G18),MAX(H18:I18)) -> 4.6666667 | K18: =IF(J18>=10,"TRANSITA","N/TRANSITA") -> N/TRANSITA | L18: 11 | M18: 9 | Q18: =AVERAGE(L18,MAX(M18:N18),MAX(O18:P18)) -> 6.6666667 | R18: =IF(Q18>=10,"TRANSITA","N/TRANSITA") -> N/TRANSITA | X18: =AVERAGE(S18,MAX(T18:U18),MAX(V18:W18)) -> 0 | Y18: =SUM(J18,Q18,X18)/3 -> 3.7777778 | Z18: =IF(Y18>=10,"TRANSITA","N/TRANSITA") -> N/TRANSITA
B19: 11 | C19: Cleúsia Da Conceição Mboco Kilombo | E19: 0 | F19: 6.5 | H19: 5 | J19: =AVERAGE(E19,MAX(F19:G19),MAX(H19:I19)) -> 3.8333333 | K19: =IF(J19>=10,"TRANSITA","N/TRANSITA") -> N/TRANSITA | L19: 13 | M19: 13 | O19: 8 | Q19: =AVERAGE(L19,MAX(M19:N19),MAX(O19:P19)) -> 11.333333 | R19: =IF(Q19>=10,"TRANSITA","N/TRANSITA") -> TRANSITA | X19: =AVERAGE(S19,MAX(T19:U19),MAX(V19:W19)) -> 0 | Y19: =SUM(J19,Q19,X19)/3 -> 5.0555556 | Z19: =IF(Y19>=10,"TRANSITA","N/TRANSITA") -> N/TRANSITA
B20: 12 | C20: Damália Isaias Bumba | E20: 20 | F20: 16 | H20: 7.5 | J20: =AVERAGE(E20,MAX(F20:G20),MAX(H20:I20)) -> 14.5 | K20: =IF(J20>=10,"TRANSITA","N/TRANSITA") -> TRANSITA | L20: 15 | M20: 15 | O20: 4 | Q20: =AVERAGE(L20,MAX(M20:N20),MAX(O20:P20)) -> 11.333333 | R20: =IF(Q20>=10,"TRANSITA","N/TRANSITA") -> TRANSITA | X20: =AVERAGE(S20,MAX(T20:U20),MAX(V20:W20)) -> 0 | Y20: =SUM(J20,Q20,X20)/3 -> 8.6111111 | Z20: =IF(Y20>=10,"TRANSITA","N/TRANSITA") -> N/TRANSITA
B21: 13 | C21: Divina Pemba Dembe | E21: 20 | F21: 10 | H21: 12.5 | J21: =AVERAGE(E21,MAX(F21:G21),MAX(H21:I21)) -> 14.166667 | K21: =IF(J21>=10,"TRANSITA","N/TRANSITA") -> TRANSITA | L21: 10 | M21: 10 | O21: 10 | Q21: =AVERAGE(L21,MAX(M21:N21),MAX(O21:P21)) -> 10 | R21: =IF(Q21>=10,"TRANSITA","N/TRANSITA") -> TRANSITA | X21: =AVERAGE(S21,MAX(T21:U21),MAX(V21:W21)) -> 0 | Y21: =SUM(J21,Q21,X21)/3 -> 8.0555556 | Z21: =IF(Y21>=10,"TRANSITA","N/TRANSITA") -> N/TRANSITA
B22: 14 | C22: Emíliana Pemba Baza Jonace | E22: 20 | F22: 9 | H22: 20 | J22: =AVERAGE(E22,MAX(F22:G22),MAX(H22:I22)) -> 16.333333 | K22: =IF(J22>=10,"TRANSITA","N/TRANSITA") -> TRANSITA | L22: 11 | M22: 12.5 | O22: 3 | Q22: =AVERAGE(L22,MAX(M22:N22),MAX(O22:P22)) -> 8.8333333 | R22: =IF(Q22>=10,"TRANSITA","N/TRANSITA") -> N/TRANSITA | X22: =AVERAGE(S22,MAX(T22:U22),MAX(V22:W22)) -> 0 | Y22: =SUM(J22,Q22,X22)/3 -> 8.3888889 | Z22: =IF(Y22>=10,"TRANSITA","N/TRANSITA") -> N/TRANSITA
B23: 15 | C23: Esmênia Constância Pedro Mendes | E23: 0 | F23: 10.5 | H23: 2.5 | J23: =AVERAGE(E23,MAX(F23:G23),MAX(H23:I23)) -> 4.3333333 | K23: =IF(J23>=10,"TRANSITA","N/TRANSITA") -> N/TRANSITA | L23: 12 | M23: 13.5 | O23: 8 | Q23: =AVERAGE(L23,MAX(M23:N23),MAX(O23:P23)) -> 11.166667 | R23: =IF(Q23>=10,"TRANSITA","N/TRANSITA") -> TRANSITA | X23: =AVERAGE(S23,MAX(T23:U23),MAX(V23:W23)) -> 0 | Y23: =SUM(J23,Q23,X23)/3 -> 5.1666667 | Z23: =IF(Y23>=10,"TRANSITA","N/TRANSITA") -> N/TRANSITA
B24: 16 | C24: Esperança Muanda | E24: 0 | F24: 14 | H24: 5 | J24: =AVERAGE(E24,MAX(F24:G24),MAX(H24:I24)) -> 6.3333333 | K24: =IF(J24>=10,"TRANSITA","N/TRANSITA") -> N/TRANSITA | L24: 10 | M24: 7 | O24: 8 | Q24: =AVERAGE(L24,MAX(M24:N24),MAX(O24:P24)) -> 8.3333333 | R24: =IF(Q24>=10,"TRANSITA","N/TRANSITA") -> N/TRANSITA | X24: =AVERAGE(S24,MAX(T24:U24),MAX(V24:W24)) -> 0 | Y24: =SUM(J24,Q24,X24)/3 -> 4.8888889 | Z24: =IF(Y24>=10,"TRANSITA","N/TRANSITA") -> N/TRANSITA
B25: 17 | C25: Esperança Velância Gomes | F25: 11 | H25: 0 | J25: =AVERAGE(E25,MAX(F25:G25),MAX(H25:I25)) -> 5.5 | K25: =IF(J25>=10,"TRANSITA","N/TRANSITA") -> N/TRANSITA | L25: 9 | M25: 7 | O25: 4 | Q25: =AVERAGE(L25,MAX(M25:N25),MAX(O25:P25)) -> 6.6666667 | R25: =IF(Q25>=10,"TRANSITA","N/TRANSITA") -> N/TRANSITA | X25: =AVERAGE(S25,MAX(T25:U25),MAX(V25:W25)) -> 0 | Y25: =SUM(J25,Q25,X25)/3 -> 4.0555556 | Z25: =IF(Y25>=10,"TRANSITA","N/TRANSITA") -> N/TRANSITA
B26: 18 | C26: Eunice Domingas Umbar | E26: 0 | F26: 10 | H26: 7.5 | J26: =AVERAGE(E26,MAX(F26:G26),MAX(H26:I26)) -> 5.8333333 | K26: =IF(J26>=10,"TRANSITA","N/TRANSITA") -> N/TRANSITA | L26: 9 | M26: 7 | O26: 8 | Q26: =AVERAGE(L26,MAX(M26:N26),MAX(O26:P26)) -> 8 | R26: =IF(Q26>=10,"TRANSITA","N/TRANSITA") -> N/TRANSITA | X26: =AVERAGE(S26,MAX(T26:U26),MAX(V26:W26)) -> 0 | Y26: =SUM(J26,Q26,X26)/3 -> 4.6111111 | Z26: =IF(Y26>=10,"TRANSITA","N/TRANSITA") -> N/TRANSITA
B27: 19 | C27: Faustino Cardoso | E27: 16 | F27: 9 | H27: 8 | J27: =AVERAGE(E27,MAX(F27:G27),MAX(H27:I27)) -> 11 | K27: =IF(J27>=10,"TRANSITA","N/TRANSITA") -> TRANSITA | L27: 10 | M27: 13.5 | O27: 4 | Q27: =AVERAGE(L27,MAX(M27:N27),MAX(O27:P27)) -> 9.1666667 | R27: =IF(Q27>=10,"TRANSITA","N/TRANSITA") -> N/TRANSITA | X27: =AVERAGE(S27,MAX(T27:U27),MAX(V27:W27)) -> 0 | Y27: =SUM(J27,Q27,X27)/3 -> 6.7222222 | Z27: =IF(Y27>=10,"TRANSITA","N/TRANSITA") -> N/TRANSITA
B28: 20 | C28: Felicidade Buzi Guerra | E28: 0 | F28: 0 | H28: 5 | J28: =AVERAGE(E28,MAX(F28:G28),MAX(H28:I28)) -> 1.6666667 | K28: =IF(J28>=10,"TRANSITA","N/TRANSITA") -> N/TRANSITA | Q28: =AVERAGE(L28,MAX(M28:N28),MAX(O28:P28)) -> 0 | R28: =IF(Q28>=10,"TRANSITA","N/TRANSITA") -> N/TRANSITA | X28: =AVERAGE(S28,MAX(T28:U28),MAX(V28:W28)) -> 0 | Y28: =SUM(J28,Q28,X28)/3 -> 0.55555556 | Z28: =IF(Y28>=10,"TRANSITA","N/TRANSITA") -> N/TRANSITA
B29: 21 | C29: Filipe Binjunga Futi | E29: 0 | F29: 9 | H29: 12.5 | J29: =AVERAGE(E29,MAX(F29:G29),MAX(H29:I29)) -> 7.1666667 | K29: =IF(J29>=10,"TRANSITA","N/TRANSITA") -> N/TRANSITA | L29: 7 | M29: 3.5 | O29: 7 | Q29: =AVERAGE(L29,MAX(M29:N29),MAX(O29:P29)) -> 5.8333333 | R29: =IF(Q29>=10,"TRANSITA","N/TRANSITA") -> N/TRANSITA | X29: =AVERAGE(S29,MAX(T29:U29),MAX(V29:W29)) -> 0 | Y29: =SUM(J29,Q29,X29)/3 -> 4.3333333 | Z29: =IF(Y29>=10,"TRANSITA","N/TRANSITA") -> N/TRANSITA
B30: 22 | C30: Graça Tucola Mavungo | E30: 0 | F30: 9 | H30: 7.5 | J30: =AVERAGE(E30,MAX(F30:G30),MAX(H30:I30)) -> 5.5 | K30: =IF(J30>=10,"TRANSITA","N/TRANSITA") -> N/TRANSITA | L30: 12 | M30: 14 | O30: 7 | Q30: =AVERAGE(L30,MAX(M30:N30),MAX(O30:P30)) -> 11 | R30: =IF(Q30>=10,"TRANSITA","N/TRANSITA") -> TRANSITA | X30: =AVERAGE(S30,MAX(T30:U30),MAX(V30:W30)) -> 0 | Y30: =SUM(J30,Q30,X30)/3 -> 5.5 | Z30: =IF(Y30>=10,"TRANSITA","N/TRANSITA") -> N/TRANSITA
B31: 23 | C31: Helena Ernestina Pemba Cole | J31: =AVERAGE(E31,MAX(F31:G31),MAX(H31:I31)) -> 0 | K31: =IF(J31>=10,"TRANSITA","N/TRANSITA") -> N/TRANSITA | L31: 11 | M31: 11 | O31: 4 | Q31: =AVERAGE(L31,MAX(M31:N31),MAX(O31:P31)) -> 8.6666667 | R31: =IF(Q31>=10,"TRANSITA","N/TRANSITA") -> N/TRANSITA | X31: =AVERAGE(S31,MAX(T31:U31),MAX(V31:W31)) -> 0 | Y31: =SUM(J31,Q31,X31)/3 -> 2.8888889 | Z31: =IF(Y31>=10,"TRANSITA","N/TRANSITA") -> N/TRANSITA
B32: 24 | C32: Imaculada Da Conceiãção Cungi Zau | E32: 20 | F32: 10 | H32: 2.5 | J32: =AVERAGE(E32,MAX(F32:G32),MAX(H32:I32)) -> 10.833333 | K32: =IF(J32>=10,"TRANSITA","N/TRANSITA") -> TRANSITA | L32: 10 | M32: 17 | O32: 4 | Q32: =AVERAGE(L32,MAX(M32:N32),MAX(O32:P32)) -> 10.333333 | R32: =IF(Q32>=10,"TRANSITA","N/TRANSITA") -> TRANSITA | X32: =AVERAGE(S32,MAX(T32:U32),MAX(V32:W32)) -> 0 | Y32: =SUM(J32,Q32,X32)/3 -> 7.0555556 | Z32: =IF(Y32>=10,"TRANSITA","N/TRANSITA") -> N/TRANSITA
B33: 25 | C33: Isabel Buanga Lelo Mendes | E33: 20 | F33: 10 | H33: 10 | J33: =AVERAGE(E33,MAX(F33:G33),MAX(H33:I33)) -> 13.333333 | K33: =IF(J33>=10,"TRANSITA","N/TRANSITA") -> TRANSITA | L33: 15 | M33: 15 | O33: 0 | Q33: =AVERAGE(L33,MAX(M33:N33),MAX(O33:P33)) -> 10 | R33: =IF(Q33>=10,"TRANSITA","N/TRANSITA") -> TRANSITA | X33: =AVERAGE(S33,MAX(T33:U33),MAX(V33:W33)) -> 0 | Y33: =SUM(J33,Q33,X33)/3 -> 7.7777778 | Z33: =IF(Y33>=10,"TRANSITA","N/TRANSITA") -> N/TRANSITA
B34: 26 | C34: Isabel Domingas Futi | E34: 20 | F34: 16 | H34: 10 | J34: =AVERAGE(E34,MAX(F34:G34),MAX(H34:I34)) -> 15.333333 | K34: =IF(J34>=10,"TRANSITA","N/TRANSITA") -> TRANSITA | L34: 10 | M34: 16 | O34: 12 | Q34: =AVERAGE(L34,MAX(M34:N34),MAX(O34:P34)) -> 12.666667 | R34: =IF(Q34>=10,"TRANSITA","N/TRANSITA") -> TRANSITA | X34: =AVERAGE(S34,MAX(T34:U34),MAX(V34:W34)) -> 0 | Y34: =SUM(J34,Q34,X34)/3 -> 9.3333333 | Z34: =IF(Y34>=10,"TRANSITA","N/TRANSITA") -> N/TRANSITA
B35: 27 | C35: Joana Bizi Muanda Bungo | E35: 0 | F35: 6 | H35: 7.5 | J35: =AVERAGE(E35,MAX(F35:G35),MAX(H35:I35)) -> 4.5 | K35: =IF(J35>=10,"TRANSITA","N/TRANSITA") -> N/TRANSITA | Q35: =AVERAGE(L35,MAX(M35:N35),MAX(O35:P35)) -> 0 | R35: =IF(Q35>=10,"TRANSITA","N/TRANSITA") -> N/TRANSITA | X35: =AVERAGE(S35,MAX(T35:U35),MAX(V35:W35)) -> 0 | Y35: =SUM(J35,Q35,X35)/3 -> 1.5 | Z35: =IF(Y35>=10,"TRANSITA","N/TRANSITA") -> N/TRANSITA
B36: 28 | C36: Jaquelina Malonda Muanda Mbumba | E36: 20 | F36: 6 | H36: 12.5 | J36: =AVERAGE(E36,MAX(F36:G36),MAX(H36:I36)) -> 12.833333 | K36: =IF(J36>=10,"TRANSITA","N/TRANSITA") -> TRANSITA | L36: 12 | M36: 12.5 | O36: 17 | Q36: =AVERAGE(L36,MAX(M36:N36),MAX(O36:P36)) -> 13.833333 | R36: =IF(Q36>=10,"TRANSITA","N/TRANSITA") -> TRANSITA | X36: =AVERAGE(S36,MAX(T36:U36),MAX(V36:W36)) -> 0 | Y36: =SUM(J36,Q36,X36)/3 -> 8.8888889 | Z36: =IF(Y36>=10,"TRANSITA","N/TRANSITA") -> N/TRANSITA
B37: 29 | C37: José Mavungo Dungi | E37: 20 | F37: 16 | H37: 16 | J37: =AVERAGE(E37,MAX(F37:G37),MAX(H37:I37)) -> 17.333333 | K37: =IF(J37>=10,"TRANSITA","N/TRANSITA") -> TRANSITA | L37: 8 | M37: 13 | O37: 9 | Q37: =AVERAGE(L37,MAX(M37:N37),MAX(O37:P37)) -> 10 | R37: =IF(Q37>=10,"TRANSITA","N/TRANSITA") -> TRANSITA | X37: =AVERAGE(S37,MAX(T37:U37),MAX(V37:W37)) -> 0 | Y37: =SUM(J37,Q37,X37)/3 -> 9.1111111 | Z37: =IF(Y37>=10,"TRANSITA","N/TRANSITA") -> N/TRANSITA
B38: 30 | C38: Jose Nhimi Cesse | E38: 20 | F38: 9 | H38: 2.5 | J38: =AVERAGE(E38,MAX(F38:G38),MAX(H38:I38)) -> 10.5 | K38: =IF(J38>=10,"TRANSITA","N/TRANSITA") -> TRANSITA | L38: 10 | M38: 16.5 | O38: 4 | Q38: =AVERAGE(L38,MAX(M38:N38),MAX(O38:P38)) -> 10.166667 | R38: =IF(Q38>=10,"TRANSITA","N/TRANSITA") -> TRANSITA | X38: =AVERAGE(S38,MAX(T38:U38),MAX(V38:W38)) -> 0 | Y38: =SUM(J38,Q38,X38)/3 -> 6.8888889 | Z38: =IF(Y38>=10,"TRANSITA","N/TRANSITA") -> N/TRANSITA
B39: 31 | C39: Josefina Milonge Poba Ndoqui | J39: =AVERAGE(E39,MAX(F39:G39),MAX(H39:I39)) -> 0 | K39: =IF(J39>=10,"TRANSITA","N/TRANSITA") -> N/TRANSITA | L39: 12 | M39: 12.5 | O39: 1 | Q39: =AVERAGE(L39,MAX(M39:N39),MAX(O39:P39)) -> 8.5 | R39: =IF(Q39>=10,"TRANSITA","N/TRANSITA") -> N/TRANSITA | X39: =AVERAGE(S39,MAX(T39:U39),MAX(V39:W39)) -> 0 | Y39: =SUM(J39,Q39,X39)/3 -> 2.8333333 | Z39: =IF(Y39>=10,"TRANSITA","N/TRANSITA") -> N/TRANSITA
B40: 32 | C40: Lídia Pemba Muel | J40: =AVERAGE(E40,MAX(F40:G40),MAX(H40:I40)) -> 0 | K40: =IF(J40>=10,"TRANSITA","N/TRANSITA") -> N/TRANSITA | L40: 17 | M40: 17 | O40: 0 | Q40: =AVERAGE(L40,MAX(M40:N40),MAX(O40:P40)) -> 11.333333 | R40: =IF(Q40>=10,"TRANSITA","N/TRANSITA") -> TRANSITA | X40: =AVERAGE(S40,MAX(T40:U40),MAX(V40:W40)) -> 0 | Y40: =SUM(J40,Q40,X40)/3 -> 3.7777778 | Z40: =IF(Y40>=10,"TRANSITA","N/TRANSITA") -> N/TRANSITA
B41: 33 | C41: Lino Futi Dinis | E41: 0 | F41: 0 | H41: 5.5 | J41: =AVERAGE(E41,MAX(F41:G41),MAX(H41:I41)) -> 1.8333333 | K41: =IF(J41>=10,"TRANSITA","N/TRANSITA") -> N/TRANSITA | L41: 9 | M41: 7 | O41: 8 | Q41: =AVERAGE(L41,MAX(M41:N41),MAX(O41:P41)) -> 8 | R41: =IF(Q41>=10,"TRANSITA","N/TRANSITA") -> N/TRANSITA | X41: =AVERAGE(S41,MAX(T41:U41),MAX(V41:W41)) -> 0 | Y41: =SUM(J41,Q41,X41)/3 -> 3.2777778 | Z41: =IF(Y41>=10,"TRANSITA","N/TRANSITA") -> N/TRANSITA
B42: 34 | C42: Lúcia Figueira Banza | E42: 20 | F42: 10 | H42: 7.5 | J42: =AVERAGE(E42,MAX(F42:G42),MAX(H42:I42)) -> 12.5 | K42: =IF(J42>=10,"TRANSITA","N/TRANSITA") -> TRANSITA | L42: 10 | M42: 2 | O42: 10 | Q42: =AVERAGE(L42,MAX(M42:N42),MAX(O42:P42)) -> 7.3333333 | R42: =IF(Q42>=10,"TRANSITA","N/TRANSITA") -> N/TRANSITA | X42: =AVERAGE(S42,MAX(T42:U42),MAX(V42:W42)) -> 0 | Y42: =SUM(J42,Q42,X42)/3 -> 6.6111111 | Z42: =IF(Y42>=10,"TRANSITA","N/TRANSITA") -> N/TRANSITA
B43: 35 | C43: Madalena Conde Tanzi | E43: 20 | F43: 5 | H43: 13.5 | J43: =AVERAGE(E43,MAX(F43:G43),MAX(H43:I43)) -> 12.833333 | K43: =IF(J43>=10,"TRANSITA","N/TRANSITA") -> TRANSITA | L43: 14 | M43: 11 | O43: 5 | Q43: =AVERAGE(L43,MAX(M43:N43),MAX(O43:P43)) -> 10 | R43: =IF(Q43>=10,"TRANSITA","N/TRANSITA") -> TRANSITA | X43: =AVERAGE(S43,MAX(T43:U43),MAX(V43:W43)) -> 0 | Y43: =SUM(J43,Q43,X43)/3 -> 7.6111111 | Z43: =IF(Y43>=10,"TRANSITA","N/TRANSITA") -> N/TRANSITA
B44: 36 | C44: Maria Alexandrina Zau Futi | E44: 20 | F44: 13 | H44: 9.5 | J44: =AVERAGE(E44,MAX(F44:G44),MAX(H44:I44)) -> 14.166667 | K44: =IF(J44>=10,"TRANSITA","N/TRANSITA") -> TRANSITA | L44: 9 | M44: 7 | O44: 12 | Q44: =AVERAGE(L44,MAX(M44:N44),MAX(O44:P44)) -> 9.3333333 | R44: =IF(Q44>=10,"TRANSITA","N/TRANSITA") -> N/TRANSITA | X44: =AVERAGE(S44,MAX(T44:U44),MAX(V44:W44)) -> 0 | Y44: =SUM(J44,Q44,X44)/3 -> 7.8333333 | Z44: =IF(Y44>=10,"TRANSITA","N/TRANSITA") -> N/TRANSITA
B45: 37 | C45: Maria Celestina Sambo Celestino | E45: 20 | F45: 9 | H45: 10 | J45: =AVERAGE(E45,MAX(F45:G45),MAX(H45:I45)) -> 13 | K45: =IF(J45>=10,"TRANSITA","N/TRANSITA") -> TRANSITA | L45: 10 | M45: 4 | O45: 12 | Q45: =AVERAGE(L45,MAX(M45:N45),MAX(O45:P45)) -> 8.6666667 | R45: =IF(Q45>=10,"TRANSITA","N/TRANSITA") -> N/TRANSITA | X45: =AVERAGE(S45,MAX(T45:U45),MAX(V45:W45)) -> 0 | Y45: =SUM(J45,Q45,X45)/3 -> 7.2222222 | Z45: =IF(Y45>=10,"TRANSITA","N/TRANSITA") -> N/TRANSITA
B46: 38 | C46: Maria de Fátima Zau | J46: =AVERAGE(E46,MAX(F46:G46),MAX(H46:I46)) -> 0 | K46: =IF(J46>=10,"TRANSITA","N/TRANSITA") -> N/TRANSITA | L46: 11 | M46: 5 | O46: 6 | Q46: =AVERAGE(L46,MAX(M46:N46),MAX(O46:P46)) -> 7.3333333 | R46: =IF(Q46>=10,"TRANSITA","N/TRANSITA") -> N/TRANSITA | X46: =AVERAGE(S46,MAX(T46:U46),MAX(V46:W46)) -> 0 | Y46: =SUM(J46,Q46,X46)/3 -> 2.4444444 | Z46: =IF(Y46>=10,"TRANSITA","N/TRANSITA") -> N/TRANSITA
B47: 39 | C47: Maria Macaia | E47: 10 | F47: 13 | H47: 7.5 | J47: =AVERAGE(E47,MAX(F47:G47),MAX(H47:I47)) -> 10.166667 | K47: =IF(J47>=10,"TRANSITA","N/TRANSITA") -> TRANSITA | L47: 12 | M47: 12 | O47: 10 | Q47: =AVERAGE(L47,MAX(M47:N47),MAX(O47:P47)) -> 11.333333 | R47: =IF(Q47>=10,"TRANSITA","N/TRANSITA") -> TRANSITA | X47: =AVERAGE(S47,MAX(T47:U47),MAX(V47:W47)) -> 0 | Y47: =SUM(J47,Q47,X47)/3 -> 7.1666667 | Z47: =IF(Y47>=10,"TRANSITA","N/TRANSITA") -> N/TRANSITA
B48: 40 | C48: Maria Madalena Mombo | E48: 20 | F48: 15 | H48: 12.5 | J48: =AVERAGE(E48,MAX(F48:G48),MAX(H48:I48)) -> 15.833333 | K48: =IF(J48>=10,"TRANSITA","N/TRANSITA") -> TRANSITA | L48: 12 | M48: 12 | O48: 6 | Q48: =AVERAGE(L48,MAX(M48:N48),MAX(O48:P48)) -> 10 | R48: =IF(Q48>=10,"TRANSITA","N/TRANSITA") -> TRANSITA | X48: =AVERAGE(S48,MAX(T48:U48),MAX(V48:W48)) -> 0 | Y48: =SUM(J48,Q48,X48)/3 -> 8.6111111 | Z48: =IF(Y48>=10,"TRANSITA","N/TRANSITA") -> N/TRANSITA
B49: 41 | C49: Maria Suami Bungo | J49: =AVERAGE(E49,MAX(F49:G49),MAX(H49:I49)) -> 0 | K49: =IF(J49>=10,"TRANSITA","N/TRANSITA") -> N/TRANSITA | Q49: =AVERAGE(L49,MAX(M49:N49),MAX(O49:P49)) -> 0 | R49: =IF(Q49>=10,"TRANSITA","N/TRANSITA") -> N/TRANSITA | X49: =AVERAGE(S49,MAX(T49:U49),MAX(V49:W49)) -> 0 | Y49: =SUM(J49,Q49,X49)/3 -> 0 | Z49: =IF(Y49>=10,"TRANSITA","N/TRANSITA") -> N/TRANSITA
B50: 42 | C50: Mateus Ndombe Muanda | E50: 20 | F50: 5 | H50: 1 | J50: =AVERAGE(E50,MAX(F50:G50),MAX(H50:I50)) -> 8.6666667 | K50: =IF(J50>=10,"TRANSITA","N/TRANSITA") -> N/TRANSITA | L50: 7 | M50: 0 | O50: 6 | Q50: =AVERAGE(L50,MAX(M50:N50),MAX(O50:P50)) -> 4.3333333 | R50: =IF(Q50>=10,"TRANSITA","N/TRANSITA") -> N/TRANSITA | X50: =AVERAGE(S50,MAX(T50:U50),MAX(V50:W50)) -> 0 | Y50: =SUM(J50,Q50,X50)/3 -> 4.3333333 | Z50: =IF(Y50>=10,"TRANSITA","N/TRANSITA") -> N/TRANSITA
B51: 43 | C51: Miguel Luimba Soca | E51: 20 | F51: 10 | H51: 12 | J51: =AVERAGE(E51,MAX(F51:G51),MAX(H51:I51)) -> 14 | K51: =IF(J51>=10,"TRANSITA","N/TRANSITA") -> TRANSITA | L51: 11 | M51: 6.5 | O51: 8 | Q51: =AVERAGE(L51,MAX(M51:N51),MAX(O51:P51)) -> 8.5 | R51: =IF(Q51>=10,"TRANSITA","N/TRANSITA") -> N/TRANSITA | X51: =AVERAGE(S51,MAX(T51:U51),MAX(V51:W51)) -> 0 | Y51: =SUM(J51,Q51,X51)/3 -> 7.5 | Z51: =IF(Y51>=10,"TRANSITA","N/TRANSITA") -> N/TRANSITA
B52: 44 | C52: Mónica Malonda Das Neves Zau | E52: 20 | F52: 0 | H52: 2.5 | J52: =AVERAGE(E52,MAX(F52:G52),MAX(H52:I52)) -> 7.5 | K52: =IF(J52>=10,"TRANSITA","N/TRANSITA") -> N/TRANSITA | Q52: =AVERAGE(L52,MAX(M52:N52),MAX(O52:P52)) -> 0 | R52: =IF(Q52>=10,"TRANSITA","N/TRANSITA") -> N/TRANSITA | X52: =AVERAGE(S52,MAX(T52:U52),MAX(V52:W52)) -> 0 | Y52: =SUM(J52,Q52,X52)/3 -> 2.5 | Z52: =IF(Y52>=10,"TRANSITA","N/TRANSITA") -> N/TRANSITA
B53: 45 | C53: Ortáncia Luemba Pitra | J53: =AVERAGE(E53,MAX(F53:G53),MAX(H53:I53)) -> 0 | K53: =IF(J53>=10,"TRANSITA","N/TRANSITA") -> N/TRANSITA | Q53: =AVERAGE(L53,MAX(M53:N53),MAX(O53:P53)) -> 0 | R53: =IF(Q53>=10,"TRANSITA","N/TRANSITA") -> N/TRANSITA | X53: =AVERAGE(S53,MAX(T53:U53),MAX(V53:W53)) -> 0 | Y53: =SUM(J53,Q53,X53)/3 -> 0 | Z53: =IF(Y53>=10,"TRANSITA","N/TRANSITA") -> N/TRANSITA
B54: 46 | C54: Paulina Malonda Simba Panzo | J54: =AVERAGE(E54,MAX(F54:G54),MAX(H54:I54)) -> 0 | K54: =IF(J54>=10,"TRANSITA","N/TRANSITA") -> N/TRANSITA | L54: 6 | M54: 7 | O54: 0 | Q54: =AVERAGE(L54,MAX(M54:N54),MAX(O54:P54)) -> 4.3333333 | R54: =IF(Q54>=10,"TRANSITA","N/TRANSITA") -> N/TRANSITA | X54: =AVERAGE(S54,MAX(T54:U54),MAX(V54:W54)) -> 0 | Y54: =SUM(J54,Q54,X54)/3 -> 1.4444444 | Z54: =IF(Y54>=10,"TRANSITA","N/TRANSITA") -> N/TRANSITA
B55: 47 | C55: Paulo De Jesus Camango André | E55: 0 | F55: 12 | H55: 0 | J55: =AVERAGE(E55,MAX(F55:G55),MAX(H55:I55)) -> 4 | K55: =IF(J55>=10,"TRANSITA","N/TRANSITA") -> N/TRANSITA | L55: 5 | M55: 4 | O55: 10 | Q55: =AVERAGE(L55,MAX(M55:N55),MAX(O55:P55)) -> 6.3333333 | R55: =IF(Q55>=10,"TRANSITA","N/TRANSITA") -> N/TRANSITA | X55: =AVERAGE(S55,MAX(T55:U55),MAX(V55:W55)) -> 0 | Y55: =SUM(J55,Q55,X55)/3 -> 3.4444444 | Z55: =IF(Y55>=10,"TRANSITA","N/TRANSITA") -> N/TRANSITA
B56: 48 | C56: Perpétua Teresa Vuili Kilombo | E56: 0 | F56: 9 | H56: 10 | J56: =AVERAGE(E56,MAX(F56:G56),MAX(H56:I56)) -> 6.3333333 | K56: =IF(J56>=10,"TRANSITA","N/TRANSITA") -> N/TRANSITA | L56: 10 | M56: 10 | O56: 8 | Q56: =AVERAGE(L56,MAX(M56:N56),MAX(O56:P56)) -> 9.3333333 | R56: =IF(Q56>=10,"TRANSITA","N/TRANSITA") -> N/TRANSITA | X56: =AVERAGE(S56,MAX(T56:U56),MAX(V56:W56)) -> 0 | Y56: =SUM(J56,Q56,X56)/3 -> 5.2222222 | Z56: =IF(Y56>=10,"TRANSITA","N/TRANSITA") -> N/TRANSITA
B57: 49 | C57: Rosangela Andreia Pedro Brás Tati | E57: 20 | F57: 13 | H57: 17.5 | J57: =AVERAGE(E57,MAX(F57:G57),MAX(H57:I57)) -> 16.833333 | K57: =IF(J57>=10,"TRANSITA","N/TRANSITA") -> TRANSITA | L57: 13 | M57: 13 | O57: 8 | Q57: =AVERAGE(L57,MAX(M57:N57),MAX(O57:P57)) -> 11.333333 | R57: =IF(Q57>=10,"TRANSITA","N/TRANSITA") -> TRANSITA | X57: =AVERAGE(S57,MAX(T57:U57),MAX(V57:W57)) -> 0 | Y57: =SUM(J57,Q57,X57)/3 -> 9.3888889 | Z57: =IF(Y57>=10,"TRANSITA","N/TRANSITA") -> N/TRANSITA
B58: 50 | C58: Simélia Milando Pungui | J58: =AVERAGE(E58,MAX(F58:G58),MAX(H58:I58)) -> 0 | K58: =IF(J58>=10,"TRANSITA","N/TRANSITA") -> N/TRANSITA | Q58: =AVERAGE(L58,MAX(M58:N58),MAX(O58:P58)) -> 0 | R58: =IF(Q58>=10,"TRANSITA","N/TRANSITA") -> N/TRANSITA | X58: =AVERAGE(S58,MAX(T58:U58),MAX(V58:W58)) -> 0 | Y58: =SUM(J58,Q58,X58)/3 -> 0 | Z58: =IF(Y58>=10,"TRANSITA","N/TRANSITA") -> N/TRANSITA
B59: 51 | C59: Teresa Ndonda Costa | E59: 0 | F59: 10 | H59: 7.5 | J59: =AVERAGE(E59,MAX(F59:G59),MAX(H59:I59)) -> 5.8333333 | K59: =IF(J59>=10,"TRANSITA","N/TRANSITA") -> N/TRANSITA | L59: 10 | M59: 9 | O59: 6 | Q59: =AVERAGE(L59,MAX(M59:N59),MAX(O59:P59)) -> 8.3333333 | R59: =IF(Q59>=10,"TRANSITA","N/TRANSITA") -> N/TRANSITA | X59: =AVERAGE(S59,MAX(T59:U59),MAX(V59:W59)) -> 0 | Y59: =SUM(J59,Q59,X59)/3 -> 4.7222222 | Z59: =IF(Y59>=10,"TRANSITA","N/TRANSITA") -> N/TRANSITA
B60: 52 | C60: Teresa Tchiânica Londa Futi | E60: 20 | F60: 6 | H60: 10 | J60: =AVERAGE(E60,MAX(F60:G60),MAX(H60:I60)) -> 12 | K60: =IF(J60>=10,"TRANSITA","N/TRANSITA") -> TRANSITA | L60: 7 | M60: 2 | O60: 8 | Q60: =AVERAGE(L60,MAX(M60:N60),MAX(O60:P60)) -> 5.6666667 | R60: =IF(Q60>=10,"TRANSITA","N/TRANSITA") -> N/TRANSITA | X60: =AVERAGE(S60,MAX(T60:U60),MAX(V60:W60)) -> 0 | Y60: =SUM(J60,Q60,X60)/3 -> 5.8888889 | Z60: =IF(Y60>=10,"TRANSITA","N/TRANSITA") -> N/TRANSITA
B61: 53 | C61: Tiago Nguala Puna Vela | E61: 20 | F61: 13 | H61: 18 | J61: =AVERAGE(E61,MAX(F61:G61),MAX(H61:I61)) -> 17 | K61: =IF(J61>=10,"TRANSITA","N/TRANSITA") -> TRANSITA | L61: 10 | M61: 11 | O61: 10 | Q61: =AVERAGE(L61,MAX(M61:N61),MAX(O61:P61)) -> 10.333333 | R61: =IF(Q61>=10,"TRANSITA","N/TRANSITA") -> TRANSITA | X61: =AVERAGE(S61,MAX(T61:U61),MAX(V61:W61)) -> 0 | Y61: =SUM(J61,Q61,X61)/3 -> 9.1111111 | Z61: =IF(Y61>=10,"TRANSITA","N/TRANSITA") -> N/TRANSITA
B62: 54 | C62: Virgínia Béua Bachi | E62: 20 | F62: 4 | H62: 8 | J62: =AVERAGE(E62,MAX(F62:G62),MAX(H62:I62)) -> 10.666667 | K62: =IF(J62>=10,"TRANSITA","N/TRANSITA") -> TRANSITA | L62: 10 | M62: 14.5 | O62: 10 | Q62: =AVERAGE(L62,MAX(M62:N62),MAX(O62:P62)) -> 11.5 | R62: =IF(Q62>=10,"TRANSITA","N/TRANSITA") -> TRANSITA | X62: =AVERAGE(S62,MAX(T62:U62),MAX(V62:W62)) -> 0 | Y62: =SUM(J62,Q62,X62)/3 -> 7.3888889 | Z62: =IF(Y62>=10,"TRANSITA","N/TRANSITA") -> N/TRANSITA
B63: 55 | C63: Zacarias Bungo Nguimbi | E63: 20 | F63: 10 | H63: 6 | J63: =AVERAGE(E63,MAX(F63:G63),MAX(H63:I63)) -> 12 | K63: =IF(J63>=10,"TRANSITA","N/TRANSITA") -> TRANSITA | L63: 18 | M63: 12 | O63: 10 | Q63: =AVERAGE(L63,MAX(M63:N63),MAX(O63:P63)) -> 13.333333 | R63: =IF(Q63>=10,"TRANSITA","N/TRANSITA") -> TRANSITA | X63: =AVERAGE(S63,MAX(T63:U63),MAX(V63:W63)) -> 0 | Y63: =SUM(J63,Q63,X63)/3 -> 8.4444444 | Z63: =IF(Y63>=10,"TRANSITA","N/TRANSITA") -> N/TRANSITA
A66: O (A) Professor (a) | S66: O Subdirector Pedagógico
A67: _______________________________ | S67: ___________________________
S68: ALBERTO SASSA TATI

Sheet 11CL-FAR-MPARASITOL
A1: INSTITUTO TÉCNICP PRIVADO DE SAÚDE JOMORAIS
I3: DATA: 12/12/2025
B4: Classe: 11ª | I4: Disciplina: Microparasitologia | V4: Ano Lectivo:2025/2026
B5: Período: Vespertino | I5: Turma: Única | X5: Curso: FARMÁCIA
B6: MINI-PAUTA - TÉCNICO DE SAÚDE
B7: Nº | C7: Nome do (a) Aluno (a) | D7: FALTAS | E7: Avaliações/I Trimestre | K7: OBS | L7: Avaliações/II Trimestre | R7: OBS | S7: Avaliações/IIITrimestre | Y7: MFD | Z7: OBS | AA7: M | AB7: F | AC7: TRANSITA | AD7: N/TRANSITA | AE7: E.E.F
D8: J/I | E8: MAC | F8: NPP | G8: NPR1 | H8: NPT | I8: NPR2 | J8: MT1 | L8: MAC | M8: NPP | N8: NPR1 | O8: NPT | P8: NPR2 | Q8: MT2 | S8: MAC | T8: NPP | U8: NPR1 | V8: NPT | W8: NPR2 | X8: MT3 | AA8: =COUNTIF(Z9:Z69,"M") -> 0 | AB8: =COUNTIF(Z9:Z69,"F") -> 0 | AC8: =COUNTIF(Z9:Z69,"TRANSITA") -> 0 | AD8: =COUNTIF(Z9:Z69,"N/TRANSITA") -> 55 | AE8: =COUNTIF(Z9:Z69,"E.E.F") -> 0
B9: 1 | C9: Alice Cungi Alfredo | E9: ='[1]11CL-FAR-PATOL'!E9 -> 0 | F9: 2.5 | H9: 1 | J9: =AVERAGE(E9,MAX(F9:G9),MAX(H9:I9)) -> 1.1666667 | K9: =IF(J9>=10,"TRANSITA","N/TRANSITA") -> N/TRANSITA | L9: 10 | M9: 8 | O9: 1.5 | Q9: =AVERAGE(L9,MAX(M9:N9),MAX(O9:P9)) -> 6.5 | R9: =IF(Q9>=10,"TRANSITA","N/TRANSITA") -> N/TRANSITA | X9: =AVERAGE(S9,MAX(T9:U9),MAX(V9:W9)) -> 0 | Y9: =SUM(J9,Q9,X9)/3 -> 2.5555556 | Z9: =IF(Y9>=10,"TRANSITA","N/TRANSITA") -> N/TRANSITA
B10: 2 | C10: Amélia Mauricio Macaia | E10: ='[1]11CL-FAR-PATOL'!E10 -> 20 | F10: 0 | H10: 9 | J10: =AVERAGE(E10,MAX(F10:G10),MAX(H10:I10)) -> 9.6666667 | K10: =IF(J10>=10,"TRANSITA","N/TRANSITA") -> N/TRANSITA | L10: 5 | M10: 0 | O10: 3.5 | Q10: =AVERAGE(L10,MAX(M10:N10),MAX(O10:P10)) -> 2.8333333 | R10: =IF(Q10>=10,"TRANSITA","N/TRANSITA") -> N/TRANSITA | X10: =AVERAGE(S10,MAX(T10:U10),MAX(V10:W10)) -> 0 | Y10: =SUM(J10,Q10,X10)/3 -> 4.1666667 | Z10: =IF(Y10>=10,"TRANSITA","N/TRANSITA") -> N/TRANSITA | AA10: =SUM(AA8:AB9) -> 0
B11: 3 | C11: Angelina Umba Esperança Luyeye | E11: ='[1]11CL-FAR-PATOL'!E11 -> 20 | F11: 0 | H11: 7 | J11: =AVERAGE(E11,MAX(F11:G11),MAX(H11:I11)) -> 9 | K11: =IF(J11>=10,"TRANSITA","N/TRANSITA") -> N/TRANSITA | L11: 14 | M11: 14 | O11: 7 | Q11: =AVERAGE(L11,MAX(M11:N11),MAX(O11:P11)) -> 11.666667 | R11: =IF(Q11>=10,"TRANSITA","N/TRANSITA") -> TRANSITA | X11: =AVERAGE(S11,MAX(T11:U11),MAX(V11:W11)) -> 0 | Y11: =SUM(J11,Q11,X11)/3 -> 6.8888889 | Z11: =IF(Y11>=10,"TRANSITA","N/TRANSITA") -> N/TRANSITA
B12: 4 | C12: Armindo Maciala Mendes | E12: ='[1]11CL-FAR-PATOL'!E12 -> 20 | F12: 6 | H12: 10 | J12: =AVERAGE(E12,MAX(F12:G12),MAX(H12:I12)) -> 12 | K12: =IF(J12>=10,"TRANSITA","N/TRANSITA") -> TRANSITA | L12: 13 | M12: 17 | O12: 1 | Q12: =AVERAGE(L12,MAX(M12:N12),MAX(O12:P12)) -> 10.333333 | R12: =IF(Q12>=10,"TRANSITA","N/TRANSITA") -> TRANSITA | X12: =AVERAGE(S12,MAX(T12:U12),MAX(V12:W12)) -> 0 | Y12: =SUM(J12,Q12,X12)/3 -> 7.4444444 | Z12: =IF(Y12>=10,"TRANSITA","N/TRANSITA") -> N/TRANSITA
B13: 5 | C13: Beatriz Lelo Nombo | E13: ='[1]11CL-FAR-PATOL'!E13 -> 20 | F13: 3 | H13: 7 | J13: =AVERAGE(E13,MAX(F13:G13),MAX(H13:I13)) -> 10 | K13: =IF(J13>=10,"TRANSITA","N/TRANSITA") -> TRANSITA | L13: 10 | M13: 16 | O13: 4 | Q13: =AVERAGE(L13,MAX(M13:N13),MAX(O13:P13)) -> 10 | R13: =IF(Q13>=10,"TRANSITA","N/TRANSITA") -> TRANSITA | X13: =AVERAGE(S13,MAX(T13:U13),MAX(V13:W13)) -> 0 | Y13: =SUM(J13,Q13,X13)/3 -> 6.6666667 | Z13: =IF(Y13>=10,"TRANSITA","N/TRANSITA") -> N/TRANSITA
B14: 6 | C14: Carolina Zuzi Nhimi | E14: ='[1]11CL-FAR-PATOL'!E14 -> 0 | F14: 2 | H14: 9 | J14: =AVERAGE(E14,MAX(F14:G14),MAX(H14:I14)) -> 3.6666667 | K14: =IF(J14>=10,"TRANSITA","N/TRANSITA") -> N/TRANSITA | L14: 10 | M14: 3 | O14: 3 | Q14: =AVERAGE(L14,MAX(M14:N14),MAX(O14:P14)) -> 5.3333333 | R14: =IF(Q14>=10,"TRANSITA","N/TRANSITA") -> N/TRANSITA | X14: =AVERAGE(S14,MAX(T14:U14),MAX(V14:W14)) -> 0 | Y14: =SUM(J14,Q14,X14)/3 -> 3 | Z14: =IF(Y14>=10,"TRANSITA","N/TRANSITA") -> N/TRANSITA
B15: 7 | C15: Catarina Simba Buela | E15: ='[1]11CL-FAR-PATOL'!E15 -> 20 | F15: 0 | H15: 8 | J15: =AVERAGE(E15,MAX(F15:G15),MAX(H15:I15)) -> 9.3333333 | K15: =IF(J15>=10,"TRANSITA","N/TRANSITA") -> N/TRANSITA | L15: 15 | M15: 16 | O15: 2.5 | Q15: =AVERAGE(L15,MAX(M15:N15),MAX(O15:P15)) -> 11.166667 | R15: =IF(Q15>=10,"TRANSITA","N/TRANSITA") -> TRANSITA | X15: =AVERAGE(S15,MAX(T15:U15),MAX(V15:W15)) -> 0 | Y15: =SUM(J15,Q15,X15)/3 -> 6.8333333 | Z15: =IF(Y15>=10,"TRANSITA","N/TRANSITA") -> N/TRANSITA
B16: 8 | C16: Cecília Suami Lando Massiala | E16: ='[1]11CL-FAR-PATOL'!E16 -> 0 | F16: 1 | H16: 5.5 | J16: =AVERAGE(E16,MAX(F16:G16),MAX(H16:I16)) -> 2.1666667 | K16: =IF(J16>=10,"TRANSITA","N/TRANSITA") -> N/TRANSITA | L16: 10 | M16: 4.5 | O16: 3 | Q16: =AVERAGE(L16,MAX(M16:N16),MAX(O16:P16)) -> 5.8333333 | R16: =IF(Q16>=10,"TRANSITA","N/TRANSITA") -> N/TRANSITA | X16: =AVERAGE(S16,MAX(T16:U16),MAX(V16:W16)) -> 0 | Y16: =SUM(J16,Q16,X16)/3 -> 2.6666667 | Z16: =IF(Y16>=10,"TRANSITA","N/TRANSITA") -> N/TRANSITA
B17: 9 | C17: Clara Sungo Buati Chiânica | E17: ='[1]11CL-FAR-PATOL'!E17 -> 20 | F17: 2 | H17: 10 | J17: =AVERAGE(E17,MAX(F17:G17),MAX(H17:I17)) -> 10.666667 | K17: =IF(J17>=10,"TRANSITA","N/TRANSITA") -> TRANSITA | L17: 8 | M17: 4 | O17: 1 | Q17: =AVERAGE(L17,MAX(M17:N17),MAX(O17:P17)) -> 4.3333333 | R17: =IF(Q17>=10,"TRANSITA","N/TRANSITA") -> N/TRANSITA | X17: =AVERAGE(S17,MAX(T17:U17),MAX(V17:W17)) -> 0 | Y17: =SUM(J17,Q17,X17)/3 -> 5 | Z17: =IF(Y17>=10,"TRANSITA","N/TRANSITA") -> N/TRANSITA
B18: 10 | C18: Clementina Paca V. Guimbi | E18: ='[1]11CL-FAR-PATOL'!E18 -> 0 | F18: 3 | H18: 4.5 | J18: =AVERAGE(E18,MAX(F18:G18),MAX(H18:I18)) -> 2.5 | K18: =IF(J18>=10,"TRANSITA","N/TRANSITA") -> N/TRANSITA | L18: 10 | M18: 14 | O18: 6 | Q18: =AVERAGE(L18,MAX(M18:N18),MAX(O18:P18)) -> 10 | R18: =IF(Q18>=10,"TRANSITA","N/TRANSITA") -> TRANSITA | X18: =AVERAGE(S18,MAX(T18:U18),MAX(V18:W18)) -> 0 | Y18: =SUM(J18,Q18,X18)/3 -> 4.1666667 | Z18: =IF(Y18>=10,"TRANSITA","N/TRANSITA") -> N/TRANSITA
B19: 11 | C19: Cleúsia Da Conceição Mboco Kilombo | E19: ='[1]11CL-FAR-PATOL'!E19 -> 0 | F19: 6 | H19: 7.5 | J19: =AVERAGE(E19,MAX(F19:G19),MAX(H19:I19)) -> 4.5 | K19: =IF(J19>=10,"TRANSITA","N/TRANSITA") -> N/TRANSITA | L19: 13 | M19: 13 | O19: 1 | Q19: =AVERAGE(L19,MAX(M19:N19),MAX(O19:P19)) -> 9 | R19: =IF(Q19>=10,"TRANSITA","N/TRANSITA") -> N/TRANSITA | X19: =AVERAGE(S19,MAX(T19:U19),MAX(V19:W19)) -> 0 | Y19: =SUM(J19,Q19,X19)/3 -> 4.5 | Z19: =IF(Y19>=10,"TRANSITA","N/TRANSITA") -> N/TRANSITA
B20: 12 | C20: Damália Isaias Bumba | E20: ='[1]11CL-FAR-PATOL'!E20 -> 20 | F20: 3 | H20: 8 | J20: =AVERAGE(E20,MAX(F20:G20),MAX(H20:I20)) -> 10.333333 | K20: =IF(J20>=10,"TRANSITA","N/TRANSITA") -> TRANSITA | L20: 12 | M20: 12 | O20: 10 | Q20: =AVERAGE(L20,MAX(M20:N20),MAX(O20:P20)) -> 11.333333 | R20: =IF(Q20>=10,"TRANSITA","N/TRANSITA") -> TRANSITA | X20: =AVERAGE(S20,MAX(T20:U20),MAX(V20:W20)) -> 0 | Y20: =SUM(J20,Q20,X20)/3 -> 7.2222222 | Z20: =IF(Y20>=10,"TRANSITA","N/TRANSITA") -> N/TRANSITA
B21: 13 | C21: Divina Pemba Dembe | E21: ='[1]11CL-FAR-PATOL'!E21 -> 20 | F21: 8 | H21: 9 | J21: =AVERAGE(E21,MAX(F21:G21),MAX(H21:I21)) -> 12.333333 | K21: =IF(J21>=10,"TRANSITA","N/TRANSITA") -> TRANSITA | L21: 11 | M21: 13 | O21: 6 | Q21: =AVERAGE(L21,MAX(M21:N21),MAX(O21:P21)) -> 10 | R21: =IF(Q21>=10,"TRANSITA","N/TRANSITA") -> TRANSITA | X21: =AVERAGE(S21,MAX(T21:U21),MAX(V21:W21)) -> 0 | Y21: =SUM(J21,Q21,X21)/3 -> 7.4444444 | Z21: =IF(Y21>=10,"TRANSITA","N/TRANSITA") -> N/TRANSITA
B22: 14 | C22: Emíliana Pemba Baza Jonace | E22: ='[1]11CL-FAR-PATOL'!E22 -> 20 | F22: 0 | H22: 6 | J22: =AVERAGE(E22,MAX(F22:G22),MAX(H22:I22)) -> 8.6666667 | K22: =IF(J22>=10,"TRANSITA","N/TRANSITA") -> N/TRANSITA | L22: 10 | M22: 3 | O22: 3.5 | Q22: =AVERAGE(L22,MAX(M22:N22),MAX(O22:P22)) -> 5.5 | R22: =IF(Q22>=10,"TRANSITA","N/TRANSITA") -> N/TRANSITA | X22: =AVERAGE(S22,MAX(T22:U22),MAX(V22:W22)) -> 0 | Y22: =SUM(J22,Q22,X22)/3 -> 4.7222222 | Z22: =IF(Y22>=10,"TRANSITA","N/TRANSITA") -> N/TRANSITA
... B27: 19 | C27: Faustino Cardoso | E27: ='[1]11CL-FAR-PATOL'!E27 -> 16 | F27: 0 | H27: 10.5 | J27: =AVERAGE(E27,MAX(F27:G27),MAX(H27:I27)) -> 8.8333333 | K27: =IF(J27>=10,"TRANSITA","N/TRANSITA") -> N/TRANSITA | L27: 9 | M27: 5 | O27: 4 | Q27: =AVERAGE(L27,MAX(M27:N27),MAX(O27:P27)) -> 6 | R27: =IF(Q27>=10,"TRANSITA","N/TRANSITA") -> N/TRANSITA | X27: =AVERAGE(S27,MAX(T27:U27),MAX(V27:W27)) -> 0 | Y27: =SUM(J27,Q27,X27)/3 -> 4.9444444 | Z27: =IF(Y27>=10,"TRANSITA","N/TRANSITA") -> N/TRANSITA
B28: 20 | C28: Felicidade Buzi Guerra | E28: ='[1]11CL-FAR-PATOL'!E28 -> 0 | F28: 2 | H28: 8 | J28: =AVERAGE(E28,MAX(F28:G28),MAX(H28:I28)) -> 3.3333333 | K28: =IF(J28>=10,"TRANSITA","N/TRANSITA") -> N/TRANSITA | Q28: =AVERAGE(L28,MAX(M28:N28),MAX(O28:P28)) -> 0 | R28: =IF(Q28>=10,"TRANSITA","N/TRANSITA") -> N/TRANSITA | X28: =AVERAGE(S28,MAX(T28:U28),MAX(V28:W28)) -> 0 | Y28: =SUM(J28,Q28,X28)/3 -> 1.1111111 | Z28: =IF(Y28>=10,"TRANSITA","N/TRANSITA") -> N/TRANSITA
B29: 21 | C29: Filipe Binjunga Futi | E29: ='[1]11CL-FAR-PATOL'!E29 -> 0 | F29: 0 | H29: 8 | J29: =AVERAGE(E29,MAX(F29:G29),MAX(H29:I29)) -> 2.6666667 | K29: =IF(J29>=10,"TRANSITA","N/TRANSITA") -> N/TRANSITA | L29: 8 | M29: 5 | O29: 4 | Q29: =AVERAGE(L29,MAX(M29:N29),MAX(O29:P29)) -> 5.6666667 | R29: =IF(Q29>=10,"TRANSITA","N/TRANSITA") -> N/TRANSITA | X29: =AVERAGE(S29,MAX(T29:U29),MAX(V29:W29)) -> 0 | Y29: =SUM(J29,Q29,X29)/3 -> 2.7777778 | Z29: =IF(Y29>=10,"TRANSITA","N/TRANSITA") -> N/TRANSITA
B30: 22 | C30: Graça Tucola Mavungo | E30: ='[1]11CL-FAR-PATOL'!E30 -> 0 | F30: 0 | H30: 5 | J30: =AVERAGE(E30,MAX(F30:G30),MAX(H30:I30)) -> 1.6666667 | K30: =IF(J30>=10,"TRANSITA","N/TRANSITA") -> N/TRANSITA | L30: 13 | M30: 13 | O30: 4.5 | Q30: =AVERAGE(L30,MAX(M30:N30),MAX(O30:P30)) -> 10.166667 | R30: =IF(Q30>=10,"TRANSITA","N/TRANSITA") -> TRANSITA | X30: =AVERAGE(S30,MAX(T30:U30),MAX(V30:W30)) -> 0 | Y30: =SUM(J30,Q30,X30)/3 -> 3.9444444 | Z30: =IF(Y30>=10,"TRANSITA","N/TRANSITA") -> N/TRANSITA
B31: 23 | C31: Helena Ernestina Pemba Cole | J31: =AVERAGE(E31,MAX(F31:G31),MAX(H31:I31)) -> 0 | K31: =IF(J31>=10,"TRANSITA","N/TRANSITA") -> N/TRANSITA | L31: 6 | M31: 3 | O31: 1 | Q31: =AVERAGE(L31,MAX(M31:N31),MAX(O31:P31)) -> 3.3333333 | R31: =IF(Q31>=10,"TRANSITA","N/TRANSITA") -> N/TRANSITA | X31: =AVERAGE(S31,MAX(T31:U31),MAX(V31:W31)) -> 0 | Y31: =SUM(J31,Q31,X31)/3 -> 1.1111111 | Z31: =IF(Y31>=10,"TRANSITA","N/TRANSITA") -> N/TRANSITA
B32: 24 | C32: Imaculada Da Conceiãção Cungi Zau | E32: ='[1]11CL-FAR-PATOL'!E31 -> 20 | F32: 4 | H32: 8 | J32: =AVERAGE(E32,MAX(F32:G32),MAX(H32:I32)) -> 10.666667 | K32: =IF(J32>=10,"TRANSITA","N/TRANSITA") -> TRANSITA | L32: 12 | M32: 3 | O32: 5 | Q32: =AVERAGE(L32,MAX(M32:N32),MAX(O32:P32)) -> 6.6666667 | R32: =IF(Q32>=10,"TRANSITA","N/TRANSITA") -> N/TRANSITA | X32: =AVERAGE(S32,MAX(T32:U32),MAX(V32:W32)) -> 0 | Y32: =SUM(J32,Q32,X32)/3 -> 5.7777778 | Z32: =IF(Y32>=10,"TRANSITA","N/TRANSITA") -> N/TRANSITA
B33: 25 | C33: Isabel Buanga Lelo Mendes | E33: ='[1]11CL-FAR-PATOL'!E32 -> 20 | F33: 10 | H33: 5.5 | J33: =AVERAGE(E33,MAX(F33:G33),MAX(H33:I33)) -> 11.833333 | K33: =IF(J33>=10,"TRANSITA","N/TRANSITA") -> TRANSITA | L33: 13 | M33: 15 | O33: 3 | Q33: =AVERAGE(L33,MAX(M33:N33),MAX(O33:P33)) -> 10.333333 | R33: =IF(Q33>=10,"TRANSITA","N/TRANSITA") -> TRANSITA | X33: =AVERAGE(S33,MAX(T33:U33),MAX(V33:W33)) -> 0 | Y33: =SUM(J33,Q33,X33)/3 -> 7.3888889 | Z33: =IF(Y33>=10,"TRANSITA","N/TRANSITA") -> N/TRANSITA
B34: 26 | C34: Isabel Domingas Futi | E34: ='[1]11CL-FAR-PATOL'!E33 -> 20 | F34: 12 | H34: 10 | J34: =AVERAGE(E34,MAX(F34:G34),MAX(H34:I34)) -> 14 | K34: =IF(J34>=10,"TRANSITA","N/TRANSITA") -> TRANSITA | L34: 12 | M34: 14 | O34: 5 | Q34: =AVERAGE(L34,MAX(M34:N34),MAX(O34:P34)) -> 10.333333 | R34: =IF(Q34>=10,"TRANSITA","N/TRANSITA") -> TRANSITA | X34: =AVERAGE(S34,MAX(T34:U34),MAX(V34:W34)) -> 0 | Y34: =SUM(J34,Q34,X34)/3 -> 8.1111111 | Z34: =IF(Y34>=10,"TRANSITA","N/TRANSITA") -> N/TRANSITA
B35: 27 | C35: Joana Bizi Muanda Bungo | E35: ='[1]11CL-FAR-PATOL'!E34 -> 0 | F35: 0 | H35: 6.5 | J35: =AVERAGE(E35,MAX(F35:G35),MAX(H35:I35)) -> 2.1666667 | K35: =IF(J35>=10,"TRANSITA","N/TRANSITA") -> N/TRANSITA | Q35: =AVERAGE(L35,MAX(M35:N35),MAX(O35:P35)) -> 0 | R35: =IF(Q35>=10,"TRANSITA","N/TRANSITA") -> N/TRANSITA | X35: =AVERAGE(S35,MAX(T35:U35),MAX(V35:W35)) -> 0 | Y35: =SUM(J35,Q35,X35)/3 -> 0.72222222 | Z35: =IF(Y35>=10,"TRANSITA","N/TRANSITA") -> N/TRANSITA
B36: 28 | C36: Jaquelina Malonda Muanda Mbumba | E36: ='[1]11CL-FAR-PATOL'!E35 -> 20 | F36: 1 | H36: 10 | J36: =AVERAGE(E36,MAX(F36:G36),MAX(H36:I36)) -> 10.333333 | K36: =IF(J36>=10,"TRANSITA","N/TRANSITA") -> TRANSITA | L36: 10 | M36: 8 | O36: 3 | Q36: =AVERAGE(L36,MAX(M36:N36),MAX(O36:P36)) -> 7 | R36: =IF(Q36>=10,"TRANSITA","N/TRANSITA") -> N/TRANSITA | X36: =AVERAGE(S36,MAX(T36:U36),MAX(V36:W36)) -> 0 | Y36: =SUM(J36,Q36,X36)/3 -> 5.7777778 | Z36: =IF(Y36>=10,"TRANSITA","N/TRANSITA") -> N/TRANSITA
B37: 29 | C37: José Mavungo Dungi | E37: ='[1]11CL-FAR-PATOL'!E36 -> 20 | F37: 3.5 | H37: 6 | J37: =AVERAGE(E37,MAX(F37:G37),MAX(H37:I37)) -> 9.8333333 | K37: =IF(J37>=10,"TRANSITA","N/TRANSITA") -> N/TRANSITA | L37: 8 | M37: 9 | O37: 2.5 | Q37: =AVERAGE(L37,MAX(M37:N37),MAX(O37:P37)) -> 6.5 | R37: =IF(Q37>=10,"TRANSITA","N/TRANSITA") -> N/TRANSITA | X37: =AVERAGE(S37,MAX(T37:U37),MAX(V37:W37)) -> 0 | Y37: =SUM(J37,Q37,X37)/3 -> 5.4444444 | Z37: =IF(Y37>=10,"TRANSITA","N/TRANSITA") -> N/TRANSITA
B38: 30 | C38: Jose Nhimi Cesse | E38: ='[1]11CL-FAR-PATOL'!E37 -> 20 | F38: 0 | H38: 11 | J38: =AVERAGE(E38,MAX(F38:G38),MAX(H38:I38)) -> 10.333333 | K38: =IF(J38>=10,"TRANSITA","N/TRANSITA") -> TRANSITA | L38: 7 | M38: 3 | O38: 3 | Q38: =AVERAGE(L38,MAX(M38:N38),MAX(O38:P38)) -> 4.3333333 | R38: =IF(Q38>=10,"TRANSITA","N/TRANSITA") -> N/TRANSITA | X38: =AVERAGE(S38,MAX(T38:U38),MAX(V38:W38)) -> 0 | Y38: =SUM(J38,Q38,X38)/3 -> 4.8888889 | Z38: =IF(Y38>=10,"TRANSITA","N/TRANSITA") -> N/TRANSITA
B39: 31 | C39: Josefina Milonge Poba Ndoqui | J39: =AVERAGE(E39,MAX(F39:G39),MAX(H39:I39)) -> 0 | K39: =IF(J39>=10,"TRANSITA","N/TRANSITA") -> N/TRANSITA | L39: 6 | M39: 9 | O39: 2.5 | Q39: =AVERAGE(L39,MAX(M39:N39),MAX(O39:P39)) -> 5.8333333 | R39: =IF(Q39>=10,"TRANSITA","N/TRANSITA") -> N/TRANSITA | X39: =AVERAGE(S39,MAX(T39:U39),MAX(V39:W39)) -> 0 | Y39: =SUM(J39,Q39,X39)/3 -> 1.9444444 | Z39: =IF(Y39>=10,"TRANSITA","N/TRANSITA") -> N/TRANSITA
B40: 32 | C40: Lídia Pemba Muel | J40: =AVERAGE(E40,MAX(F40:G40),MAX(H40:I40)) -> 0 | K40: =IF(J40>=10,"TRANSITA","N/TRANSITA") -> N/TRANSITA | L40: 13 | M40: 13 | O40: 2.5 | Q40: =AVERAGE(L40,MAX(M40:N40),MAX(O40:P40)) -> 9.5 | R40: =IF(Q40>=10,"TRANSITA","N/TRANSITA") -> N/TRANSITA | X40: =AVERAGE(S40,MAX(T40:U40),MAX(V40:W40)) -> 0 | Y40: =SUM(J40,Q40,X40)/3 -> 3.1666667 | Z40: =IF(Y40>=10,"TRANSITA","N/TRANSITA") -> N/TRANSITA
B41: 33 | C41: Lino Futi Dinis | E41: ='[1]11CL-FAR-PATOL'!E38 -> 0 | F41: 0 | H41: 7.5 | J41: =AVERAGE(E41,MAX(F41:G41),MAX(H41:I41)) -> 2.5 | K41: =IF(J41>=10,"TRANSITA","N/TRANSITA") -> N/TRANSITA | L41: 8 | M41: 3 | O41: 1 | Q41: =AVERAGE(L41,MAX(M41:N41),MAX(O41:P41)) -> 4 | R41: =IF(Q41>=10,"TRANSITA","N/TRANSITA") -> N/TRANSITA | X41: =AVERAGE(S41,MAX(T41:U41),MAX(V41:W41)) -> 0 | Y41: =SUM(J41,Q41,X41)/3 -> 2.1666667 | Z41: =IF(Y41>=10,"TRANSITA","N/TRANSITA") -> N/TRANSITA
B42: 34 | C42: Lúcia Figueira Banza | E42: ='[1]11CL-FAR-PATOL'!E39 -> 20 | F42: 4 | H42: 6 | J42: =AVERAGE(E42,MAX(F42:G42),MAX(H42:I42)) -> 10 | K42: =IF(J42>=10,"TRANSITA","N/TRANSITA") -> TRANSITA | L42: 9 | M42: 3 | O42: 2.5 | Q42: =AVERAGE(L42,MAX(M42:N42),MAX(O42:P42)) -> 4.8333333 | R42: =IF(Q42>=10,"TRANSITA","N/TRANSITA") -> N/TRANSITA | X42: =AVERAGE(S42,MAX(T42:U42),MAX(V42:W42)) -> 0 | Y42: =SUM(J42,Q42,X42)/3 -> 4.9444444 | Z42: =IF(Y42>=10,"TRANSITA","N/TRANSITA") -> N/TRANSITA
B43: 35 | C43: Madalena Conde Tanzi | E43: ='[1]11CL-FAR-PATOL'!E40 -> 20 | F43: 1.5 | H43: 7.5 | J43: =AVERAGE(E43,MAX(F43:G43),MAX(H43:I43)) -> 9.6666667 | K43: =IF(J43>=10,"TRANSITA","N/TRANSITA") -> N/TRANSITA | L43: 12 | M43: 15 | O43: 3 | Q43: =AVERAGE(L43,MAX(M43:N43),MAX(O43:P43)) -> 10 | R43: =IF(Q43>=10,"TRANSITA","N/TRANSITA") -> TRANSITA | X43: =AVERAGE(S43,MAX(T43:U43),MAX(V43:W43)) -> 0 | Y43: =SUM(J43,Q43,X43)/3 -> 6.5555556 | Z43: =IF(Y43>=10,"TRANSITA","N/TRANSITA") -> N/TRANSITA
B44: 36 | C44: Maria Alexandrina Zau Futi | E44: ='[1]11CL-FAR-PATOL'!E41 -> 20 | F44: 2 | H44: 6 | J44: =AVERAGE(E44,MAX(F44:G44),MAX(H44:I44)) -> 9.3333333 | K44: =IF(J44>=10,"TRANSITA","N/TRANSITA") -> N/TRANSITA | L44: 9 | M44: 5 | O44: 1 | Q44: =AVERAGE(L44,MAX(M44:N44),MAX(O44:P44)) -> 5 | R44: =IF(Q44>=10,"TRANSITA","N/TRANSITA") -> N/TRANSITA | X44: =AVERAGE(S44,MAX(T44:U44),MAX(V44:W44)) -> 0 | Y44: =SUM(J44,Q44,X44)/3 -> 4.7777778 | Z44: =IF(Y44>=10,"TRANSITA","N/TRANSITA") -> N/TRANSITA
B45: 37 | C45: Maria Celestina Sambo Celestino | E45: ='[1]11CL-FAR-PATOL'!E42 -> 20 | F45: 2 | H45: 8 | J45: =AVERAGE(E45,MAX(F45:G45),MAX(H45:I45)) -> 10 | K45: =IF(J45>=10,"TRANSITA","N/TRANSITA") -> TRANSITA | L45: 8 | M45: 4 | O45: 2 | Q45: =AVERAGE(L45,MAX(M45:N45),MAX(O45:P45)) -> 4.6666667 | R45: =IF(Q45>=10,"TRANSITA","N/TRANSITA") -> N/TRANSITA | X45: =AVERAGE(S45,MAX(T45:U45),MAX(V45:W45)) -> 0 | Y45: =SUM(J45,Q45,X45)/3 -> 4.8888889 | Z45: =IF(Y45>=10,"TRANSITA","N/TRANSITA") -> N/TRANSITA
B46: 38 | C46: Maria de Fátima Zau | J46: =AVERAGE(E46,MAX(F46:G46),MAX(H46:I46)) -> 0 | K46: =IF(J46>=10,"TRANSITA","N/TRANSITA") -> N/TRANSITA | L46: 7 | M46: 3 | O46: 2.5 | Q46: =AVERAGE(L46,MAX(M46:N46),MAX(O46:P46)) -> 4.1666667 | R46: =IF(Q46>=10,"TRANSITA","N/TRANSITA") -> N/TRANSITA | X46: =AVERAGE(S46,MAX(T46:U46),MAX(V46:W46)) -> 0 | Y46: =SUM(J46,Q46,X46)/3 -> 1.3888889 | Z46: =IF(Y46>=10,"TRANSITA","N/TRANSITA") -> N/TRANSITA
B47: 39 | C47: Maria Macaia | E47: ='[1]11CL-FAR-PATOL'!E43 -> 10 | F47: 5 | H47: 7.5 | J47: =AVERAGE(E47,MAX(F47:G47),MAX(H47:I47)) -> 7.5 | K47: =IF(J47>=10,"TRANSITA","N/TRANSITA") -> N/TRANSITA | L47: 11 | M47: 11 | O47: 5 | Q47: =AVERAGE(L47,MAX(M47:N47),MAX(O47:P47)) -> 9 | R47: =IF(Q47>=10,"TRANSITA","N/TRANSITA") -> N/TRANSITA | X47: =AVERAGE(S47,MAX(T47:U47),MAX(V47:W47)) -> 0 | Y47: =SUM(J47,Q47,X47)/3 -> 5.5 | Z47: =IF(Y47>=10,"TRANSITA","N/TRANSITA") -> N/TRANSITA
B48: 40 | C48: Maria Madalena Mombo | E48: ='[1]11CL-FAR-PATOL'!E44 -> 20 | F48: 2 | H48: 8 | J48: =AVERAGE(E48,MAX(F48:G48),MAX(H48:I48)) -> 10 | K48: =IF(J48>=10,"TRANSITA","N/TRANSITA") -> TRANSITA | L48: 15 | M48: 16 | O48: 2.5 | Q48: =AVERAGE(L48,MAX(M48:N48),MAX(O48:P48)) -> 11.166667 | R48: =IF(Q48>=10,"TRANSITA","N/TRANSITA") -> TRANSITA | X48: =AVERAGE(S48,MAX(T48:U48),MAX(V48:W48)) -> 0 | Y48: =SUM(J48,Q48,X48)/3 -> 7.0555556 | Z48: =IF(Y48>=10,"TRANSITA","N/TRANSITA") -> N/TRANSITA
B49: 41 | C49: Maria Suami Bungo | E49: 0 | J49: =AVERAGE(E49,MAX(F49:G49),MAX(H49:I49)) -> 0 | K49: =IF(J49>=10,"TRANSITA","N/TRANSITA") -> N/TRANSITA | Q49: =AVERAGE(L49,MAX(M49:N49),MAX(O49:P49)) -> 0 | R49: =IF(Q49>=10,"TRANSITA","N/TRANSITA") -> N/TRANSITA | X49: =AVERAGE(S49,MAX(T49:U49),MAX(V49:W49)) -> 0 | Y49: =SUM(J49,Q49,X49)/3 -> 0 | Z49: =IF(Y49>=10,"TRANSITA","N/TRANSITA") -> N/TRANSITA
B50: 42 | C50: Mateus Ndombe Muanda | E50: ='[1]11CL-FAR-PATOL'!E46 -> 20 | F50: 2.5 | H50: 3.5 | J50: =AVERAGE(E50,MAX(F50:G50),MAX(H50:I50)) -> 8.6666667 | K50: =IF(J50>=10,"TRANSITA","N/TRANSITA") -> N/TRANSITA | L50: 8 | M50: 0 | O50: 1 | Q50: =AVERAGE(L50,MAX(M50:N50),MAX(O50:P50)) -> 3 | R50: =IF(Q50>=10,"TRANSITA","N/TRANSITA") -> N/TRANSITA | X50: =AVERAGE(S50,MAX(T50:U50),MAX(V50:W50)) -> 0 | Y50: =SUM(J50,Q50,X50)/3 -> 3.8888889 | Z50: =IF(Y50>=10,"TRANSITA","N/TRANSITA") -> N/TRANSITA
B51: 43 | C51: Miguel Luimba Soca | E51: ='[1]11CL-FAR-PATOL'!E47 -> 20 | F51: 0 | H51: 9 | J51: =AVERAGE(E51,MAX(F51:G51),MAX(H51:I51)) -> 9.6666667 | K51: =IF(J51>=10,"TRANSITA","N/TRANSITA") -> N/TRANSITA | L51: 10 | M51: 3 | O51: 2 | Q51: =AVERAGE(L51,MAX(M51:N51),MAX(O51:P51)) -> 5 | R51: =IF(Q51>=10,"TRANSITA","N/TRANSITA") -> N/TRANSITA | X51: =AVERAGE(S51,MAX(T51:U51),MAX(V51:W51)) -> 0 | Y51: =SUM(J51,Q51,X51)/3 -> 4.8888889 | Z51: =IF(Y51>=10,"TRANSITA","N/TRANSITA") -> N/TRANSITA
B52: 44 | C52: Mónica Malonda Das Neves Zau | E52: ='[1]11CL-FAR-PATOL'!E48 -> 20 | F52: 0 | H52: 2 | J52: =AVERAGE(E52,MAX(F52:G52),MAX(H52:I52)) -> 7.3333333 | K52: =IF(J52>=10,"TRANSITA","N/TRANSITA") -> N/TRANSITA | Q52: =AVERAGE(L52,MAX(M52:N52),MAX(O52:P52)) -> 0 | R52: =IF(Q52>=10,"TRANSITA","N/TRANSITA") -> N/TRANSITA | X52: =AVERAGE(S52,MAX(T52:U52),MAX(V52:W52)) -> 0 | Y52: =SUM(J52,Q52,X52)/3 -> 2.4444444 | Z52: =IF(Y52>=10,"TRANSITA","N/TRANSITA") -> N/TRANSITA
B53: 45 | C53: Ortáncia Luemba Pitra | E53: 0 | J53: =AVERAGE(E53,MAX(F53:G53),MAX(H53:I53)) -> 0 | K53: =IF(J53>=10,"TRANSITA","N/TRANSITA") -> N/TRANSITA | Q53: =AVERAGE(L53,MAX(M53:N53),MAX(O53:P53)) -> 0 | R53: =IF(Q53>=10,"TRANSITA","N/TRANSITA") -> N/TRANSITA | X53: =AVERAGE(S53,MAX(T53:U53),MAX(V53:W53)) -> 0 | Y53: =SUM(J53,Q53,X53)/3 -> 0 | Z53: =IF(Y53>=10,"TRANSITA","N/TRANSITA") -> N/TRANSITA
B54: 46 | C54: Paulina Malonda Simba Panzo | J54: =AVERAGE(E54,MAX(F54:G54),MAX(H54:I54)) -> 0 | K54: =IF(J54>=10,"TRANSITA","N/TRANSITA") -> N/TRANSITA | L54: 10 | M54: 3 | O54: 3 | Q54: =AVERAGE(L54,MAX(M54:N54),MAX(O54:P54)) -> 5.3333333 | R54: =IF(Q54>=10,"TRANSITA","N/TRANSITA") -> N/TRANSITA | X54: =AVERAGE(S54,MAX(T54:U54),MAX(V54:W54)) -> 0 | Y54: =SUM(J54,Q54,X54)/3 -> 1.7777778 | Z54: =IF(Y54>=10,"TRANSITA","N/TRANSITA") -> N/TRANSITA
B55: 47 | C55: Paulo De Jesus Camango André | E55: ='[1]11CL-FAR-PATOL'!E50 -> 0 | F55: 3 | H55: 8 | J55: =AVERAGE(E55,MAX(F55:G55),MAX(H55:I55)) -> 3.6666667 | K55: =IF(J55>=10,"TRANSITA","N/TRANSITA") -> N/TRANSITA | L55: 10 | M55: 3 | O55: 1 | Q55: =AVERAGE(L55,MAX(M55:N55),MAX(O55:P55)) -> 4.6666667 | R55: =IF(Q55>=10,"TRANSITA","N/TRANSITA") -> N/TRANSITA | X55: =AVERAGE(S55,MAX(T55:U55),MAX(V55:W55)) -> 0 | Y55: =SUM(J55,Q55,X55)/3 -> 2.7777778 | Z55: =IF(Y55>=10,"TRANSITA","N/TRANSITA") -> N/TRANSITA
B56: 48 | C56: Perpétua Teresa Vuili Kilombo | E56: ='[1]11CL-FAR-PATOL'!E51 -> 0 | F56: 3 | H56: 6 | J56: =AVERAGE(E56,MAX(F56:G56),MAX(H56:I56)) -> 3 | K56: =IF(J56>=10,"TRANSITA","N/TRANSITA") -> N/TRANSITA | L56: 11 | M56: 11 | O56: 0 | Q56: =AVERAGE(L56,MAX(M56:N56),MAX(O56:P56)) -> 7.3333333 | R56: =IF(Q56>=10,"TRANSITA","N/TRANSITA") -> N/TRANSITA | X56: =AVERAGE(S56,MAX(T56:U56),MAX(V56:W56)) -> 0 | Y56: =SUM(J56,Q56,X56)/3 -> 3.4444444 | Z56: =IF(Y56>=10,"TRANSITA","N/TRANSITA") -> N/TRANSITA
B57: 49 | C57: Rosangela Andreia Pedro Brás Tati | E57: ='[1]11CL-FAR-PATOL'!E52 -> 20 | F57: 2.5 | H57: 10 | J57: =AVERAGE(E57,MAX(F57:G57),MAX(H57:I57)) -> 10.833333 | K57: =IF(J57>=10,"TRANSITA","N/TRANSITA") -> TRANSITA | L57: 20 | M57: 12 | O57: 3.5 | Q57: =AVERAGE(L57,MAX(M57:N57),MAX(O57:P57)) -> 11.833333 | R57: =IF(Q57>=10,"TRANSITA","N/TRANSITA") -> TRANSITA | X57: =AVERAGE(S57,MAX(T57:U57),MAX(V57:W57)) -> 0 | Y57: =SUM(J57,Q57,X57)/3 -> 7.5555556 | Z57: =IF(Y57>=10,"TRANSITA","N/TRANSITA") -> N/TRANSITA
B58: 50 | C58: Simélia Milando Pungui | E58: 0 | J58: =AVERAGE(E58,MAX(F58:G58),MAX(H58:I58)) -> 0 | K58: =IF(J58>=10,"TRANSITA","N/TRANSITA") -> N/TRANSITA | Q58: =AVERAGE(L58,MAX(M58:N58),MAX(O58:P58)) -> 0 | R58: =IF(Q58>=10,"TRANSITA","N/TRANSITA") -> N/TRANSITA | X58: =AVERAGE(S58,MAX(T58:U58),MAX(V58:W58)) -> 0 | Y58: =SUM(J58,Q58,X58)/3 -> 0 | Z58: =IF(Y58>=10,"TRANSITA","N/TRANSITA") -> N/TRANSITA
B59: 51 | C59: Teresa Ndonda Costa | E59: ='[1]11CL-FAR-PATOL'!E54 -> 0 | F59: 3 | H59: 9 | J59: =AVERAGE(E59,MAX(F59:G59),MAX(H59:I59)) -> 4 | K59: =IF(J59>=10,"TRANSITA","N/TRANSITA") -> N/TRANSITA | L59: 10 | M59: 7 | O59: 3 | Q59: =AVERAGE(L59,MAX(M59:N59),MAX(O59:P59)) -> 6.6666667 | R59: =IF(Q59>=10,"TRANSITA","N/TRANSITA") -> N/TRANSITA | X59: =AVERAGE(S59,MAX(T59:U59),MAX(V59:W59)) -> 0 | Y59: =SUM(J59,Q59,X59)/3 -> 3.5555556 | Z59: =IF(Y59>=10,"TRANSITA","N/TRANSITA") -> N/TRANSITA
B60: 52 | C60: Teresa Tchiânica Londa Futi | E60: ='[1]11CL-FAR-PATOL'!E55 -> 20 | F60: 2 | H60: 12 | J60: =AVERAGE(E60,MAX(F60:G60),MAX(H60:I60)) -> 11.333333 | K60: =IF(J60>=10,"TRANSITA","N/TRANSITA") -> TRANSITA | L60: 11 | M60: 3 | O60: 1 | Q60: =AVERAGE(L60,MAX(M60:N60),MAX(O60:P60)) -> 5 | R60: =IF(Q60>=10,"TRANSITA","N/TRANSITA") -> N/TRANSITA | X60: =AVERAGE(S60,MAX(T60:U60),MAX(V60:W60)) -> 0 | Y60: =SUM(J60,Q60,X60)/3 -> 5.4444444 | Z60: =IF(Y60>=10,"TRANSITA","N/TRANSITA") -> N/TRANSITA
B61: 53 | C61: Tiago Nguala Puna Vela | E61: ='[1]11CL-FAR-PATOL'!E56 -> 20 | F61: 2.5 | H61: 3.5 | J61: =AVERAGE(E61,MAX(F61:G61),MAX(H61:I61)) -> 8.6666667 | K61: =IF(J61>=10,"TRANSITA","N/TRANSITA") -> N/TRANSITA | L61: 10 | M61: 12 | O61: 4 | Q61: =AVERAGE(L61,MAX(M61:N61),MAX(O61:P61)) -> 8.6666667 | R61: =IF(Q61>=10,"TRANSITA","N/TRANSITA") -> N/TRANSITA | X61: =AVERAGE(S61,MAX(T61:U61),MAX(V61:W61)) -> 0 | Y61: =SUM(J61,Q61,X61)/3 -> 5.7777778 | Z61: =IF(Y61>=10,"TRANSITA","N/TRANSITA") -> N/TRANSITA
B62: 54 | C62: Virgínia Béua Bachi | E62: ='[1]11CL-FAR-PATOL'!E57 -> 20 | F62: 0 | H62: 7.5 | J62: =AVERAGE(E62,MAX(F62:G62),MAX(H62:I62)) -> 9.1666667 | K62: =IF(J62>=10,"TRANSITA","N/TRANSITA") -> N/TRANSITA | L62: 10 | M62: 7 | O62: 3.5 | Q62: =AVERAGE(L62,MAX(M62:N62),MAX(O62:P62)) -> 6.8333333 | R62: =IF(Q62>=10,"TRANSITA","N/TRANSITA") -> N/TRANSITA | X62: =AVERAGE(S62,MAX(T62:U62),MAX(V62:W62)) -> 0 | Y62: =SUM(J62,Q62,X62)/3 -> 5.3333333 | Z62: =IF(Y62>=10,"TRANSITA","N/TRANSITA") -> N/TRANSITA
B63: 55 | C63: Zacarias Bungo Nguimbi | E63: ='[1]11CL-FAR-PATOL'!E58 -> 20 | F63: 2 | H63: 2.5 | J63: =AVERAGE(E63,MAX(F63:G63),MAX(H63:I63)) -> 8.1666667 | K63: =IF(J63>=10,"TRANSITA","N/TRANSITA") -> N/TRANSITA | L63: 17 | M63: 15 | O63: 1 | Q63: =AVERAGE(L63,MAX(M63:N63),MAX(O63:P63)) -> 11 | R63: =IF(Q63>=10,"TRANSITA","N/TRANSITA") -> TRANSITA | X63: =AVERAGE(S63,MAX(T63:U63),MAX(V63:W63)) -> 0 | Y63: =SUM(J63,Q63,X63)/3 -> 6.3888889 | Z63: =IF(Y63>=10,"TRANSITA","N/TRANSITA") -> N/TRANSITA
A66: O (A) Professor (a) | S66: O Subdirector Pedagógico
A67: _______________________________ | S67: ___________________________
S68: ALBERTO SASSA TATI

Sheet 11CL-FAR-FARMACOL
A1: INSTITUTO TÉCNICP PRIVADO DE SAÚDE JOMORAIS
I3: DATA: 12/12/2025
B4: Classe: 11ª | E4: Disciplina: Farmacologia | V4: Ano Lectivo:2025/2026
B5: Período: Vespertino | E5: Turma: Única | X5: Curso: FARMÁCIA
B6: MINI-PAUTA - TÉCNICO DE SAÚDE
B7: Nº | C7: Nome do (a) Aluno (a) | D7: FALTAS | E7: Avaliações/I Trimestre | K7: OBS | L7: Avaliações/II Trimestre | R7: OBS | S7: Avaliações/IIITrimestre | Y7: MFD | Z7: OBS | AA7: M | AB7: F | AC7: TRANSITA | AD7: N/TRANSITA | AE7: E.E.F
D8: J/I | E8: MAC | F8: NPP | G8: NPR1 | H8: NPT | I8: NPR2 | J8: MT1 | L8: MAC | M8: NPP | N8: NPR1 | O8: NPT | P8: NPR2 | Q8: MT2 | S8: MAC | T8: NPP | U8: NPR1 | V8: NPT | W8: NPR2 | X8: MT3 | AA8: =COUNTIF(Z9:Z69,"M") -> 0 | AB8: =COUNTIF(Z9:Z69,"F") -> 0 | AC8: =COUNTIF(Z9:Z69,"TRANSITA") -> 0 | AD8: =COUNTIF(Z9:Z69,"N/TRANSITA") -> 55 | AE8: =COUNTIF(Z9:Z69,"E.E.F") -> 0
B9: 1 | C9: Alice Cungi Alfredo | E9: 14 | F9: 12 | J9: =AVERAGE(E9,MAX(F9:G9),MAX(H9:I9)) -> 8.6666667 | K9: =IF(J9>=10,"TRANSITA","N/TRANSITA") -> N/TRANSITA | L9: 10 | M9: 6.5 | O9: 8 | Q9: =AVERAGE(L9,MAX(M9:N9),MAX(O9:P9)) -> 8.1666667 | R9: =IF(Q9>=10,"TRANSITA","N/TRANSITA") -> N/TRANSITA | X9: =AVERAGE(S9,MAX(T9:U9),MAX(V9:W9)) -> 0 | Y9: =SUM(J9,Q9,X9)/3 -> 5.6111111 | Z9: =IF(Y9>=10,"TRANSITA","N/TRANSITA") -> N/TRANSITA
B10: 2 | C10: Amélia Mauricio Macaia | E10: 14 | F10: 8 | H10: 10 | J10: =AVERAGE(E10,MAX(F10:G10),MAX(H10:I10)) -> 10.666667 | K10: =IF(J10>=10,"TRANSITA","N/TRANSITA") -> TRANSITA | L10: 10 | M10: 4.5 | O10: 8 | Q10: =AVERAGE(L10,MAX(M10:N10),MAX(O10:P10)) -> 7.5 | R10: =IF(Q10>=10,"TRANSITA","N/TRANSITA") -> N/TRANSITA | X10: =AVERAGE(S10,MAX(T10:U10),MAX(V10:W10)) -> 0 | Y10: =SUM(J10,Q10,X10)/3 -> 6.0555556 | Z10: =IF(Y10>=10,"TRANSITA","N/TRANSITA") -> N/TRANSITA | AA10: =SUM(AA8:AB9) -> 0
B11: 3 | C11: Angelina Umba Esperança Luyeye | E11: 14 | F11: 17 | H11: 11 | J11: =AVERAGE(E11,MAX(F11:G11),MAX(H11:I11)) -> 14 | K11: =IF(J11>=10,"TRANSITA","N/TRANSITA") -> TRANSITA | L11: 11 | M11: 9 | O11: 10 | Q11: =AVERAGE(L11,MAX(M11:N11),MAX(O11:P11)) -> 10 | R11: =IF(Q11>=10,"TRANSITA","N/TRANSITA") -> TRANSITA | X11: =AVERAGE(S11,MAX(T11:U11),MAX(V11:W11)) -> 0 | Y11: =SUM(J11,Q11,X11)/3 -> 8 | Z11: =IF(Y11>=10,"TRANSITA","N/TRANSITA") -> N/TRANSITA
B12: 4 | C12: Armindo Maciala Mendes | E12: 14 | F12: 16 | H12: 12 | J12: =AVERAGE(E12,MAX(F12:G12),MAX(H12:I12)) -> 14 | K12: =IF(J12>=10,"TRANSITA","N/TRANSITA") -> TRANSITA | L12: 13 | M12: 15.5 | O12: 10 | Q12: =AVERAGE(L12,MAX(M12:N12),MAX(O12:P12)) -> 12.833333 | R12: =IF(Q12>=10,"TRANSITA","N/TRANSITA") -> TRANSITA | X12: =AVERAGE(S12,MAX(T12:U12),MAX(V12:W12)) -> 0 | Y12: =SUM(J12,Q12,X12)/3 -> 8.9444444 | Z12: =IF(Y12>=10,"TRANSITA","N/TRANSITA") -> N/TRANSITA
B13: 5 | C13: Beatriz Lelo Nombo | E13: 14 | F13: 16 | H13: 16 | J13: =AVERAGE(E13,MAX(F13:G13),MAX(H13:I13)) -> 15.333333 | K13: =IF(J13>=10,"TRANSITA","N/TRANSITA") -> TRANSITA | L13: 12 | M13: 13.5 | O13: 11 | Q13: =AVERAGE(L13,MAX(M13:N13),MAX(O13:P13)) -> 12.166667 | R13: =IF(Q13>=10,"TRANSITA","N/TRANSITA") -> TRANSITA | X13: =AVERAGE(S13,MAX(T13:U13),MAX(V13:W13)) -> 0 | Y13: =SUM(J13,Q13,X13)/3 -> 9.1666667 | Z13: =IF(Y13>=10,"TRANSITA","N/TRANSITA") -> N/TRANSITA
B14: 6 | C14: Carolina Zuzi Nhimi | E14: 14 | F14: 14 | H14: 10 | J14: =AVERAGE(E14,MAX(F14:G14),MAX(H14:I14)) -> 12.666667 | K14: =IF(J14>=10,"TRANSITA","N/TRANSITA") -> TRANSITA | L14: 11 | M14: 8.5 | O14: 11 | Q14: =AVERAGE(L14,MAX(M14:N14),MAX(O14:P14)) -> 10.166667 | R14: =IF(Q14>=10,"TRANSITA","N/TRANSITA") -> TRANSITA | X14: =AVERAGE(S14,MAX(T14:U14),MAX(V14:W14)) -> 0 | Y14: =SUM(J14,Q14,X14)/3 -> 7.6111111 | Z14: =IF(Y14>=10,"TRANSITA","N/TRANSITA") -> N/TRANSITA
B15: 7 | C15: Catarina Simba Buela | E15: 14 | F15: 10 | H15: 9 | J15: =AVERAGE(E15,MAX(F15:G15),MAX(H15:I15)) -> 11 | K15: =IF(J15>=10,"TRANSITA","N/TRANSITA") -> TRANSITA | L15: 10 | M15: 11.5 | O15: 7 | Q15: =AVERAGE(L15,MAX(M15:N15),MAX(O15:P15)) -> 9.5 | R15: =IF(Q15>=10,"TRANSITA","N/TRANSITA") -> N/TRANSITA | X15: =AVERAGE(S15,MAX(T15:U15),MAX(V15:W15)) -> 0 | Y15: =SUM(J15,Q15,X15)/3 -> 6.8333333 | Z15: =IF(Y15>=10,"TRANSITA","N/TRANSITA") -> N/TRANSITA
B16: 8 | C16: Cecília Suami Lando Massiala | E16: 14 | F16: 4 | H16: 11 | J16: =AVERAGE(E16,MAX(F16:G16),MAX(H16:I16)) -> 9.6666667 | K16: =IF(J16>=10,"TRANSITA","N/TRANSITA") -> N/TRANSITA | L16: 10 | M16: 7 | O16: 6 | Q16: =AVERAGE(L16,MAX(M16:N16),MAX(O16:P16)) -> 7.6666667 | R16: =IF(Q16>=10,"TRANSITA","N/TRANSITA") -> N/TRANSITA | X16: =AVERAGE(S16,MAX(T16:U16),MAX(V16:W16)) -> 0 | Y16: =SUM(J16,Q16,X16)/3 -> 5.7777778 | Z16: =IF(Y16>=10,"TRANSITA","N/TRANSITA") -> N/TRANSITA
B17: 9 | C17: Clara Sungo Buati Chiânica | E17: 14 | F17: 10.5 | H17: 10 | J17: =AVERAGE(E17,MAX(F17:G17),MAX(H17:I17)) -> 11.5 | K17: =IF(J17>=10,"TRANSITA","N/TRANSITA") -> TRANSITA | L17: 10 | M17: 6.5 | O17: 6 | Q17: =AVERAGE(L17,MAX(M17:N17),MAX(O17:P17)) -> 7.5 | R17: =IF(Q17>=10,"TRANSITA","N/TRANSITA") -> N/TRANSITA | X17: =AVERAGE(S17,MAX(T17:U17),MAX(V17:W17)) -> 0 | Y17: =SUM(J17,Q17,X17)/3 -> 6.3333333 | Z17: =IF(Y17>=10,"TRANSITA","N/TRANSITA") -> N/TRANSITA
B18: 10 | C18: Clementina Paca V. Guimbi | E18: 14 | F18: 4 | H18: 11 | J18: =AVERAGE(E18,MAX(F18:G18),MAX(H18:I18)) -> 9.6666667 | K18: =IF(J18>=10,"TRANSITA","N/TRANSITA") -> N/TRANSITA | L18: 10 | M18: 6 | O18: 6 | R18: =IF(Q18>=10,"TRANSITA","N/TRANSITA") -> N/TRANSITA | X18: =AVERAGE(S18,MAX(T18:U18),MAX(V18:W18)) -> 0 | Y18: =SUM(J18,Q18,X18)/3 -> 3.2222222 | Z18: =IF(Y18>=10,"TRANSITA","N/TRANSITA") -> N/TRANSITA
B19: 11 | C19: Cleúsia Da Conceição Mboco Kilombo | E19: 14 | F19: 10.5 | H19: 9 | J19: =AVERAGE(E19,MAX(F19:G19),MAX(H19:I19)) -> 11.166667 | K19: =IF(J19>=10,"TRANSITA","N/TRANSITA") -> TRANSITA | L19: 10 | M19: 6.5 | O19: 11 | Q19: =AVERAGE(L19,MAX(M19:N19),MAX(O19:P19)) -> 9.1666667 | R19: =IF(Q19>=10,"TRANSITA","N/TRANSITA") -> N/TRANSITA | X19: =AVERAGE(S19,MAX(T19:U19),MAX(V19:W19)) -> 0 | Y19: =SUM(J19,Q19,X19)/3 -> 6.7777778 | Z19: =IF(Y19>=10,"TRANSITA","N/TRANSITA") -> N/TRANSITA
B20: 12 | C20: Damália Isaias Bumba | E20: 14 | F20: 14 | H20: 11 | J20: =AVERAGE(E20,MAX(F20:G20),MAX(H20:I20)) -> 13 | K20: =IF(J20>=10,"TRANSITA","N/TRANSITA") -> TRANSITA | L20: 10 | M20: 11 | O20: 7.5 | Q20: =AVERAGE(L20,MAX(M20:N20),MAX(O20:P20)) -> 9.5 | R20: =IF(Q20>=10,"TRANSITA","N/TRANSITA") -> N/TRANSITA | X20: =AVERAGE(S20,MAX(T20:U20),MAX(V20:W20)) -> 0 | Y20: =SUM(J20,Q20,X20)/3 -> 7.5 | Z20: =IF(Y20>=10,"TRANSITA","N/TRANSITA") -> N/TRANSITA
B21: 13 | C21: Divina Pemba Dembe | E21: 14 | F21: 16 | H21: 11 | J21: =AVERAGE(E21,MAX(F21:G21),MAX(H21:I21)) -> 13.666667 | K21: =IF(J21>=10,"TRANSITA","N/TRANSITA") -> TRANSITA | L21: 10 | M21: 8 | O21: 8.5 | Q21: =AVERAGE(L21,MAX(M21:N21),MAX(O21:P21)) -> 8.8333333 | R21: =IF(Q21>=10,"TRANSITA","N/TRANSITA") -> N/TRANSITA | X21: =AVERAGE(S21,MAX(T21:U21),MAX(V21:W21)) -> 0 | Y21: =SUM(J21,Q21,X21)/3 -> 7.5 | Z21: =IF(Y21>=10,"TRANSITA","N/TRANSITA") -> N/TRANSITA
